assignment_id,shift_id,staff_id,assignment_status,assigned_by
1,1,19,ASSIGNED,SYSTEM
2,1,46,ASSIGNED,SYSTEM
3,1,1,ASSIGNED,SYSTEM
4,1,64,ASSIGNED,SYSTEM
5,1,37,ASSIGNED,SYSTEM
6,1,82,ASSIGNED,SYSTEM
7,1,55,ASSIGNED,SYSTEM
8,1,10,ASSIGNED,SYSTEM
9,2,82,ASSIGNED,SYSTEM
10,2,19,ASSIGNED,SYSTEM
11,2,1,ASSIGNED,SYSTEM
12,2,73,ASSIGNED,SYSTEM
13,2,28,ASSIGNED,SYSTEM
14,2,55,ASSIGNED,SYSTEM
15,2,46,ASSIGNED,SYSTEM
16,2,37,ASSIGNED,SYSTEM
17,3,1,ASSIGNED,SYSTEM
18,3,55,ASSIGNED,SYSTEM
19,3,64,ASSIGNED,SYSTEM
20,3,73,ASSIGNED,SYSTEM
21,3,82,ASSIGNED,SYSTEM
22,3,10,ASSIGNED,SYSTEM
23,3,28,ASSIGNED,SYSTEM
24,3,46,ASSIGNED,SYSTEM
25,4,47,ASSIGNED,SYSTEM
26,4,74,ASSIGNED,SYSTEM
27,4,56,ASSIGNED,SYSTEM
28,4,38,ASSIGNED,SYSTEM
29,4,29,ASSIGNED,SYSTEM
30,4,20,ASSIGNED,SYSTEM
31,4,83,ASSIGNED,SYSTEM
32,4,65,ASSIGNED,SYSTEM
33,4,11,ASSIGNED,SYSTEM
34,5,65,ASSIGNED,SYSTEM
35,5,38,ASSIGNED,SYSTEM
36,5,56,ASSIGNED,SYSTEM
37,5,74,ASSIGNED,SYSTEM
38,5,2,ASSIGNED,SYSTEM
39,5,83,ASSIGNED,SYSTEM
40,5,29,ASSIGNED,SYSTEM
41,5,11,ASSIGNED,SYSTEM
42,5,20,ASSIGNED,SYSTEM
43,5,47,ASSIGNED,SYSTEM
44,6,47,ASSIGNED,SYSTEM
45,6,2,ASSIGNED,SYSTEM
46,6,20,ASSIGNED,SYSTEM
47,6,11,ASSIGNED,SYSTEM
48,6,56,ASSIGNED,SYSTEM
49,6,83,ASSIGNED,SYSTEM
50,6,29,ASSIGNED,SYSTEM
51,6,65,ASSIGNED,SYSTEM
52,6,74,ASSIGNED,SYSTEM
53,6,38,ASSIGNED,SYSTEM
54,7,48,ASSIGNED,SYSTEM
55,7,57,ASSIGNED,SYSTEM
56,7,39,ASSIGNED,SYSTEM
57,7,12,ASSIGNED,SYSTEM
58,7,84,ASSIGNED,SYSTEM
59,7,3,ASSIGNED,SYSTEM
60,8,21,ASSIGNED,SYSTEM
61,8,84,ASSIGNED,SYSTEM
62,8,39,ASSIGNED,SYSTEM
63,8,66,ASSIGNED,SYSTEM
64,8,3,ASSIGNED,SYSTEM
65,8,75,ASSIGNED,SYSTEM
66,9,84,ASSIGNED,SYSTEM
67,9,3,ASSIGNED,SYSTEM
68,9,39,ASSIGNED,SYSTEM
69,9,21,ASSIGNED,SYSTEM
70,9,66,ASSIGNED,SYSTEM
71,9,30,ASSIGNED,SYSTEM
72,10,76,ASSIGNED,SYSTEM
73,10,67,ASSIGNED,SYSTEM
74,10,49,ASSIGNED,SYSTEM
75,10,40,ASSIGNED,SYSTEM
76,10,4,ASSIGNED,SYSTEM
77,10,31,ASSIGNED,SYSTEM
78,11,76,ASSIGNED,SYSTEM
79,11,40,ASSIGNED,SYSTEM
80,11,58,ASSIGNED,SYSTEM
81,11,67,ASSIGNED,SYSTEM
82,11,31,ASSIGNED,SYSTEM
83,11,13,ASSIGNED,SYSTEM
84,12,4,ASSIGNED,SYSTEM
85,12,13,ASSIGNED,SYSTEM
86,12,67,ASSIGNED,SYSTEM
87,12,76,ASSIGNED,SYSTEM
88,12,58,ASSIGNED,SYSTEM
89,12,40,ASSIGNED,SYSTEM
90,13,41,ASSIGNED,SYSTEM
91,13,32,ASSIGNED,SYSTEM
92,13,50,ASSIGNED,SYSTEM
93,13,77,ASSIGNED,SYSTEM
94,13,23,ASSIGNED,SYSTEM
95,13,86,ASSIGNED,SYSTEM
96,13,68,ASSIGNED,SYSTEM
97,13,59,ASSIGNED,SYSTEM
98,14,41,ASSIGNED,SYSTEM
99,14,68,ASSIGNED,SYSTEM
100,14,32,ASSIGNED,SYSTEM
101,14,14,ASSIGNED,SYSTEM
102,14,59,ASSIGNED,SYSTEM
103,14,23,ASSIGNED,SYSTEM
104,14,86,ASSIGNED,SYSTEM
105,14,50,ASSIGNED,SYSTEM
106,15,86,ASSIGNED,SYSTEM
107,15,5,ASSIGNED,SYSTEM
108,15,23,ASSIGNED,SYSTEM
109,15,14,ASSIGNED,SYSTEM
110,15,41,ASSIGNED,SYSTEM
111,15,68,ASSIGNED,SYSTEM
112,15,32,ASSIGNED,SYSTEM
113,15,77,ASSIGNED,SYSTEM
114,16,60,ASSIGNED,SYSTEM
115,16,15,ASSIGNED,SYSTEM
116,16,6,ASSIGNED,SYSTEM
117,16,51,ASSIGNED,SYSTEM
118,16,78,ASSIGNED,SYSTEM
119,16,87,ASSIGNED,SYSTEM
120,16,42,ASSIGNED,SYSTEM
121,16,33,ASSIGNED,SYSTEM
122,17,42,ASSIGNED,SYSTEM
123,17,33,ASSIGNED,SYSTEM
124,17,78,ASSIGNED,SYSTEM
125,17,15,ASSIGNED,SYSTEM
126,17,60,ASSIGNED,SYSTEM
127,17,51,ASSIGNED,SYSTEM
128,17,69,ASSIGNED,SYSTEM
129,17,6,ASSIGNED,SYSTEM
130,18,6,ASSIGNED,SYSTEM
131,18,87,ASSIGNED,SYSTEM
132,18,78,ASSIGNED,SYSTEM
133,18,42,ASSIGNED,SYSTEM
134,18,33,ASSIGNED,SYSTEM
135,18,51,ASSIGNED,SYSTEM
136,18,69,ASSIGNED,SYSTEM
137,18,15,ASSIGNED,SYSTEM
138,19,7,ASSIGNED,SYSTEM
139,19,79,ASSIGNED,SYSTEM
140,19,16,ASSIGNED,SYSTEM
141,19,52,ASSIGNED,SYSTEM
142,19,61,ASSIGNED,SYSTEM
143,20,16,ASSIGNED,SYSTEM
144,20,52,ASSIGNED,SYSTEM
145,20,79,ASSIGNED,SYSTEM
146,20,88,ASSIGNED,SYSTEM
147,20,70,ASSIGNED,SYSTEM
148,21,52,ASSIGNED,SYSTEM
149,21,16,ASSIGNED,SYSTEM
150,21,34,ASSIGNED,SYSTEM
151,21,7,ASSIGNED,SYSTEM
152,21,25,ASSIGNED,SYSTEM
153,22,35,ASSIGNED,SYSTEM
154,22,62,ASSIGNED,SYSTEM
155,22,44,ASSIGNED,SYSTEM
156,22,26,ASSIGNED,SYSTEM
157,22,80,ASSIGNED,SYSTEM
158,23,89,ASSIGNED,SYSTEM
159,23,44,ASSIGNED,SYSTEM
160,23,62,ASSIGNED,SYSTEM
161,23,26,ASSIGNED,SYSTEM
162,23,8,ASSIGNED,SYSTEM
163,24,71,ASSIGNED,SYSTEM
164,24,17,ASSIGNED,SYSTEM
165,24,26,ASSIGNED,SYSTEM
166,24,89,ASSIGNED,SYSTEM
167,25,72,ASSIGNED,SYSTEM
168,25,81,ASSIGNED,SYSTEM
169,25,36,ASSIGNED,SYSTEM
170,25,90,ASSIGNED,SYSTEM
171,26,36,ASSIGNED,SYSTEM
172,26,63,ASSIGNED,SYSTEM
173,26,18,ASSIGNED,SYSTEM
174,26,54,ASSIGNED,SYSTEM
175,27,9,ASSIGNED,SYSTEM
176,27,36,ASSIGNED,SYSTEM
177,27,45,ASSIGNED,SYSTEM
178,27,72,ASSIGNED,SYSTEM
179,28,94,ASSIGNED,SYSTEM
180,28,97,ASSIGNED,SYSTEM
181,28,93,ASSIGNED,SYSTEM
182,28,92,ASSIGNED,SYSTEM
183,28,99,ASSIGNED,SYSTEM
184,29,95,ASSIGNED,SYSTEM
185,29,97,ASSIGNED,SYSTEM
186,29,91,ASSIGNED,SYSTEM
187,29,94,ASSIGNED,SYSTEM
188,29,92,ASSIGNED,SYSTEM
189,30,98,ASSIGNED,SYSTEM
190,30,91,ASSIGNED,SYSTEM
191,30,100,ASSIGNED,SYSTEM
192,30,97,ASSIGNED,SYSTEM
193,31,82,ASSIGNED,SYSTEM
194,31,10,ASSIGNED,SYSTEM
195,31,55,ASSIGNED,SYSTEM
196,31,1,ASSIGNED,SYSTEM
197,31,73,ASSIGNED,SYSTEM
198,31,46,ASSIGNED,SYSTEM
199,31,37,ASSIGNED,SYSTEM
200,32,37,ASSIGNED,SYSTEM
201,32,73,ASSIGNED,SYSTEM
202,32,82,ASSIGNED,SYSTEM
203,32,64,ASSIGNED,SYSTEM
204,32,46,ASSIGNED,SYSTEM
205,32,55,ASSIGNED,SYSTEM
206,32,28,ASSIGNED,SYSTEM
207,32,19,ASSIGNED,SYSTEM
208,33,73,ASSIGNED,SYSTEM
209,33,46,ASSIGNED,SYSTEM
210,33,1,ASSIGNED,SYSTEM
211,33,28,ASSIGNED,SYSTEM
212,33,37,ASSIGNED,SYSTEM
213,33,10,ASSIGNED,SYSTEM
214,33,19,ASSIGNED,SYSTEM
215,33,64,ASSIGNED,SYSTEM
216,34,29,ASSIGNED,SYSTEM
217,34,11,ASSIGNED,SYSTEM
218,34,20,ASSIGNED,SYSTEM
219,34,74,ASSIGNED,SYSTEM
220,34,2,ASSIGNED,SYSTEM
221,34,83,ASSIGNED,SYSTEM
222,34,38,ASSIGNED,SYSTEM
223,34,47,ASSIGNED,SYSTEM
224,34,56,ASSIGNED,SYSTEM
225,34,65,ASSIGNED,SYSTEM
226,35,74,ASSIGNED,SYSTEM
227,35,11,ASSIGNED,SYSTEM
228,35,29,ASSIGNED,SYSTEM
229,35,65,ASSIGNED,SYSTEM
230,35,2,ASSIGNED,SYSTEM
231,35,83,ASSIGNED,SYSTEM
232,35,20,ASSIGNED,SYSTEM
233,35,47,ASSIGNED,SYSTEM
234,35,38,ASSIGNED,SYSTEM
235,35,56,ASSIGNED,SYSTEM
236,36,56,ASSIGNED,SYSTEM
237,36,2,ASSIGNED,SYSTEM
238,36,83,ASSIGNED,SYSTEM
239,36,47,ASSIGNED,SYSTEM
240,36,11,ASSIGNED,SYSTEM
241,36,20,ASSIGNED,SYSTEM
242,36,38,ASSIGNED,SYSTEM
243,36,74,ASSIGNED,SYSTEM
244,36,29,ASSIGNED,SYSTEM
245,36,65,ASSIGNED,SYSTEM
246,37,57,ASSIGNED,SYSTEM
247,37,75,ASSIGNED,SYSTEM
248,37,21,ASSIGNED,SYSTEM
249,37,48,ASSIGNED,SYSTEM
250,37,39,ASSIGNED,SYSTEM
251,37,66,ASSIGNED,SYSTEM
252,38,84,ASSIGNED,SYSTEM
253,38,75,ASSIGNED,SYSTEM
254,38,57,ASSIGNED,SYSTEM
255,38,66,ASSIGNED,SYSTEM
256,38,3,ASSIGNED,SYSTEM
257,38,12,ASSIGNED,SYSTEM
258,39,21,ASSIGNED,SYSTEM
259,39,39,ASSIGNED,SYSTEM
260,39,75,ASSIGNED,SYSTEM
261,39,66,ASSIGNED,SYSTEM
262,39,57,ASSIGNED,SYSTEM
263,39,84,ASSIGNED,SYSTEM
264,40,67,ASSIGNED,SYSTEM
265,40,58,ASSIGNED,SYSTEM
266,40,85,ASSIGNED,SYSTEM
267,40,49,ASSIGNED,SYSTEM
268,40,4,ASSIGNED,SYSTEM
269,41,31,ASSIGNED,SYSTEM
270,41,76,ASSIGNED,SYSTEM
271,41,13,ASSIGNED,SYSTEM
272,41,85,ASSIGNED,SYSTEM
273,41,67,ASSIGNED,SYSTEM
274,41,4,ASSIGNED,SYSTEM
275,42,85,ASSIGNED,SYSTEM
276,42,67,ASSIGNED,SYSTEM
277,42,76,ASSIGNED,SYSTEM
278,42,31,ASSIGNED,SYSTEM
279,42,13,ASSIGNED,SYSTEM
280,42,22,ASSIGNED,SYSTEM
281,43,41,ASSIGNED,SYSTEM
282,43,77,ASSIGNED,SYSTEM
283,43,68,ASSIGNED,SYSTEM
284,43,14,ASSIGNED,SYSTEM
285,43,5,ASSIGNED,SYSTEM
286,43,86,ASSIGNED,SYSTEM
287,43,50,ASSIGNED,SYSTEM
288,43,23,ASSIGNED,SYSTEM
289,44,77,ASSIGNED,SYSTEM
290,44,59,ASSIGNED,SYSTEM
291,44,86,ASSIGNED,SYSTEM
292,44,41,ASSIGNED,SYSTEM
293,44,5,ASSIGNED,SYSTEM
294,44,23,ASSIGNED,SYSTEM
295,44,50,ASSIGNED,SYSTEM
296,44,68,ASSIGNED,SYSTEM
297,45,23,ASSIGNED,SYSTEM
298,45,77,ASSIGNED,SYSTEM
299,45,50,ASSIGNED,SYSTEM
300,45,59,ASSIGNED,SYSTEM
301,45,14,ASSIGNED,SYSTEM
302,45,32,ASSIGNED,SYSTEM
303,45,5,ASSIGNED,SYSTEM
304,45,68,ASSIGNED,SYSTEM
305,46,69,ASSIGNED,SYSTEM
306,46,78,ASSIGNED,SYSTEM
307,46,15,ASSIGNED,SYSTEM
308,46,60,ASSIGNED,SYSTEM
309,46,6,ASSIGNED,SYSTEM
310,46,87,ASSIGNED,SYSTEM
311,46,33,ASSIGNED,SYSTEM
312,46,51,ASSIGNED,SYSTEM
313,47,42,ASSIGNED,SYSTEM
314,47,78,ASSIGNED,SYSTEM
315,47,24,ASSIGNED,SYSTEM
316,47,87,ASSIGNED,SYSTEM
317,47,51,ASSIGNED,SYSTEM
318,47,69,ASSIGNED,SYSTEM
319,47,6,ASSIGNED,SYSTEM
320,47,33,ASSIGNED,SYSTEM
321,48,78,ASSIGNED,SYSTEM
322,48,15,ASSIGNED,SYSTEM
323,48,33,ASSIGNED,SYSTEM
324,48,24,ASSIGNED,SYSTEM
325,48,69,ASSIGNED,SYSTEM
326,48,87,ASSIGNED,SYSTEM
327,48,6,ASSIGNED,SYSTEM
328,48,60,ASSIGNED,SYSTEM
329,49,25,ASSIGNED,SYSTEM
330,49,34,ASSIGNED,SYSTEM
331,49,79,ASSIGNED,SYSTEM
332,49,7,ASSIGNED,SYSTEM
333,50,88,ASSIGNED,SYSTEM
334,50,70,ASSIGNED,SYSTEM
335,50,7,ASSIGNED,SYSTEM
336,50,34,ASSIGNED,SYSTEM
337,50,25,ASSIGNED,SYSTEM
338,51,52,ASSIGNED,SYSTEM
339,51,79,ASSIGNED,SYSTEM
340,51,88,ASSIGNED,SYSTEM
341,51,61,ASSIGNED,SYSTEM
342,51,43,ASSIGNED,SYSTEM
343,52,26,ASSIGNED,SYSTEM
344,52,89,ASSIGNED,SYSTEM
345,52,53,ASSIGNED,SYSTEM
346,53,44,ASSIGNED,SYSTEM
347,53,80,ASSIGNED,SYSTEM
348,53,26,ASSIGNED,SYSTEM
349,53,62,ASSIGNED,SYSTEM
350,53,17,ASSIGNED,SYSTEM
351,54,44,ASSIGNED,SYSTEM
352,54,62,ASSIGNED,SYSTEM
353,54,26,ASSIGNED,SYSTEM
354,54,80,ASSIGNED,SYSTEM
355,54,71,ASSIGNED,SYSTEM
356,55,45,ASSIGNED,SYSTEM
357,55,27,ASSIGNED,SYSTEM
358,55,90,ASSIGNED,SYSTEM
359,55,81,ASSIGNED,SYSTEM
360,56,54,ASSIGNED,SYSTEM
361,56,27,ASSIGNED,SYSTEM
362,56,36,ASSIGNED,SYSTEM
363,57,9,ASSIGNED,SYSTEM
364,57,54,ASSIGNED,SYSTEM
365,57,45,ASSIGNED,SYSTEM
366,57,27,ASSIGNED,SYSTEM
367,58,97,ASSIGNED,SYSTEM
368,58,95,ASSIGNED,SYSTEM
369,58,94,ASSIGNED,SYSTEM
370,58,100,ASSIGNED,SYSTEM
371,58,91,ASSIGNED,SYSTEM
372,59,99,ASSIGNED,SYSTEM
373,59,91,ASSIGNED,SYSTEM
374,59,96,ASSIGNED,SYSTEM
375,59,98,ASSIGNED,SYSTEM
376,60,97,ASSIGNED,SYSTEM
377,60,93,ASSIGNED,SYSTEM
378,60,96,ASSIGNED,SYSTEM
379,60,99,ASSIGNED,SYSTEM
380,60,95,ASSIGNED,SYSTEM
381,61,37,ASSIGNED,SYSTEM
382,61,28,ASSIGNED,SYSTEM
383,61,46,ASSIGNED,SYSTEM
384,61,19,ASSIGNED,SYSTEM
385,61,55,ASSIGNED,SYSTEM
386,61,73,ASSIGNED,SYSTEM
387,61,82,ASSIGNED,SYSTEM
388,61,1,ASSIGNED,SYSTEM
389,62,55,ASSIGNED,SYSTEM
390,62,1,ASSIGNED,SYSTEM
391,62,10,ASSIGNED,SYSTEM
392,62,73,ASSIGNED,SYSTEM
393,62,37,ASSIGNED,SYSTEM
394,62,64,ASSIGNED,SYSTEM
395,62,46,ASSIGNED,SYSTEM
396,62,82,ASSIGNED,SYSTEM
397,63,55,ASSIGNED,SYSTEM
398,63,10,ASSIGNED,SYSTEM
399,63,64,ASSIGNED,SYSTEM
400,63,73,ASSIGNED,SYSTEM
401,63,37,ASSIGNED,SYSTEM
402,63,28,ASSIGNED,SYSTEM
403,63,46,ASSIGNED,SYSTEM
404,63,82,ASSIGNED,SYSTEM
405,64,74,ASSIGNED,SYSTEM
406,64,29,ASSIGNED,SYSTEM
407,64,20,ASSIGNED,SYSTEM
408,64,65,ASSIGNED,SYSTEM
409,64,83,ASSIGNED,SYSTEM
410,64,11,ASSIGNED,SYSTEM
411,64,38,ASSIGNED,SYSTEM
412,64,2,ASSIGNED,SYSTEM
413,64,56,ASSIGNED,SYSTEM
414,64,47,ASSIGNED,SYSTEM
415,65,38,ASSIGNED,SYSTEM
416,65,56,ASSIGNED,SYSTEM
417,65,2,ASSIGNED,SYSTEM
418,65,20,ASSIGNED,SYSTEM
419,65,11,ASSIGNED,SYSTEM
420,65,74,ASSIGNED,SYSTEM
421,65,65,ASSIGNED,SYSTEM
422,65,29,ASSIGNED,SYSTEM
423,65,47,ASSIGNED,SYSTEM
424,65,83,ASSIGNED,SYSTEM
425,66,74,ASSIGNED,SYSTEM
426,66,38,ASSIGNED,SYSTEM
427,66,56,ASSIGNED,SYSTEM
428,66,2,ASSIGNED,SYSTEM
429,66,47,ASSIGNED,SYSTEM
430,66,83,ASSIGNED,SYSTEM
431,66,29,ASSIGNED,SYSTEM
432,66,65,ASSIGNED,SYSTEM
433,66,20,ASSIGNED,SYSTEM
434,66,11,ASSIGNED,SYSTEM
435,67,12,ASSIGNED,SYSTEM
436,67,48,ASSIGNED,SYSTEM
437,67,3,ASSIGNED,SYSTEM
438,67,75,ASSIGNED,SYSTEM
439,67,84,ASSIGNED,SYSTEM
440,67,66,ASSIGNED,SYSTEM
441,68,57,ASSIGNED,SYSTEM
442,68,66,ASSIGNED,SYSTEM
443,68,39,ASSIGNED,SYSTEM
444,68,48,ASSIGNED,SYSTEM
445,68,30,ASSIGNED,SYSTEM
446,68,84,ASSIGNED,SYSTEM
447,69,39,ASSIGNED,SYSTEM
448,69,30,ASSIGNED,SYSTEM
449,69,3,ASSIGNED,SYSTEM
450,69,84,ASSIGNED,SYSTEM
451,69,21,ASSIGNED,SYSTEM
452,69,75,ASSIGNED,SYSTEM
453,70,40,ASSIGNED,SYSTEM
454,70,22,ASSIGNED,SYSTEM
455,70,4,ASSIGNED,SYSTEM
456,70,58,ASSIGNED,SYSTEM
457,71,22,ASSIGNED,SYSTEM
458,71,40,ASSIGNED,SYSTEM
459,71,76,ASSIGNED,SYSTEM
460,71,58,ASSIGNED,SYSTEM
461,72,31,ASSIGNED,SYSTEM
462,72,58,ASSIGNED,SYSTEM
463,72,4,ASSIGNED,SYSTEM
464,72,40,ASSIGNED,SYSTEM
465,72,76,ASSIGNED,SYSTEM
466,72,13,ASSIGNED,SYSTEM
467,73,41,ASSIGNED,SYSTEM
468,73,59,ASSIGNED,SYSTEM
469,73,50,ASSIGNED,SYSTEM
470,73,32,ASSIGNED,SYSTEM
471,73,68,ASSIGNED,SYSTEM
472,73,14,ASSIGNED,SYSTEM
473,73,86,ASSIGNED,SYSTEM
474,73,77,ASSIGNED,SYSTEM
475,74,68,ASSIGNED,SYSTEM
476,74,5,ASSIGNED,SYSTEM
477,74,59,ASSIGNED,SYSTEM
478,74,77,ASSIGNED,SYSTEM
479,74,14,ASSIGNED,SYSTEM
480,74,41,ASSIGNED,SYSTEM
481,74,86,ASSIGNED,SYSTEM
482,74,32,ASSIGNED,SYSTEM
483,75,5,ASSIGNED,SYSTEM
484,75,23,ASSIGNED,SYSTEM
485,75,50,ASSIGNED,SYSTEM
486,75,32,ASSIGNED,SYSTEM
487,75,41,ASSIGNED,SYSTEM
488,75,86,ASSIGNED,SYSTEM
489,75,77,ASSIGNED,SYSTEM
490,75,68,ASSIGNED,SYSTEM
491,76,42,ASSIGNED,SYSTEM
492,76,87,ASSIGNED,SYSTEM
493,76,51,ASSIGNED,SYSTEM
494,76,78,ASSIGNED,SYSTEM
495,76,69,ASSIGNED,SYSTEM
496,76,24,ASSIGNED,SYSTEM
497,76,15,ASSIGNED,SYSTEM
498,77,42,ASSIGNED,SYSTEM
499,77,24,ASSIGNED,SYSTEM
500,77,15,ASSIGNED,SYSTEM
501,77,51,ASSIGNED,SYSTEM
502,77,33,ASSIGNED,SYSTEM
503,77,69,ASSIGNED,SYSTEM
504,78,60,ASSIGNED,SYSTEM
505,78,51,ASSIGNED,SYSTEM
506,78,24,ASSIGNED,SYSTEM
507,78,42,ASSIGNED,SYSTEM
508,78,6,ASSIGNED,SYSTEM
509,78,78,ASSIGNED,SYSTEM
510,78,33,ASSIGNED,SYSTEM
511,78,87,ASSIGNED,SYSTEM
512,79,88,ASSIGNED,SYSTEM
513,79,61,ASSIGNED,SYSTEM
514,79,70,ASSIGNED,SYSTEM
515,79,43,ASSIGNED,SYSTEM
516,79,7,ASSIGNED,SYSTEM
517,80,88,ASSIGNED,SYSTEM
518,80,43,ASSIGNED,SYSTEM
519,80,79,ASSIGNED,SYSTEM
520,80,52,ASSIGNED,SYSTEM
521,80,16,ASSIGNED,SYSTEM
522,81,61,ASSIGNED,SYSTEM
523,81,43,ASSIGNED,SYSTEM
524,81,88,ASSIGNED,SYSTEM
525,81,79,ASSIGNED,SYSTEM
526,81,25,ASSIGNED,SYSTEM
527,82,17,ASSIGNED,SYSTEM
528,82,89,ASSIGNED,SYSTEM
529,82,71,ASSIGNED,SYSTEM
530,82,26,ASSIGNED,SYSTEM
531,82,8,ASSIGNED,SYSTEM
532,83,17,ASSIGNED,SYSTEM
533,83,62,ASSIGNED,SYSTEM
534,83,44,ASSIGNED,SYSTEM
535,84,71,ASSIGNED,SYSTEM
536,84,35,ASSIGNED,SYSTEM
537,84,62,ASSIGNED,SYSTEM
538,84,17,ASSIGNED,SYSTEM
539,84,8,ASSIGNED,SYSTEM
540,85,63,ASSIGNED,SYSTEM
541,85,9,ASSIGNED,SYSTEM
542,86,18,ASSIGNED,SYSTEM
543,86,63,ASSIGNED,SYSTEM
544,86,9,ASSIGNED,SYSTEM
545,86,27,ASSIGNED,SYSTEM
546,87,63,ASSIGNED,SYSTEM
547,87,27,ASSIGNED,SYSTEM
548,87,18,ASSIGNED,SYSTEM
549,87,9,ASSIGNED,SYSTEM
550,88,93,ASSIGNED,SYSTEM
551,88,99,ASSIGNED,SYSTEM
552,88,97,ASSIGNED,SYSTEM
553,88,95,ASSIGNED,SYSTEM
554,88,91,ASSIGNED,SYSTEM
555,89,96,ASSIGNED,SYSTEM
556,89,100,ASSIGNED,SYSTEM
557,89,94,ASSIGNED,SYSTEM
558,89,97,ASSIGNED,SYSTEM
559,90,98,ASSIGNED,SYSTEM
560,90,97,ASSIGNED,SYSTEM
561,90,96,ASSIGNED,SYSTEM
562,90,92,ASSIGNED,SYSTEM
563,90,95,ASSIGNED,SYSTEM
564,91,82,ASSIGNED,SYSTEM
565,91,46,ASSIGNED,SYSTEM
566,91,28,ASSIGNED,SYSTEM
567,91,37,ASSIGNED,SYSTEM
568,91,73,ASSIGNED,SYSTEM
569,91,10,ASSIGNED,SYSTEM
570,91,19,ASSIGNED,SYSTEM
571,92,1,ASSIGNED,SYSTEM
572,92,19,ASSIGNED,SYSTEM
573,92,10,ASSIGNED,SYSTEM
574,92,82,ASSIGNED,SYSTEM
575,92,64,ASSIGNED,SYSTEM
576,92,37,ASSIGNED,SYSTEM
577,92,28,ASSIGNED,SYSTEM
578,92,73,ASSIGNED,SYSTEM
579,93,1,ASSIGNED,SYSTEM
580,93,46,ASSIGNED,SYSTEM
581,93,64,ASSIGNED,SYSTEM
582,93,28,ASSIGNED,SYSTEM
583,93,55,ASSIGNED,SYSTEM
584,93,73,ASSIGNED,SYSTEM
585,93,10,ASSIGNED,SYSTEM
586,93,37,ASSIGNED,SYSTEM
587,94,83,ASSIGNED,SYSTEM
588,94,65,ASSIGNED,SYSTEM
589,94,56,ASSIGNED,SYSTEM
590,94,38,ASSIGNED,SYSTEM
591,94,11,ASSIGNED,SYSTEM
592,94,29,ASSIGNED,SYSTEM
593,94,74,ASSIGNED,SYSTEM
594,94,47,ASSIGNED,SYSTEM
595,94,20,ASSIGNED,SYSTEM
596,94,2,ASSIGNED,SYSTEM
597,95,65,ASSIGNED,SYSTEM
598,95,29,ASSIGNED,SYSTEM
599,95,47,ASSIGNED,SYSTEM
600,95,38,ASSIGNED,SYSTEM
601,95,2,ASSIGNED,SYSTEM
602,95,56,ASSIGNED,SYSTEM
603,95,11,ASSIGNED,SYSTEM
604,95,74,ASSIGNED,SYSTEM
605,95,83,ASSIGNED,SYSTEM
606,95,20,ASSIGNED,SYSTEM
607,96,29,ASSIGNED,SYSTEM
608,96,83,ASSIGNED,SYSTEM
609,96,20,ASSIGNED,SYSTEM
610,96,2,ASSIGNED,SYSTEM
611,96,74,ASSIGNED,SYSTEM
612,96,56,ASSIGNED,SYSTEM
613,96,11,ASSIGNED,SYSTEM
614,96,47,ASSIGNED,SYSTEM
615,96,38,ASSIGNED,SYSTEM
616,96,65,ASSIGNED,SYSTEM
617,97,66,ASSIGNED,SYSTEM
618,97,57,ASSIGNED,SYSTEM
619,97,3,ASSIGNED,SYSTEM
620,97,75,ASSIGNED,SYSTEM
621,97,12,ASSIGNED,SYSTEM
622,98,84,ASSIGNED,SYSTEM
623,98,39,ASSIGNED,SYSTEM
624,98,48,ASSIGNED,SYSTEM
625,98,3,ASSIGNED,SYSTEM
626,98,12,ASSIGNED,SYSTEM
627,98,75,ASSIGNED,SYSTEM
628,99,21,ASSIGNED,SYSTEM
629,99,3,ASSIGNED,SYSTEM
630,99,48,ASSIGNED,SYSTEM
631,99,30,ASSIGNED,SYSTEM
632,99,12,ASSIGNED,SYSTEM
633,99,75,ASSIGNED,SYSTEM
634,100,31,ASSIGNED,SYSTEM
635,100,13,ASSIGNED,SYSTEM
636,100,58,ASSIGNED,SYSTEM
637,100,85,ASSIGNED,SYSTEM
638,100,76,ASSIGNED,SYSTEM
639,100,40,ASSIGNED,SYSTEM
640,101,13,ASSIGNED,SYSTEM
641,101,76,ASSIGNED,SYSTEM
642,101,40,ASSIGNED,SYSTEM
643,101,49,ASSIGNED,SYSTEM
644,101,58,ASSIGNED,SYSTEM
645,101,4,ASSIGNED,SYSTEM
646,102,49,ASSIGNED,SYSTEM
647,102,40,ASSIGNED,SYSTEM
648,102,67,ASSIGNED,SYSTEM
649,102,4,ASSIGNED,SYSTEM
650,102,13,ASSIGNED,SYSTEM
651,102,22,ASSIGNED,SYSTEM
652,103,50,ASSIGNED,SYSTEM
653,103,68,ASSIGNED,SYSTEM
654,103,41,ASSIGNED,SYSTEM
655,103,5,ASSIGNED,SYSTEM
656,103,23,ASSIGNED,SYSTEM
657,103,32,ASSIGNED,SYSTEM
658,103,86,ASSIGNED,SYSTEM
659,103,59,ASSIGNED,SYSTEM
660,104,50,ASSIGNED,SYSTEM
661,104,41,ASSIGNED,SYSTEM
662,104,14,ASSIGNED,SYSTEM
663,104,5,ASSIGNED,SYSTEM
664,104,68,ASSIGNED,SYSTEM
665,104,32,ASSIGNED,SYSTEM
666,104,77,ASSIGNED,SYSTEM
667,104,86,ASSIGNED,SYSTEM
668,105,86,ASSIGNED,SYSTEM
669,105,32,ASSIGNED,SYSTEM
670,105,23,ASSIGNED,SYSTEM
671,105,14,ASSIGNED,SYSTEM
672,105,5,ASSIGNED,SYSTEM
673,105,77,ASSIGNED,SYSTEM
674,105,59,ASSIGNED,SYSTEM
675,105,68,ASSIGNED,SYSTEM
676,106,87,ASSIGNED,SYSTEM
677,106,24,ASSIGNED,SYSTEM
678,106,6,ASSIGNED,SYSTEM
679,106,78,ASSIGNED,SYSTEM
680,106,33,ASSIGNED,SYSTEM
681,106,51,ASSIGNED,SYSTEM
682,106,15,ASSIGNED,SYSTEM
683,106,42,ASSIGNED,SYSTEM
684,107,60,ASSIGNED,SYSTEM
685,107,15,ASSIGNED,SYSTEM
686,107,51,ASSIGNED,SYSTEM
687,107,6,ASSIGNED,SYSTEM
688,107,87,ASSIGNED,SYSTEM
689,107,69,ASSIGNED,SYSTEM
690,107,78,ASSIGNED,SYSTEM
691,107,42,ASSIGNED,SYSTEM
692,108,78,ASSIGNED,SYSTEM
693,108,42,ASSIGNED,SYSTEM
694,108,69,ASSIGNED,SYSTEM
695,108,87,ASSIGNED,SYSTEM
696,108,33,ASSIGNED,SYSTEM
697,108,24,ASSIGNED,SYSTEM
698,109,43,ASSIGNED,SYSTEM
699,109,61,ASSIGNED,SYSTEM
700,109,7,ASSIGNED,SYSTEM
701,109,52,ASSIGNED,SYSTEM
702,109,79,ASSIGNED,SYSTEM
703,110,61,ASSIGNED,SYSTEM
704,110,25,ASSIGNED,SYSTEM
705,110,7,ASSIGNED,SYSTEM
706,110,16,ASSIGNED,SYSTEM
707,110,34,ASSIGNED,SYSTEM
708,111,70,ASSIGNED,SYSTEM
709,111,16,ASSIGNED,SYSTEM
710,111,88,ASSIGNED,SYSTEM
711,111,7,ASSIGNED,SYSTEM
712,111,34,ASSIGNED,SYSTEM
713,112,80,ASSIGNED,SYSTEM
714,112,44,ASSIGNED,SYSTEM
715,112,35,ASSIGNED,SYSTEM
716,112,8,ASSIGNED,SYSTEM
717,112,17,ASSIGNED,SYSTEM
718,113,8,ASSIGNED,SYSTEM
719,113,26,ASSIGNED,SYSTEM
720,113,80,ASSIGNED,SYSTEM
721,114,80,ASSIGNED,SYSTEM
722,114,44,ASSIGNED,SYSTEM
723,114,35,ASSIGNED,SYSTEM
724,114,71,ASSIGNED,SYSTEM
725,114,89,ASSIGNED,SYSTEM
726,115,90,ASSIGNED,SYSTEM
727,115,36,ASSIGNED,SYSTEM
728,115,63,ASSIGNED,SYSTEM
729,115,45,ASSIGNED,SYSTEM
730,116,36,ASSIGNED,SYSTEM
731,116,63,ASSIGNED,SYSTEM
732,116,27,ASSIGNED,SYSTEM
733,116,18,ASSIGNED,SYSTEM
734,117,9,ASSIGNED,SYSTEM
735,117,90,ASSIGNED,SYSTEM
736,117,36,ASSIGNED,SYSTEM
737,117,45,ASSIGNED,SYSTEM
738,118,95,ASSIGNED,SYSTEM
739,118,94,ASSIGNED,SYSTEM
740,118,93,ASSIGNED,SYSTEM
741,118,98,ASSIGNED,SYSTEM
742,118,91,ASSIGNED,SYSTEM
743,119,94,ASSIGNED,SYSTEM
744,119,99,ASSIGNED,SYSTEM
745,119,95,ASSIGNED,SYSTEM
746,119,100,ASSIGNED,SYSTEM
747,119,91,ASSIGNED,SYSTEM
748,120,98,ASSIGNED,SYSTEM
749,120,93,ASSIGNED,SYSTEM
750,120,96,ASSIGNED,SYSTEM
751,120,95,ASSIGNED,SYSTEM
752,121,1,ASSIGNED,SYSTEM
753,121,82,ASSIGNED,SYSTEM
754,121,55,ASSIGNED,SYSTEM
755,121,28,ASSIGNED,SYSTEM
756,121,10,ASSIGNED,SYSTEM
757,121,19,ASSIGNED,SYSTEM
758,121,73,ASSIGNED,SYSTEM
759,121,37,ASSIGNED,SYSTEM
760,122,28,ASSIGNED,SYSTEM
761,122,55,ASSIGNED,SYSTEM
762,122,82,ASSIGNED,SYSTEM
763,122,73,ASSIGNED,SYSTEM
764,122,10,ASSIGNED,SYSTEM
765,122,64,ASSIGNED,SYSTEM
766,122,46,ASSIGNED,SYSTEM
767,122,1,ASSIGNED,SYSTEM
768,123,46,ASSIGNED,SYSTEM
769,123,73,ASSIGNED,SYSTEM
770,123,64,ASSIGNED,SYSTEM
771,123,82,ASSIGNED,SYSTEM
772,123,1,ASSIGNED,SYSTEM
773,123,55,ASSIGNED,SYSTEM
774,123,10,ASSIGNED,SYSTEM
775,123,19,ASSIGNED,SYSTEM
776,124,47,ASSIGNED,SYSTEM
777,124,20,ASSIGNED,SYSTEM
778,124,38,ASSIGNED,SYSTEM
779,124,83,ASSIGNED,SYSTEM
780,124,74,ASSIGNED,SYSTEM
781,124,29,ASSIGNED,SYSTEM
782,124,56,ASSIGNED,SYSTEM
783,124,65,ASSIGNED,SYSTEM
784,124,2,ASSIGNED,SYSTEM
785,124,11,ASSIGNED,SYSTEM
786,125,47,ASSIGNED,SYSTEM
787,125,29,ASSIGNED,SYSTEM
788,125,11,ASSIGNED,SYSTEM
789,125,38,ASSIGNED,SYSTEM
790,125,56,ASSIGNED,SYSTEM
791,125,20,ASSIGNED,SYSTEM
792,125,83,ASSIGNED,SYSTEM
793,125,65,ASSIGNED,SYSTEM
794,125,2,ASSIGNED,SYSTEM
795,125,74,ASSIGNED,SYSTEM
796,126,56,ASSIGNED,SYSTEM
797,126,65,ASSIGNED,SYSTEM
798,126,2,ASSIGNED,SYSTEM
799,126,20,ASSIGNED,SYSTEM
800,126,47,ASSIGNED,SYSTEM
801,126,74,ASSIGNED,SYSTEM
802,126,38,ASSIGNED,SYSTEM
803,126,29,ASSIGNED,SYSTEM
804,126,83,ASSIGNED,SYSTEM
805,126,11,ASSIGNED,SYSTEM
806,127,30,ASSIGNED,SYSTEM
807,127,3,ASSIGNED,SYSTEM
808,127,57,ASSIGNED,SYSTEM
809,127,66,ASSIGNED,SYSTEM
810,127,75,ASSIGNED,SYSTEM
811,127,12,ASSIGNED,SYSTEM
812,128,66,ASSIGNED,SYSTEM
813,128,75,ASSIGNED,SYSTEM
814,128,39,ASSIGNED,SYSTEM
815,128,57,ASSIGNED,SYSTEM
816,128,21,ASSIGNED,SYSTEM
817,128,84,ASSIGNED,SYSTEM
818,129,57,ASSIGNED,SYSTEM
819,129,3,ASSIGNED,SYSTEM
820,129,75,ASSIGNED,SYSTEM
821,129,84,ASSIGNED,SYSTEM
822,130,85,ASSIGNED,SYSTEM
823,130,4,ASSIGNED,SYSTEM
824,130,67,ASSIGNED,SYSTEM
825,130,76,ASSIGNED,SYSTEM
826,130,40,ASSIGNED,SYSTEM
827,130,13,ASSIGNED,SYSTEM
828,131,58,ASSIGNED,SYSTEM
829,131,22,ASSIGNED,SYSTEM
830,131,85,ASSIGNED,SYSTEM
831,131,31,ASSIGNED,SYSTEM
832,131,76,ASSIGNED,SYSTEM
833,131,40,ASSIGNED,SYSTEM
834,132,40,ASSIGNED,SYSTEM
835,132,58,ASSIGNED,SYSTEM
836,132,67,ASSIGNED,SYSTEM
837,132,49,ASSIGNED,SYSTEM
838,132,85,ASSIGNED,SYSTEM
839,132,31,ASSIGNED,SYSTEM
840,133,50,ASSIGNED,SYSTEM
841,133,5,ASSIGNED,SYSTEM
842,133,59,ASSIGNED,SYSTEM
843,133,23,ASSIGNED,SYSTEM
844,133,32,ASSIGNED,SYSTEM
845,133,77,ASSIGNED,SYSTEM
846,133,14,ASSIGNED,SYSTEM
847,133,68,ASSIGNED,SYSTEM
848,134,41,ASSIGNED,SYSTEM
849,134,23,ASSIGNED,SYSTEM
850,134,59,ASSIGNED,SYSTEM
851,134,77,ASSIGNED,SYSTEM
852,134,32,ASSIGNED,SYSTEM
853,134,5,ASSIGNED,SYSTEM
854,134,86,ASSIGNED,SYSTEM
855,134,50,ASSIGNED,SYSTEM
856,135,59,ASSIGNED,SYSTEM
857,135,41,ASSIGNED,SYSTEM
858,135,23,ASSIGNED,SYSTEM
859,135,5,ASSIGNED,SYSTEM
860,135,50,ASSIGNED,SYSTEM
861,135,32,ASSIGNED,SYSTEM
862,135,68,ASSIGNED,SYSTEM
863,135,86,ASSIGNED,SYSTEM
864,136,78,ASSIGNED,SYSTEM
865,136,60,ASSIGNED,SYSTEM
866,136,6,ASSIGNED,SYSTEM
867,136,69,ASSIGNED,SYSTEM
868,136,42,ASSIGNED,SYSTEM
869,136,87,ASSIGNED,SYSTEM
870,136,24,ASSIGNED,SYSTEM
871,136,33,ASSIGNED,SYSTEM
872,137,6,ASSIGNED,SYSTEM
873,137,15,ASSIGNED,SYSTEM
874,137,33,ASSIGNED,SYSTEM
875,137,24,ASSIGNED,SYSTEM
876,137,78,ASSIGNED,SYSTEM
877,137,51,ASSIGNED,SYSTEM
878,137,87,ASSIGNED,SYSTEM
879,137,42,ASSIGNED,SYSTEM
880,138,87,ASSIGNED,SYSTEM
881,138,6,ASSIGNED,SYSTEM
882,138,78,ASSIGNED,SYSTEM
883,138,15,ASSIGNED,SYSTEM
884,138,24,ASSIGNED,SYSTEM
885,138,42,ASSIGNED,SYSTEM
886,138,33,ASSIGNED,SYSTEM
887,138,60,ASSIGNED,SYSTEM
888,139,79,ASSIGNED,SYSTEM
889,139,25,ASSIGNED,SYSTEM
890,139,61,ASSIGNED,SYSTEM
891,139,7,ASSIGNED,SYSTEM
892,139,52,ASSIGNED,SYSTEM
893,140,52,ASSIGNED,SYSTEM
894,140,61,ASSIGNED,SYSTEM
895,140,79,ASSIGNED,SYSTEM
896,140,25,ASSIGNED,SYSTEM
897,140,43,ASSIGNED,SYSTEM
898,141,25,ASSIGNED,SYSTEM
899,141,70,ASSIGNED,SYSTEM
900,141,7,ASSIGNED,SYSTEM
901,141,61,ASSIGNED,SYSTEM
902,141,34,ASSIGNED,SYSTEM
903,142,53,ASSIGNED,SYSTEM
904,142,17,ASSIGNED,SYSTEM
905,142,35,ASSIGNED,SYSTEM
906,142,8,ASSIGNED,SYSTEM
907,142,62,ASSIGNED,SYSTEM
908,143,89,ASSIGNED,SYSTEM
909,143,80,ASSIGNED,SYSTEM
910,143,8,ASSIGNED,SYSTEM
911,143,44,ASSIGNED,SYSTEM
912,143,53,ASSIGNED,SYSTEM
913,144,89,ASSIGNED,SYSTEM
914,144,62,ASSIGNED,SYSTEM
915,144,8,ASSIGNED,SYSTEM
916,144,71,ASSIGNED,SYSTEM
917,144,35,ASSIGNED,SYSTEM
918,145,27,ASSIGNED,SYSTEM
919,145,9,ASSIGNED,SYSTEM
920,145,81,ASSIGNED,SYSTEM
921,145,90,ASSIGNED,SYSTEM
922,146,90,ASSIGNED,SYSTEM
923,146,18,ASSIGNED,SYSTEM
924,146,72,ASSIGNED,SYSTEM
925,146,54,ASSIGNED,SYSTEM
926,147,81,ASSIGNED,SYSTEM
927,147,27,ASSIGNED,SYSTEM
928,147,36,ASSIGNED,SYSTEM
929,147,18,ASSIGNED,SYSTEM
930,148,98,ASSIGNED,SYSTEM
931,148,95,ASSIGNED,SYSTEM
932,148,92,ASSIGNED,SYSTEM
933,148,93,ASSIGNED,SYSTEM
934,148,97,ASSIGNED,SYSTEM
935,149,100,ASSIGNED,SYSTEM
936,149,98,ASSIGNED,SYSTEM
937,149,95,ASSIGNED,SYSTEM
938,149,99,ASSIGNED,SYSTEM
939,150,94,ASSIGNED,SYSTEM
940,150,97,ASSIGNED,SYSTEM
941,150,98,ASSIGNED,SYSTEM
942,150,93,ASSIGNED,SYSTEM
943,150,100,ASSIGNED,SYSTEM
944,151,37,ASSIGNED,SYSTEM
945,151,64,ASSIGNED,SYSTEM
946,151,10,ASSIGNED,SYSTEM
947,151,46,ASSIGNED,SYSTEM
948,151,28,ASSIGNED,SYSTEM
949,151,1,ASSIGNED,SYSTEM
950,151,19,ASSIGNED,SYSTEM
951,151,82,ASSIGNED,SYSTEM
952,152,10,ASSIGNED,SYSTEM
953,152,73,ASSIGNED,SYSTEM
954,152,19,ASSIGNED,SYSTEM
955,152,64,ASSIGNED,SYSTEM
956,152,28,ASSIGNED,SYSTEM
957,152,1,ASSIGNED,SYSTEM
958,152,37,ASSIGNED,SYSTEM
959,152,46,ASSIGNED,SYSTEM
960,153,28,ASSIGNED,SYSTEM
961,153,1,ASSIGNED,SYSTEM
962,153,55,ASSIGNED,SYSTEM
963,153,73,ASSIGNED,SYSTEM
964,153,19,ASSIGNED,SYSTEM
965,153,37,ASSIGNED,SYSTEM
966,153,10,ASSIGNED,SYSTEM
967,154,38,ASSIGNED,SYSTEM
968,154,74,ASSIGNED,SYSTEM
969,154,83,ASSIGNED,SYSTEM
970,154,47,ASSIGNED,SYSTEM
971,154,2,ASSIGNED,SYSTEM
972,154,56,ASSIGNED,SYSTEM
973,154,20,ASSIGNED,SYSTEM
974,154,29,ASSIGNED,SYSTEM
975,154,11,ASSIGNED,SYSTEM
976,154,65,ASSIGNED,SYSTEM
977,155,83,ASSIGNED,SYSTEM
978,155,65,ASSIGNED,SYSTEM
979,155,56,ASSIGNED,SYSTEM
980,155,2,ASSIGNED,SYSTEM
981,155,47,ASSIGNED,SYSTEM
982,155,20,ASSIGNED,SYSTEM
983,155,38,ASSIGNED,SYSTEM
984,155,74,ASSIGNED,SYSTEM
985,155,11,ASSIGNED,SYSTEM
986,155,29,ASSIGNED,SYSTEM
987,156,65,ASSIGNED,SYSTEM
988,156,74,ASSIGNED,SYSTEM
989,156,11,ASSIGNED,SYSTEM
990,156,38,ASSIGNED,SYSTEM
991,156,20,ASSIGNED,SYSTEM
992,156,2,ASSIGNED,SYSTEM
993,156,83,ASSIGNED,SYSTEM
994,156,47,ASSIGNED,SYSTEM
995,157,12,ASSIGNED,SYSTEM
996,157,3,ASSIGNED,SYSTEM
997,157,66,ASSIGNED,SYSTEM
998,157,84,ASSIGNED,SYSTEM
999,157,48,ASSIGNED,SYSTEM
1000,157,39,ASSIGNED,SYSTEM
1001,158,84,ASSIGNED,SYSTEM
1002,158,66,ASSIGNED,SYSTEM
1003,158,57,ASSIGNED,SYSTEM
1004,158,48,ASSIGNED,SYSTEM
1005,158,12,ASSIGNED,SYSTEM
1006,158,30,ASSIGNED,SYSTEM
1007,159,57,ASSIGNED,SYSTEM
1008,159,48,ASSIGNED,SYSTEM
1009,159,75,ASSIGNED,SYSTEM
1010,159,39,ASSIGNED,SYSTEM
1011,159,12,ASSIGNED,SYSTEM
1012,159,66,ASSIGNED,SYSTEM
1013,160,67,ASSIGNED,SYSTEM
1014,160,22,ASSIGNED,SYSTEM
1015,160,40,ASSIGNED,SYSTEM
1016,160,31,ASSIGNED,SYSTEM
1017,160,13,ASSIGNED,SYSTEM
1018,160,4,ASSIGNED,SYSTEM
1019,161,58,ASSIGNED,SYSTEM
1020,161,85,ASSIGNED,SYSTEM
1021,161,76,ASSIGNED,SYSTEM
1022,161,49,ASSIGNED,SYSTEM
1023,161,4,ASSIGNED,SYSTEM
1024,161,13,ASSIGNED,SYSTEM
1025,162,13,ASSIGNED,SYSTEM
1026,162,4,ASSIGNED,SYSTEM
1027,162,22,ASSIGNED,SYSTEM
1028,162,49,ASSIGNED,SYSTEM
1029,162,58,ASSIGNED,SYSTEM
1030,162,76,ASSIGNED,SYSTEM
1031,163,59,ASSIGNED,SYSTEM
1032,163,50,ASSIGNED,SYSTEM
1033,163,86,ASSIGNED,SYSTEM
1034,163,68,ASSIGNED,SYSTEM
1035,163,77,ASSIGNED,SYSTEM
1036,163,5,ASSIGNED,SYSTEM
1037,163,14,ASSIGNED,SYSTEM
1038,164,32,ASSIGNED,SYSTEM
1039,164,14,ASSIGNED,SYSTEM
1040,164,50,ASSIGNED,SYSTEM
1041,164,41,ASSIGNED,SYSTEM
1042,164,23,ASSIGNED,SYSTEM
1043,164,59,ASSIGNED,SYSTEM
1044,164,77,ASSIGNED,SYSTEM
1045,164,86,ASSIGNED,SYSTEM
1046,165,32,ASSIGNED,SYSTEM
1047,165,23,ASSIGNED,SYSTEM
1048,165,5,ASSIGNED,SYSTEM
1049,165,41,ASSIGNED,SYSTEM
1050,165,77,ASSIGNED,SYSTEM
1051,165,86,ASSIGNED,SYSTEM
1052,165,68,ASSIGNED,SYSTEM
1053,165,59,ASSIGNED,SYSTEM
1054,166,60,ASSIGNED,SYSTEM
1055,166,24,ASSIGNED,SYSTEM
1056,166,69,ASSIGNED,SYSTEM
1057,166,51,ASSIGNED,SYSTEM
1058,166,15,ASSIGNED,SYSTEM
1059,166,6,ASSIGNED,SYSTEM
1060,166,33,ASSIGNED,SYSTEM
1061,166,42,ASSIGNED,SYSTEM
1062,167,42,ASSIGNED,SYSTEM
1063,167,24,ASSIGNED,SYSTEM
1064,167,78,ASSIGNED,SYSTEM
1065,167,6,ASSIGNED,SYSTEM
1066,167,51,ASSIGNED,SYSTEM
1067,167,15,ASSIGNED,SYSTEM
1068,167,69,ASSIGNED,SYSTEM
1069,167,33,ASSIGNED,SYSTEM
1070,168,51,ASSIGNED,SYSTEM
1071,168,15,ASSIGNED,SYSTEM
1072,168,78,ASSIGNED,SYSTEM
1073,168,33,ASSIGNED,SYSTEM
1074,168,6,ASSIGNED,SYSTEM
1075,168,87,ASSIGNED,SYSTEM
1076,168,24,ASSIGNED,SYSTEM
1077,168,60,ASSIGNED,SYSTEM
1078,169,70,ASSIGNED,SYSTEM
1079,169,43,ASSIGNED,SYSTEM
1080,169,7,ASSIGNED,SYSTEM
1081,169,25,ASSIGNED,SYSTEM
1082,169,88,ASSIGNED,SYSTEM
1083,170,16,ASSIGNED,SYSTEM
1084,170,34,ASSIGNED,SYSTEM
1085,170,25,ASSIGNED,SYSTEM
1086,170,61,ASSIGNED,SYSTEM
1087,170,88,ASSIGNED,SYSTEM
1088,171,16,ASSIGNED,SYSTEM
1089,171,88,ASSIGNED,SYSTEM
1090,171,79,ASSIGNED,SYSTEM
1091,171,7,ASSIGNED,SYSTEM
1092,171,70,ASSIGNED,SYSTEM
1093,172,44,ASSIGNED,SYSTEM
1094,172,17,ASSIGNED,SYSTEM
1095,172,80,ASSIGNED,SYSTEM
1096,172,89,ASSIGNED,SYSTEM
1097,172,53,ASSIGNED,SYSTEM
1098,173,62,ASSIGNED,SYSTEM
1099,173,44,ASSIGNED,SYSTEM
1100,173,17,ASSIGNED,SYSTEM
1101,173,8,ASSIGNED,SYSTEM
1102,173,89,ASSIGNED,SYSTEM
1103,174,53,ASSIGNED,SYSTEM
1104,174,17,ASSIGNED,SYSTEM
1105,174,44,ASSIGNED,SYSTEM
1106,174,8,ASSIGNED,SYSTEM
1107,174,35,ASSIGNED,SYSTEM
1108,175,63,ASSIGNED,SYSTEM
1109,175,9,ASSIGNED,SYSTEM
1110,176,81,ASSIGNED,SYSTEM
1111,176,36,ASSIGNED,SYSTEM
1112,176,45,ASSIGNED,SYSTEM
1113,176,90,ASSIGNED,SYSTEM
1114,177,63,ASSIGNED,SYSTEM
1115,177,36,ASSIGNED,SYSTEM
1116,177,27,ASSIGNED,SYSTEM
1117,178,94,ASSIGNED,SYSTEM
1118,178,95,ASSIGNED,SYSTEM
1119,178,91,ASSIGNED,SYSTEM
1120,178,93,ASSIGNED,SYSTEM
1121,178,92,ASSIGNED,SYSTEM
1122,179,96,ASSIGNED,SYSTEM
1123,179,91,ASSIGNED,SYSTEM
1124,179,100,ASSIGNED,SYSTEM
1125,179,97,ASSIGNED,SYSTEM
1126,179,98,ASSIGNED,SYSTEM
1127,180,95,ASSIGNED,SYSTEM
1128,180,97,ASSIGNED,SYSTEM
1129,180,96,ASSIGNED,SYSTEM
1130,180,93,ASSIGNED,SYSTEM
1131,180,92,ASSIGNED,SYSTEM
1132,181,46,ASSIGNED,SYSTEM
1133,181,28,ASSIGNED,SYSTEM
1134,181,64,ASSIGNED,SYSTEM
1135,181,82,ASSIGNED,SYSTEM
1136,181,10,ASSIGNED,SYSTEM
1137,181,19,ASSIGNED,SYSTEM
1138,181,37,ASSIGNED,SYSTEM
1139,181,73,ASSIGNED,SYSTEM
1140,182,64,ASSIGNED,SYSTEM
1141,182,73,ASSIGNED,SYSTEM
1142,182,19,ASSIGNED,SYSTEM
1143,182,55,ASSIGNED,SYSTEM
1144,182,28,ASSIGNED,SYSTEM
1145,182,37,ASSIGNED,SYSTEM
1146,182,46,ASSIGNED,SYSTEM
1147,182,1,ASSIGNED,SYSTEM
1148,183,37,ASSIGNED,SYSTEM
1149,183,1,ASSIGNED,SYSTEM
1150,183,55,ASSIGNED,SYSTEM
1151,183,64,ASSIGNED,SYSTEM
1152,183,46,ASSIGNED,SYSTEM
1153,183,19,ASSIGNED,SYSTEM
1154,183,82,ASSIGNED,SYSTEM
1155,183,73,ASSIGNED,SYSTEM
1156,184,47,ASSIGNED,SYSTEM
1157,184,38,ASSIGNED,SYSTEM
1158,184,2,ASSIGNED,SYSTEM
1159,184,65,ASSIGNED,SYSTEM
1160,184,11,ASSIGNED,SYSTEM
1161,184,20,ASSIGNED,SYSTEM
1162,184,83,ASSIGNED,SYSTEM
1163,184,74,ASSIGNED,SYSTEM
1164,185,56,ASSIGNED,SYSTEM
1165,185,47,ASSIGNED,SYSTEM
1166,185,74,ASSIGNED,SYSTEM
1167,185,29,ASSIGNED,SYSTEM
1168,185,65,ASSIGNED,SYSTEM
1169,185,11,ASSIGNED,SYSTEM
1170,185,83,ASSIGNED,SYSTEM
1171,185,38,ASSIGNED,SYSTEM
1172,185,2,ASSIGNED,SYSTEM
1173,185,20,ASSIGNED,SYSTEM
1174,186,56,ASSIGNED,SYSTEM
1175,186,38,ASSIGNED,SYSTEM
1176,186,47,ASSIGNED,SYSTEM
1177,186,20,ASSIGNED,SYSTEM
1178,186,74,ASSIGNED,SYSTEM
1179,186,29,ASSIGNED,SYSTEM
1180,186,2,ASSIGNED,SYSTEM
1181,186,11,ASSIGNED,SYSTEM
1182,186,65,ASSIGNED,SYSTEM
1183,186,83,ASSIGNED,SYSTEM
1184,187,12,ASSIGNED,SYSTEM
1185,187,66,ASSIGNED,SYSTEM
1186,187,84,ASSIGNED,SYSTEM
1187,187,3,ASSIGNED,SYSTEM
1188,187,21,ASSIGNED,SYSTEM
1189,187,39,ASSIGNED,SYSTEM
1190,188,75,ASSIGNED,SYSTEM
1191,188,12,ASSIGNED,SYSTEM
1192,188,57,ASSIGNED,SYSTEM
1193,188,84,ASSIGNED,SYSTEM
1194,188,39,ASSIGNED,SYSTEM
1195,188,21,ASSIGNED,SYSTEM
1196,189,84,ASSIGNED,SYSTEM
1197,189,3,ASSIGNED,SYSTEM
1198,189,66,ASSIGNED,SYSTEM
1199,189,12,ASSIGNED,SYSTEM
1200,189,21,ASSIGNED,SYSTEM
1201,189,48,ASSIGNED,SYSTEM
1202,190,49,ASSIGNED,SYSTEM
1203,190,4,ASSIGNED,SYSTEM
1204,190,58,ASSIGNED,SYSTEM
1205,190,76,ASSIGNED,SYSTEM
1206,190,31,ASSIGNED,SYSTEM
1207,190,67,ASSIGNED,SYSTEM
1208,191,67,ASSIGNED,SYSTEM
1209,191,31,ASSIGNED,SYSTEM
1210,191,40,ASSIGNED,SYSTEM
1211,191,76,ASSIGNED,SYSTEM
1212,191,4,ASSIGNED,SYSTEM
1213,192,4,ASSIGNED,SYSTEM
1214,192,13,ASSIGNED,SYSTEM
1215,192,58,ASSIGNED,SYSTEM
1216,192,76,ASSIGNED,SYSTEM
1217,192,85,ASSIGNED,SYSTEM
1218,192,22,ASSIGNED,SYSTEM
1219,193,41,ASSIGNED,SYSTEM
1220,193,77,ASSIGNED,SYSTEM
1221,193,5,ASSIGNED,SYSTEM
1222,193,86,ASSIGNED,SYSTEM
1223,193,14,ASSIGNED,SYSTEM
1224,193,32,ASSIGNED,SYSTEM
1225,193,68,ASSIGNED,SYSTEM
1226,193,50,ASSIGNED,SYSTEM
1227,194,41,ASSIGNED,SYSTEM
1228,194,59,ASSIGNED,SYSTEM
1229,194,50,ASSIGNED,SYSTEM
1230,194,86,ASSIGNED,SYSTEM
1231,194,68,ASSIGNED,SYSTEM
1232,194,77,ASSIGNED,SYSTEM
1233,194,14,ASSIGNED,SYSTEM
1234,194,32,ASSIGNED,SYSTEM
1235,195,86,ASSIGNED,SYSTEM
1236,195,41,ASSIGNED,SYSTEM
1237,195,77,ASSIGNED,SYSTEM
1238,195,50,ASSIGNED,SYSTEM
1239,195,23,ASSIGNED,SYSTEM
1240,195,32,ASSIGNED,SYSTEM
1241,195,5,ASSIGNED,SYSTEM
1242,195,68,ASSIGNED,SYSTEM
1243,196,42,ASSIGNED,SYSTEM
1244,196,33,ASSIGNED,SYSTEM
1245,196,51,ASSIGNED,SYSTEM
1246,196,60,ASSIGNED,SYSTEM
1247,196,69,ASSIGNED,SYSTEM
1248,196,6,ASSIGNED,SYSTEM
1249,196,78,ASSIGNED,SYSTEM
1250,196,87,ASSIGNED,SYSTEM
1251,197,24,ASSIGNED,SYSTEM
1252,197,51,ASSIGNED,SYSTEM
1253,197,69,ASSIGNED,SYSTEM
1254,197,15,ASSIGNED,SYSTEM
1255,197,60,ASSIGNED,SYSTEM
1256,197,6,ASSIGNED,SYSTEM
1257,197,87,ASSIGNED,SYSTEM
1258,197,33,ASSIGNED,SYSTEM
1259,198,87,ASSIGNED,SYSTEM
1260,198,42,ASSIGNED,SYSTEM
1261,198,78,ASSIGNED,SYSTEM
1262,198,51,ASSIGNED,SYSTEM
1263,198,60,ASSIGNED,SYSTEM
1264,198,6,ASSIGNED,SYSTEM
1265,198,24,ASSIGNED,SYSTEM
1266,198,15,ASSIGNED,SYSTEM
1267,199,43,ASSIGNED,SYSTEM
1268,199,61,ASSIGNED,SYSTEM
1269,199,25,ASSIGNED,SYSTEM
1270,199,34,ASSIGNED,SYSTEM
1271,199,70,ASSIGNED,SYSTEM
1272,200,61,ASSIGNED,SYSTEM
1273,200,52,ASSIGNED,SYSTEM
1274,200,16,ASSIGNED,SYSTEM
1275,200,34,ASSIGNED,SYSTEM
1276,200,79,ASSIGNED,SYSTEM
1277,201,61,ASSIGNED,SYSTEM
1278,201,16,ASSIGNED,SYSTEM
1279,201,70,ASSIGNED,SYSTEM
1280,201,88,ASSIGNED,SYSTEM
1281,201,52,ASSIGNED,SYSTEM
1282,202,17,ASSIGNED,SYSTEM
1283,202,80,ASSIGNED,SYSTEM
1284,202,53,ASSIGNED,SYSTEM
1285,202,89,ASSIGNED,SYSTEM
1286,202,8,ASSIGNED,SYSTEM
1287,203,35,ASSIGNED,SYSTEM
1288,203,26,ASSIGNED,SYSTEM
1289,203,71,ASSIGNED,SYSTEM
1290,203,8,ASSIGNED,SYSTEM
1291,203,17,ASSIGNED,SYSTEM
1292,204,17,ASSIGNED,SYSTEM
1293,204,80,ASSIGNED,SYSTEM
1294,204,35,ASSIGNED,SYSTEM
1295,204,89,ASSIGNED,SYSTEM
1296,204,8,ASSIGNED,SYSTEM
1297,205,54,ASSIGNED,SYSTEM
1298,205,18,ASSIGNED,SYSTEM
1299,205,9,ASSIGNED,SYSTEM
1300,205,81,ASSIGNED,SYSTEM
1301,206,72,ASSIGNED,SYSTEM
1302,206,18,ASSIGNED,SYSTEM
1303,206,81,ASSIGNED,SYSTEM
1304,206,45,ASSIGNED,SYSTEM
1305,207,63,ASSIGNED,SYSTEM
1306,207,90,ASSIGNED,SYSTEM
1307,207,18,ASSIGNED,SYSTEM
1308,207,9,ASSIGNED,SYSTEM
1309,208,94,ASSIGNED,SYSTEM
1310,208,95,ASSIGNED,SYSTEM
1311,208,91,ASSIGNED,SYSTEM
1312,208,100,ASSIGNED,SYSTEM
1313,208,96,ASSIGNED,SYSTEM
1314,209,93,ASSIGNED,SYSTEM
1315,209,96,ASSIGNED,SYSTEM
1316,209,98,ASSIGNED,SYSTEM
1317,209,94,ASSIGNED,SYSTEM
1318,209,97,ASSIGNED,SYSTEM
1319,210,97,ASSIGNED,SYSTEM
1320,210,92,ASSIGNED,SYSTEM
1321,210,94,ASSIGNED,SYSTEM
1322,210,100,ASSIGNED,SYSTEM
1323,210,91,ASSIGNED,SYSTEM
1324,211,46,ASSIGNED,SYSTEM
1325,211,37,ASSIGNED,SYSTEM
1326,211,10,ASSIGNED,SYSTEM
1327,211,73,ASSIGNED,SYSTEM
1328,211,28,ASSIGNED,SYSTEM
1329,211,64,ASSIGNED,SYSTEM
1330,211,1,ASSIGNED,SYSTEM
1331,211,55,ASSIGNED,SYSTEM
1332,212,19,ASSIGNED,SYSTEM
1333,212,28,ASSIGNED,SYSTEM
1334,212,1,ASSIGNED,SYSTEM
1335,212,73,ASSIGNED,SYSTEM
1336,212,82,ASSIGNED,SYSTEM
1337,212,10,ASSIGNED,SYSTEM
1338,213,19,ASSIGNED,SYSTEM
1339,213,82,ASSIGNED,SYSTEM
1340,213,46,ASSIGNED,SYSTEM
1341,213,37,ASSIGNED,SYSTEM
1342,213,73,ASSIGNED,SYSTEM
1343,213,28,ASSIGNED,SYSTEM
1344,213,64,ASSIGNED,SYSTEM
1345,214,2,ASSIGNED,SYSTEM
1346,214,11,ASSIGNED,SYSTEM
1347,214,29,ASSIGNED,SYSTEM
1348,214,74,ASSIGNED,SYSTEM
1349,214,47,ASSIGNED,SYSTEM
1350,214,38,ASSIGNED,SYSTEM
1351,214,20,ASSIGNED,SYSTEM
1352,214,83,ASSIGNED,SYSTEM
1353,214,56,ASSIGNED,SYSTEM
1354,214,65,ASSIGNED,SYSTEM
1355,215,83,ASSIGNED,SYSTEM
1356,215,65,ASSIGNED,SYSTEM
1357,215,29,ASSIGNED,SYSTEM
1358,215,47,ASSIGNED,SYSTEM
1359,215,56,ASSIGNED,SYSTEM
1360,215,2,ASSIGNED,SYSTEM
1361,215,74,ASSIGNED,SYSTEM
1362,215,20,ASSIGNED,SYSTEM
1363,215,11,ASSIGNED,SYSTEM
1364,215,38,ASSIGNED,SYSTEM
1365,216,38,ASSIGNED,SYSTEM
1366,216,83,ASSIGNED,SYSTEM
1367,216,20,ASSIGNED,SYSTEM
1368,216,74,ASSIGNED,SYSTEM
1369,216,56,ASSIGNED,SYSTEM
1370,216,11,ASSIGNED,SYSTEM
1371,216,47,ASSIGNED,SYSTEM
1372,216,65,ASSIGNED,SYSTEM
1373,216,29,ASSIGNED,SYSTEM
1374,216,2,ASSIGNED,SYSTEM
1375,217,57,ASSIGNED,SYSTEM
1376,217,21,ASSIGNED,SYSTEM
1377,217,75,ASSIGNED,SYSTEM
1378,217,3,ASSIGNED,SYSTEM
1379,217,48,ASSIGNED,SYSTEM
1380,217,30,ASSIGNED,SYSTEM
1381,218,84,ASSIGNED,SYSTEM
1382,218,39,ASSIGNED,SYSTEM
1383,218,48,ASSIGNED,SYSTEM
1384,218,12,ASSIGNED,SYSTEM
1385,218,57,ASSIGNED,SYSTEM
1386,218,3,ASSIGNED,SYSTEM
1387,219,39,ASSIGNED,SYSTEM
1388,219,75,ASSIGNED,SYSTEM
1389,219,12,ASSIGNED,SYSTEM
1390,219,30,ASSIGNED,SYSTEM
1391,219,48,ASSIGNED,SYSTEM
1392,219,66,ASSIGNED,SYSTEM
1393,220,58,ASSIGNED,SYSTEM
1394,220,13,ASSIGNED,SYSTEM
1395,220,22,ASSIGNED,SYSTEM
1396,220,67,ASSIGNED,SYSTEM
1397,221,58,ASSIGNED,SYSTEM
1398,221,49,ASSIGNED,SYSTEM
1399,221,13,ASSIGNED,SYSTEM
1400,221,67,ASSIGNED,SYSTEM
1401,221,22,ASSIGNED,SYSTEM
1402,222,4,ASSIGNED,SYSTEM
1403,222,76,ASSIGNED,SYSTEM
1404,222,58,ASSIGNED,SYSTEM
1405,222,31,ASSIGNED,SYSTEM
1406,223,68,ASSIGNED,SYSTEM
1407,223,86,ASSIGNED,SYSTEM
1408,223,59,ASSIGNED,SYSTEM
1409,223,77,ASSIGNED,SYSTEM
1410,223,32,ASSIGNED,SYSTEM
1411,223,14,ASSIGNED,SYSTEM
1412,223,50,ASSIGNED,SYSTEM
1413,224,5,ASSIGNED,SYSTEM
1414,224,23,ASSIGNED,SYSTEM
1415,224,59,ASSIGNED,SYSTEM
1416,224,14,ASSIGNED,SYSTEM
1417,224,86,ASSIGNED,SYSTEM
1418,224,68,ASSIGNED,SYSTEM
1419,224,41,ASSIGNED,SYSTEM
1420,224,50,ASSIGNED,SYSTEM
1421,225,23,ASSIGNED,SYSTEM
1422,225,5,ASSIGNED,SYSTEM
1423,225,32,ASSIGNED,SYSTEM
1424,225,77,ASSIGNED,SYSTEM
1425,225,41,ASSIGNED,SYSTEM
1426,225,14,ASSIGNED,SYSTEM
1427,225,86,ASSIGNED,SYSTEM
1428,225,68,ASSIGNED,SYSTEM
1429,226,87,ASSIGNED,SYSTEM
1430,226,51,ASSIGNED,SYSTEM
1431,226,6,ASSIGNED,SYSTEM
1432,226,33,ASSIGNED,SYSTEM
1433,226,42,ASSIGNED,SYSTEM
1434,226,60,ASSIGNED,SYSTEM
1435,226,15,ASSIGNED,SYSTEM
1436,226,78,ASSIGNED,SYSTEM
1437,227,87,ASSIGNED,SYSTEM
1438,227,24,ASSIGNED,SYSTEM
1439,227,60,ASSIGNED,SYSTEM
1440,227,51,ASSIGNED,SYSTEM
1441,227,6,ASSIGNED,SYSTEM
1442,227,78,ASSIGNED,SYSTEM
1443,227,15,ASSIGNED,SYSTEM
1444,227,33,ASSIGNED,SYSTEM
1445,228,33,ASSIGNED,SYSTEM
1446,228,69,ASSIGNED,SYSTEM
1447,228,15,ASSIGNED,SYSTEM
1448,228,87,ASSIGNED,SYSTEM
1449,228,6,ASSIGNED,SYSTEM
1450,228,42,ASSIGNED,SYSTEM
1451,228,60,ASSIGNED,SYSTEM
1452,228,78,ASSIGNED,SYSTEM
1453,229,7,ASSIGNED,SYSTEM
1454,229,61,ASSIGNED,SYSTEM
1455,229,52,ASSIGNED,SYSTEM
1456,229,25,ASSIGNED,SYSTEM
1457,229,79,ASSIGNED,SYSTEM
1458,230,61,ASSIGNED,SYSTEM
1459,230,34,ASSIGNED,SYSTEM
1460,230,25,ASSIGNED,SYSTEM
1461,230,88,ASSIGNED,SYSTEM
1462,230,70,ASSIGNED,SYSTEM
1463,231,79,ASSIGNED,SYSTEM
1464,231,34,ASSIGNED,SYSTEM
1465,231,25,ASSIGNED,SYSTEM
1466,231,61,ASSIGNED,SYSTEM
1467,231,52,ASSIGNED,SYSTEM
1468,232,35,ASSIGNED,SYSTEM
1469,232,44,ASSIGNED,SYSTEM
1470,232,62,ASSIGNED,SYSTEM
1471,232,71,ASSIGNED,SYSTEM
1472,233,35,ASSIGNED,SYSTEM
1473,233,62,ASSIGNED,SYSTEM
1474,233,44,ASSIGNED,SYSTEM
1475,233,26,ASSIGNED,SYSTEM
1476,233,17,ASSIGNED,SYSTEM
1477,234,53,ASSIGNED,SYSTEM
1478,234,26,ASSIGNED,SYSTEM
1479,234,44,ASSIGNED,SYSTEM
1480,234,62,ASSIGNED,SYSTEM
1481,234,89,ASSIGNED,SYSTEM
1482,235,72,ASSIGNED,SYSTEM
1483,235,9,ASSIGNED,SYSTEM
1484,235,45,ASSIGNED,SYSTEM
1485,235,54,ASSIGNED,SYSTEM
1486,236,9,ASSIGNED,SYSTEM
1487,236,90,ASSIGNED,SYSTEM
1488,236,45,ASSIGNED,SYSTEM
1489,236,36,ASSIGNED,SYSTEM
1490,237,45,ASSIGNED,SYSTEM
1491,237,90,ASSIGNED,SYSTEM
1492,237,27,ASSIGNED,SYSTEM
1493,238,93,ASSIGNED,SYSTEM
1494,238,95,ASSIGNED,SYSTEM
1495,238,98,ASSIGNED,SYSTEM
1496,238,91,ASSIGNED,SYSTEM
1497,238,97,ASSIGNED,SYSTEM
1498,239,99,ASSIGNED,SYSTEM
1499,239,92,ASSIGNED,SYSTEM
1500,239,96,ASSIGNED,SYSTEM
1501,240,93,ASSIGNED,SYSTEM
1502,240,99,ASSIGNED,SYSTEM
1503,240,100,ASSIGNED,SYSTEM
1504,240,94,ASSIGNED,SYSTEM
1505,240,92,ASSIGNED,SYSTEM
1506,241,19,ASSIGNED,SYSTEM
1507,241,1,ASSIGNED,SYSTEM
1508,241,37,ASSIGNED,SYSTEM
1509,241,10,ASSIGNED,SYSTEM
1510,241,28,ASSIGNED,SYSTEM
1511,241,82,ASSIGNED,SYSTEM
1512,242,37,ASSIGNED,SYSTEM
1513,242,55,ASSIGNED,SYSTEM
1514,242,82,ASSIGNED,SYSTEM
1515,242,19,ASSIGNED,SYSTEM
1516,242,10,ASSIGNED,SYSTEM
1517,242,64,ASSIGNED,SYSTEM
1518,243,46,ASSIGNED,SYSTEM
1519,243,55,ASSIGNED,SYSTEM
1520,243,28,ASSIGNED,SYSTEM
1521,243,1,ASSIGNED,SYSTEM
1522,243,10,ASSIGNED,SYSTEM
1523,243,19,ASSIGNED,SYSTEM
1524,243,64,ASSIGNED,SYSTEM
1525,243,37,ASSIGNED,SYSTEM
1526,244,65,ASSIGNED,SYSTEM
1527,244,83,ASSIGNED,SYSTEM
1528,244,11,ASSIGNED,SYSTEM
1529,244,20,ASSIGNED,SYSTEM
1530,244,47,ASSIGNED,SYSTEM
1531,244,2,ASSIGNED,SYSTEM
1532,244,74,ASSIGNED,SYSTEM
1533,244,56,ASSIGNED,SYSTEM
1534,245,56,ASSIGNED,SYSTEM
1535,245,47,ASSIGNED,SYSTEM
1536,245,65,ASSIGNED,SYSTEM
1537,245,74,ASSIGNED,SYSTEM
1538,245,38,ASSIGNED,SYSTEM
1539,245,20,ASSIGNED,SYSTEM
1540,245,29,ASSIGNED,SYSTEM
1541,245,83,ASSIGNED,SYSTEM
1542,245,2,ASSIGNED,SYSTEM
1543,245,11,ASSIGNED,SYSTEM
1544,246,2,ASSIGNED,SYSTEM
1545,246,65,ASSIGNED,SYSTEM
1546,246,38,ASSIGNED,SYSTEM
1547,246,11,ASSIGNED,SYSTEM
1548,246,47,ASSIGNED,SYSTEM
1549,246,56,ASSIGNED,SYSTEM
1550,246,20,ASSIGNED,SYSTEM
1551,246,83,ASSIGNED,SYSTEM
1552,246,74,ASSIGNED,SYSTEM
1553,246,29,ASSIGNED,SYSTEM
1554,247,3,ASSIGNED,SYSTEM
1555,247,57,ASSIGNED,SYSTEM
1556,247,84,ASSIGNED,SYSTEM
1557,247,66,ASSIGNED,SYSTEM
1558,247,48,ASSIGNED,SYSTEM
1559,247,39,ASSIGNED,SYSTEM
1560,248,75,ASSIGNED,SYSTEM
1561,248,84,ASSIGNED,SYSTEM
1562,248,48,ASSIGNED,SYSTEM
1563,248,39,ASSIGNED,SYSTEM
1564,248,3,ASSIGNED,SYSTEM
1565,248,30,ASSIGNED,SYSTEM
1566,249,48,ASSIGNED,SYSTEM
1567,249,12,ASSIGNED,SYSTEM
1568,249,39,ASSIGNED,SYSTEM
1569,249,57,ASSIGNED,SYSTEM
1570,249,84,ASSIGNED,SYSTEM
1571,249,3,ASSIGNED,SYSTEM
1572,250,13,ASSIGNED,SYSTEM
1573,250,22,ASSIGNED,SYSTEM
1574,250,4,ASSIGNED,SYSTEM
1575,250,85,ASSIGNED,SYSTEM
1576,250,76,ASSIGNED,SYSTEM
1577,250,49,ASSIGNED,SYSTEM
1578,251,40,ASSIGNED,SYSTEM
1579,251,58,ASSIGNED,SYSTEM
1580,251,85,ASSIGNED,SYSTEM
1581,251,4,ASSIGNED,SYSTEM
1582,251,13,ASSIGNED,SYSTEM
1583,251,31,ASSIGNED,SYSTEM
1584,252,31,ASSIGNED,SYSTEM
1585,252,58,ASSIGNED,SYSTEM
1586,252,76,ASSIGNED,SYSTEM
1587,252,22,ASSIGNED,SYSTEM
1588,252,40,ASSIGNED,SYSTEM
1589,252,13,ASSIGNED,SYSTEM
1590,253,68,ASSIGNED,SYSTEM
1591,253,32,ASSIGNED,SYSTEM
1592,253,59,ASSIGNED,SYSTEM
1593,253,77,ASSIGNED,SYSTEM
1594,253,5,ASSIGNED,SYSTEM
1595,253,23,ASSIGNED,SYSTEM
1596,253,41,ASSIGNED,SYSTEM
1597,253,50,ASSIGNED,SYSTEM
1598,254,59,ASSIGNED,SYSTEM
1599,254,77,ASSIGNED,SYSTEM
1600,254,68,ASSIGNED,SYSTEM
1601,254,14,ASSIGNED,SYSTEM
1602,254,5,ASSIGNED,SYSTEM
1603,254,32,ASSIGNED,SYSTEM
1604,255,23,ASSIGNED,SYSTEM
1605,255,50,ASSIGNED,SYSTEM
1606,255,68,ASSIGNED,SYSTEM
1607,255,86,ASSIGNED,SYSTEM
1608,255,32,ASSIGNED,SYSTEM
1609,255,59,ASSIGNED,SYSTEM
1610,255,14,ASSIGNED,SYSTEM
1611,255,77,ASSIGNED,SYSTEM
1612,256,78,ASSIGNED,SYSTEM
1613,256,51,ASSIGNED,SYSTEM
1614,256,87,ASSIGNED,SYSTEM
1615,256,69,ASSIGNED,SYSTEM
1616,256,24,ASSIGNED,SYSTEM
1617,256,42,ASSIGNED,SYSTEM
1618,256,33,ASSIGNED,SYSTEM
1619,256,60,ASSIGNED,SYSTEM
1620,257,6,ASSIGNED,SYSTEM
1621,257,15,ASSIGNED,SYSTEM
1622,257,87,ASSIGNED,SYSTEM
1623,257,60,ASSIGNED,SYSTEM
1624,257,33,ASSIGNED,SYSTEM
1625,257,51,ASSIGNED,SYSTEM
1626,257,42,ASSIGNED,SYSTEM
1627,257,78,ASSIGNED,SYSTEM
1628,258,87,ASSIGNED,SYSTEM
1629,258,6,ASSIGNED,SYSTEM
1630,258,69,ASSIGNED,SYSTEM
1631,258,33,ASSIGNED,SYSTEM
1632,258,78,ASSIGNED,SYSTEM
1633,258,42,ASSIGNED,SYSTEM
1634,258,60,ASSIGNED,SYSTEM
1635,258,15,ASSIGNED,SYSTEM
1636,259,16,ASSIGNED,SYSTEM
1637,259,43,ASSIGNED,SYSTEM
1638,259,88,ASSIGNED,SYSTEM
1639,259,70,ASSIGNED,SYSTEM
1640,259,25,ASSIGNED,SYSTEM
1641,260,34,ASSIGNED,SYSTEM
1642,260,61,ASSIGNED,SYSTEM
1643,260,25,ASSIGNED,SYSTEM
1644,260,70,ASSIGNED,SYSTEM
1645,260,7,ASSIGNED,SYSTEM
1646,261,16,ASSIGNED,SYSTEM
1647,261,25,ASSIGNED,SYSTEM
1648,261,52,ASSIGNED,SYSTEM
1649,261,7,ASSIGNED,SYSTEM
1650,261,43,ASSIGNED,SYSTEM
1651,262,26,ASSIGNED,SYSTEM
1652,262,62,ASSIGNED,SYSTEM
1653,262,89,ASSIGNED,SYSTEM
1654,262,71,ASSIGNED,SYSTEM
1655,262,80,ASSIGNED,SYSTEM
1656,263,44,ASSIGNED,SYSTEM
1657,263,17,ASSIGNED,SYSTEM
1658,263,53,ASSIGNED,SYSTEM
1659,263,35,ASSIGNED,SYSTEM
1660,263,26,ASSIGNED,SYSTEM
1661,264,17,ASSIGNED,SYSTEM
1662,264,71,ASSIGNED,SYSTEM
1663,264,62,ASSIGNED,SYSTEM
1664,264,44,ASSIGNED,SYSTEM
1665,264,89,ASSIGNED,SYSTEM
1666,265,36,ASSIGNED,SYSTEM
1667,265,54,ASSIGNED,SYSTEM
1668,265,90,ASSIGNED,SYSTEM
1669,265,63,ASSIGNED,SYSTEM
1670,266,36,ASSIGNED,SYSTEM
1671,266,45,ASSIGNED,SYSTEM
1672,266,18,ASSIGNED,SYSTEM
1673,266,72,ASSIGNED,SYSTEM
1674,267,18,ASSIGNED,SYSTEM
1675,267,90,ASSIGNED,SYSTEM
1676,267,45,ASSIGNED,SYSTEM
1677,267,9,ASSIGNED,SYSTEM
1678,268,93,ASSIGNED,SYSTEM
1679,268,96,ASSIGNED,SYSTEM
1680,268,92,ASSIGNED,SYSTEM
1681,268,91,ASSIGNED,SYSTEM
1682,268,99,ASSIGNED,SYSTEM
1683,269,92,ASSIGNED,SYSTEM
1684,269,95,ASSIGNED,SYSTEM
1685,269,93,ASSIGNED,SYSTEM
1686,269,100,ASSIGNED,SYSTEM
1687,269,99,ASSIGNED,SYSTEM
1688,270,100,ASSIGNED,SYSTEM
1689,270,96,ASSIGNED,SYSTEM
1690,270,94,ASSIGNED,SYSTEM
1691,270,93,ASSIGNED,SYSTEM
1692,270,97,ASSIGNED,SYSTEM
1693,271,37,ASSIGNED,SYSTEM
1694,271,82,ASSIGNED,SYSTEM
1695,271,1,ASSIGNED,SYSTEM
1696,271,46,ASSIGNED,SYSTEM
1697,271,19,ASSIGNED,SYSTEM
1698,271,73,ASSIGNED,SYSTEM
1699,271,55,ASSIGNED,SYSTEM
1700,271,28,ASSIGNED,SYSTEM
1701,272,10,ASSIGNED,SYSTEM
1702,272,55,ASSIGNED,SYSTEM
1703,272,46,ASSIGNED,SYSTEM
1704,272,19,ASSIGNED,SYSTEM
1705,272,37,ASSIGNED,SYSTEM
1706,272,28,ASSIGNED,SYSTEM
1707,272,82,ASSIGNED,SYSTEM
1708,272,1,ASSIGNED,SYSTEM
1709,273,46,ASSIGNED,SYSTEM
1710,273,73,ASSIGNED,SYSTEM
1711,273,10,ASSIGNED,SYSTEM
1712,273,28,ASSIGNED,SYSTEM
1713,273,55,ASSIGNED,SYSTEM
1714,273,37,ASSIGNED,SYSTEM
1715,274,20,ASSIGNED,SYSTEM
1716,274,29,ASSIGNED,SYSTEM
1717,274,47,ASSIGNED,SYSTEM
1718,274,56,ASSIGNED,SYSTEM
1719,274,65,ASSIGNED,SYSTEM
1720,274,11,ASSIGNED,SYSTEM
1721,274,2,ASSIGNED,SYSTEM
1722,274,38,ASSIGNED,SYSTEM
1723,274,74,ASSIGNED,SYSTEM
1724,274,83,ASSIGNED,SYSTEM
1725,275,83,ASSIGNED,SYSTEM
1726,275,74,ASSIGNED,SYSTEM
1727,275,2,ASSIGNED,SYSTEM
1728,275,29,ASSIGNED,SYSTEM
1729,275,65,ASSIGNED,SYSTEM
1730,275,38,ASSIGNED,SYSTEM
1731,275,47,ASSIGNED,SYSTEM
1732,275,20,ASSIGNED,SYSTEM
1733,275,11,ASSIGNED,SYSTEM
1734,275,56,ASSIGNED,SYSTEM
1735,276,29,ASSIGNED,SYSTEM
1736,276,83,ASSIGNED,SYSTEM
1737,276,2,ASSIGNED,SYSTEM
1738,276,74,ASSIGNED,SYSTEM
1739,276,56,ASSIGNED,SYSTEM
1740,276,11,ASSIGNED,SYSTEM
1741,276,20,ASSIGNED,SYSTEM
1742,276,65,ASSIGNED,SYSTEM
1743,276,38,ASSIGNED,SYSTEM
1744,276,47,ASSIGNED,SYSTEM
1745,277,57,ASSIGNED,SYSTEM
1746,277,21,ASSIGNED,SYSTEM
1747,277,39,ASSIGNED,SYSTEM
1748,277,30,ASSIGNED,SYSTEM
1749,277,66,ASSIGNED,SYSTEM
1750,278,12,ASSIGNED,SYSTEM
1751,278,48,ASSIGNED,SYSTEM
1752,278,84,ASSIGNED,SYSTEM
1753,278,3,ASSIGNED,SYSTEM
1754,278,39,ASSIGNED,SYSTEM
1755,278,30,ASSIGNED,SYSTEM
1756,279,57,ASSIGNED,SYSTEM
1757,279,12,ASSIGNED,SYSTEM
1758,279,39,ASSIGNED,SYSTEM
1759,279,30,ASSIGNED,SYSTEM
1760,279,21,ASSIGNED,SYSTEM
1761,279,84,ASSIGNED,SYSTEM
1762,280,40,ASSIGNED,SYSTEM
1763,280,85,ASSIGNED,SYSTEM
1764,280,49,ASSIGNED,SYSTEM
1765,280,13,ASSIGNED,SYSTEM
1766,280,76,ASSIGNED,SYSTEM
1767,280,31,ASSIGNED,SYSTEM
1768,281,67,ASSIGNED,SYSTEM
1769,281,85,ASSIGNED,SYSTEM
1770,281,76,ASSIGNED,SYSTEM
1771,281,13,ASSIGNED,SYSTEM
1772,281,22,ASSIGNED,SYSTEM
1773,281,58,ASSIGNED,SYSTEM
1774,282,13,ASSIGNED,SYSTEM
1775,282,49,ASSIGNED,SYSTEM
1776,282,40,ASSIGNED,SYSTEM
1777,282,76,ASSIGNED,SYSTEM
1778,282,58,ASSIGNED,SYSTEM
1779,282,4,ASSIGNED,SYSTEM
1780,283,14,ASSIGNED,SYSTEM
1781,283,50,ASSIGNED,SYSTEM
1782,283,68,ASSIGNED,SYSTEM
1783,283,77,ASSIGNED,SYSTEM
1784,283,41,ASSIGNED,SYSTEM
1785,283,23,ASSIGNED,SYSTEM
1786,283,86,ASSIGNED,SYSTEM
1787,283,59,ASSIGNED,SYSTEM
1788,284,77,ASSIGNED,SYSTEM
1789,284,59,ASSIGNED,SYSTEM
1790,284,32,ASSIGNED,SYSTEM
1791,284,50,ASSIGNED,SYSTEM
1792,284,5,ASSIGNED,SYSTEM
1793,284,68,ASSIGNED,SYSTEM
1794,284,41,ASSIGNED,SYSTEM
1795,284,14,ASSIGNED,SYSTEM
1796,285,86,ASSIGNED,SYSTEM
1797,285,14,ASSIGNED,SYSTEM
1798,285,68,ASSIGNED,SYSTEM
1799,285,23,ASSIGNED,SYSTEM
1800,285,5,ASSIGNED,SYSTEM
1801,285,50,ASSIGNED,SYSTEM
1802,285,59,ASSIGNED,SYSTEM
1803,285,32,ASSIGNED,SYSTEM
1804,286,51,ASSIGNED,SYSTEM
1805,286,69,ASSIGNED,SYSTEM
1806,286,15,ASSIGNED,SYSTEM
1807,286,42,ASSIGNED,SYSTEM
1808,286,33,ASSIGNED,SYSTEM
1809,286,24,ASSIGNED,SYSTEM
1810,286,78,ASSIGNED,SYSTEM
1811,286,87,ASSIGNED,SYSTEM
1812,287,60,ASSIGNED,SYSTEM
1813,287,33,ASSIGNED,SYSTEM
1814,287,51,ASSIGNED,SYSTEM
1815,287,15,ASSIGNED,SYSTEM
1816,287,6,ASSIGNED,SYSTEM
1817,287,42,ASSIGNED,SYSTEM
1818,287,24,ASSIGNED,SYSTEM
1819,287,87,ASSIGNED,SYSTEM
1820,288,87,ASSIGNED,SYSTEM
1821,288,51,ASSIGNED,SYSTEM
1822,288,42,ASSIGNED,SYSTEM
1823,288,15,ASSIGNED,SYSTEM
1824,288,33,ASSIGNED,SYSTEM
1825,288,6,ASSIGNED,SYSTEM
1826,288,24,ASSIGNED,SYSTEM
1827,288,69,ASSIGNED,SYSTEM
1828,289,61,ASSIGNED,SYSTEM
1829,289,25,ASSIGNED,SYSTEM
1830,289,43,ASSIGNED,SYSTEM
1831,290,34,ASSIGNED,SYSTEM
1832,290,25,ASSIGNED,SYSTEM
1833,290,70,ASSIGNED,SYSTEM
1834,290,79,ASSIGNED,SYSTEM
1835,290,7,ASSIGNED,SYSTEM
1836,291,25,ASSIGNED,SYSTEM
1837,291,79,ASSIGNED,SYSTEM
1838,291,70,ASSIGNED,SYSTEM
1839,291,61,ASSIGNED,SYSTEM
1840,291,34,ASSIGNED,SYSTEM
1841,292,26,ASSIGNED,SYSTEM
1842,292,17,ASSIGNED,SYSTEM
1843,292,62,ASSIGNED,SYSTEM
1844,292,71,ASSIGNED,SYSTEM
1845,292,89,ASSIGNED,SYSTEM
1846,293,71,ASSIGNED,SYSTEM
1847,293,53,ASSIGNED,SYSTEM
1848,293,44,ASSIGNED,SYSTEM
1849,293,26,ASSIGNED,SYSTEM
1850,293,35,ASSIGNED,SYSTEM
1851,294,17,ASSIGNED,SYSTEM
1852,294,53,ASSIGNED,SYSTEM
1853,294,62,ASSIGNED,SYSTEM
1854,294,35,ASSIGNED,SYSTEM
1855,294,44,ASSIGNED,SYSTEM
1856,295,45,ASSIGNED,SYSTEM
1857,295,18,ASSIGNED,SYSTEM
1858,295,63,ASSIGNED,SYSTEM
1859,295,72,ASSIGNED,SYSTEM
1860,296,27,ASSIGNED,SYSTEM
1861,296,45,ASSIGNED,SYSTEM
1862,296,18,ASSIGNED,SYSTEM
1863,296,81,ASSIGNED,SYSTEM
1864,297,90,ASSIGNED,SYSTEM
1865,297,27,ASSIGNED,SYSTEM
1866,297,36,ASSIGNED,SYSTEM
1867,297,63,ASSIGNED,SYSTEM
1868,298,91,ASSIGNED,SYSTEM
1869,298,99,ASSIGNED,SYSTEM
1870,298,92,ASSIGNED,SYSTEM
1871,298,97,ASSIGNED,SYSTEM
1872,298,98,ASSIGNED,SYSTEM
1873,299,99,ASSIGNED,SYSTEM
1874,299,96,ASSIGNED,SYSTEM
1875,299,94,ASSIGNED,SYSTEM
1876,299,95,ASSIGNED,SYSTEM
1877,299,91,ASSIGNED,SYSTEM
1878,300,99,ASSIGNED,SYSTEM
1879,300,94,ASSIGNED,SYSTEM
1880,300,91,ASSIGNED,SYSTEM
1881,300,92,ASSIGNED,SYSTEM
1882,300,98,ASSIGNED,SYSTEM
1883,301,28,ASSIGNED,SYSTEM
1884,301,55,ASSIGNED,SYSTEM
1885,301,73,ASSIGNED,SYSTEM
1886,301,10,ASSIGNED,SYSTEM
1887,301,64,ASSIGNED,SYSTEM
1888,301,1,ASSIGNED,SYSTEM
1889,302,55,ASSIGNED,SYSTEM
1890,302,64,ASSIGNED,SYSTEM
1891,302,46,ASSIGNED,SYSTEM
1892,302,37,ASSIGNED,SYSTEM
1893,302,10,ASSIGNED,SYSTEM
1894,302,19,ASSIGNED,SYSTEM
1895,302,28,ASSIGNED,SYSTEM
1896,303,1,ASSIGNED,SYSTEM
1897,303,82,ASSIGNED,SYSTEM
1898,303,37,ASSIGNED,SYSTEM
1899,303,19,ASSIGNED,SYSTEM
1900,303,55,ASSIGNED,SYSTEM
1901,303,64,ASSIGNED,SYSTEM
1902,303,73,ASSIGNED,SYSTEM
1903,303,28,ASSIGNED,SYSTEM
1904,304,65,ASSIGNED,SYSTEM
1905,304,47,ASSIGNED,SYSTEM
1906,304,74,ASSIGNED,SYSTEM
1907,304,29,ASSIGNED,SYSTEM
1908,304,2,ASSIGNED,SYSTEM
1909,304,11,ASSIGNED,SYSTEM
1910,304,20,ASSIGNED,SYSTEM
1911,304,56,ASSIGNED,SYSTEM
1912,304,38,ASSIGNED,SYSTEM
1913,304,83,ASSIGNED,SYSTEM
1914,305,20,ASSIGNED,SYSTEM
1915,305,38,ASSIGNED,SYSTEM
1916,305,74,ASSIGNED,SYSTEM
1917,305,56,ASSIGNED,SYSTEM
1918,305,65,ASSIGNED,SYSTEM
1919,305,11,ASSIGNED,SYSTEM
1920,305,47,ASSIGNED,SYSTEM
1921,305,83,ASSIGNED,SYSTEM
1922,305,2,ASSIGNED,SYSTEM
1923,305,29,ASSIGNED,SYSTEM
1924,306,83,ASSIGNED,SYSTEM
1925,306,74,ASSIGNED,SYSTEM
1926,306,38,ASSIGNED,SYSTEM
1927,306,20,ASSIGNED,SYSTEM
1928,306,2,ASSIGNED,SYSTEM
1929,306,11,ASSIGNED,SYSTEM
1930,306,65,ASSIGNED,SYSTEM
1931,306,29,ASSIGNED,SYSTEM
1932,306,56,ASSIGNED,SYSTEM
1933,306,47,ASSIGNED,SYSTEM
1934,307,75,ASSIGNED,SYSTEM
1935,307,39,ASSIGNED,SYSTEM
1936,307,84,ASSIGNED,SYSTEM
1937,307,57,ASSIGNED,SYSTEM
1938,307,30,ASSIGNED,SYSTEM
1939,307,21,ASSIGNED,SYSTEM
1940,308,48,ASSIGNED,SYSTEM
1941,308,75,ASSIGNED,SYSTEM
1942,308,66,ASSIGNED,SYSTEM
1943,308,39,ASSIGNED,SYSTEM
1944,308,57,ASSIGNED,SYSTEM
1945,308,21,ASSIGNED,SYSTEM
1946,309,21,ASSIGNED,SYSTEM
1947,309,39,ASSIGNED,SYSTEM
1948,309,66,ASSIGNED,SYSTEM
1949,309,84,ASSIGNED,SYSTEM
1950,309,3,ASSIGNED,SYSTEM
1951,310,67,ASSIGNED,SYSTEM
1952,310,40,ASSIGNED,SYSTEM
1953,310,31,ASSIGNED,SYSTEM
1954,310,13,ASSIGNED,SYSTEM
1955,310,76,ASSIGNED,SYSTEM
1956,310,85,ASSIGNED,SYSTEM
1957,311,58,ASSIGNED,SYSTEM
1958,311,4,ASSIGNED,SYSTEM
1959,311,22,ASSIGNED,SYSTEM
1960,311,85,ASSIGNED,SYSTEM
1961,311,40,ASSIGNED,SYSTEM
1962,311,13,ASSIGNED,SYSTEM
1963,312,4,ASSIGNED,SYSTEM
1964,312,40,ASSIGNED,SYSTEM
1965,312,67,ASSIGNED,SYSTEM
1966,312,31,ASSIGNED,SYSTEM
1967,312,49,ASSIGNED,SYSTEM
1968,312,85,ASSIGNED,SYSTEM
1969,313,77,ASSIGNED,SYSTEM
1970,313,68,ASSIGNED,SYSTEM
1971,313,23,ASSIGNED,SYSTEM
1972,313,14,ASSIGNED,SYSTEM
1973,313,86,ASSIGNED,SYSTEM
1974,313,41,ASSIGNED,SYSTEM
1975,313,5,ASSIGNED,SYSTEM
1976,314,59,ASSIGNED,SYSTEM
1977,314,68,ASSIGNED,SYSTEM
1978,314,41,ASSIGNED,SYSTEM
1979,314,14,ASSIGNED,SYSTEM
1980,314,86,ASSIGNED,SYSTEM
1981,314,77,ASSIGNED,SYSTEM
1982,314,5,ASSIGNED,SYSTEM
1983,314,32,ASSIGNED,SYSTEM
1984,315,23,ASSIGNED,SYSTEM
1985,315,77,ASSIGNED,SYSTEM
1986,315,86,ASSIGNED,SYSTEM
1987,315,5,ASSIGNED,SYSTEM
1988,315,41,ASSIGNED,SYSTEM
1989,315,50,ASSIGNED,SYSTEM
1990,315,59,ASSIGNED,SYSTEM
1991,315,68,ASSIGNED,SYSTEM
1992,316,6,ASSIGNED,SYSTEM
1993,316,60,ASSIGNED,SYSTEM
1994,316,87,ASSIGNED,SYSTEM
1995,316,24,ASSIGNED,SYSTEM
1996,316,15,ASSIGNED,SYSTEM
1997,316,33,ASSIGNED,SYSTEM
1998,316,42,ASSIGNED,SYSTEM
1999,316,69,ASSIGNED,SYSTEM
2000,317,15,ASSIGNED,SYSTEM
2001,317,6,ASSIGNED,SYSTEM
2002,317,51,ASSIGNED,SYSTEM
2003,317,60,ASSIGNED,SYSTEM
2004,317,42,ASSIGNED,SYSTEM
2005,317,24,ASSIGNED,SYSTEM
2006,317,33,ASSIGNED,SYSTEM
2007,317,87,ASSIGNED,SYSTEM
2008,318,6,ASSIGNED,SYSTEM
2009,318,24,ASSIGNED,SYSTEM
2010,318,42,ASSIGNED,SYSTEM
2011,318,51,ASSIGNED,SYSTEM
2012,318,60,ASSIGNED,SYSTEM
2013,318,15,ASSIGNED,SYSTEM
2014,318,69,ASSIGNED,SYSTEM
2015,318,78,ASSIGNED,SYSTEM
2016,319,88,ASSIGNED,SYSTEM
2017,319,34,ASSIGNED,SYSTEM
2018,319,70,ASSIGNED,SYSTEM
2019,319,16,ASSIGNED,SYSTEM
2020,319,7,ASSIGNED,SYSTEM
2021,320,88,ASSIGNED,SYSTEM
2022,320,61,ASSIGNED,SYSTEM
2023,320,25,ASSIGNED,SYSTEM
2024,320,34,ASSIGNED,SYSTEM
2025,320,7,ASSIGNED,SYSTEM
2026,321,7,ASSIGNED,SYSTEM
2027,321,43,ASSIGNED,SYSTEM
2028,321,16,ASSIGNED,SYSTEM
2029,321,52,ASSIGNED,SYSTEM
2030,321,25,ASSIGNED,SYSTEM
2031,322,44,ASSIGNED,SYSTEM
2032,322,89,ASSIGNED,SYSTEM
2033,322,53,ASSIGNED,SYSTEM
2034,322,80,ASSIGNED,SYSTEM
2035,322,71,ASSIGNED,SYSTEM
2036,323,89,ASSIGNED,SYSTEM
2037,323,53,ASSIGNED,SYSTEM
2038,323,35,ASSIGNED,SYSTEM
2039,323,8,ASSIGNED,SYSTEM
2040,323,71,ASSIGNED,SYSTEM
2041,324,80,ASSIGNED,SYSTEM
2042,324,71,ASSIGNED,SYSTEM
2043,324,89,ASSIGNED,SYSTEM
2044,324,44,ASSIGNED,SYSTEM
2045,324,62,ASSIGNED,SYSTEM
2046,325,63,ASSIGNED,SYSTEM
2047,325,90,ASSIGNED,SYSTEM
2048,325,18,ASSIGNED,SYSTEM
2049,325,72,ASSIGNED,SYSTEM
2050,326,63,ASSIGNED,SYSTEM
2051,326,27,ASSIGNED,SYSTEM
2052,326,81,ASSIGNED,SYSTEM
2053,326,36,ASSIGNED,SYSTEM
2054,327,9,ASSIGNED,SYSTEM
2055,327,18,ASSIGNED,SYSTEM
2056,327,27,ASSIGNED,SYSTEM
2057,327,81,ASSIGNED,SYSTEM
2058,328,93,ASSIGNED,SYSTEM
2059,328,98,ASSIGNED,SYSTEM
2060,328,91,ASSIGNED,SYSTEM
2061,328,95,ASSIGNED,SYSTEM
2062,329,97,ASSIGNED,SYSTEM
2063,329,100,ASSIGNED,SYSTEM
2064,329,94,ASSIGNED,SYSTEM
2065,329,96,ASSIGNED,SYSTEM
2066,329,95,ASSIGNED,SYSTEM
2067,330,91,ASSIGNED,SYSTEM
2068,330,97,ASSIGNED,SYSTEM
2069,330,93,ASSIGNED,SYSTEM
2070,330,95,ASSIGNED,SYSTEM
2071,330,100,ASSIGNED,SYSTEM
2072,331,37,ASSIGNED,SYSTEM
2073,331,64,ASSIGNED,SYSTEM
2074,331,82,ASSIGNED,SYSTEM
2075,331,28,ASSIGNED,SYSTEM
2076,331,19,ASSIGNED,SYSTEM
2077,331,55,ASSIGNED,SYSTEM
2078,331,10,ASSIGNED,SYSTEM
2079,331,73,ASSIGNED,SYSTEM
2080,332,37,ASSIGNED,SYSTEM
2081,332,64,ASSIGNED,SYSTEM
2082,332,46,ASSIGNED,SYSTEM
2083,332,19,ASSIGNED,SYSTEM
2084,332,1,ASSIGNED,SYSTEM
2085,332,28,ASSIGNED,SYSTEM
2086,332,73,ASSIGNED,SYSTEM
2087,332,82,ASSIGNED,SYSTEM
2088,333,64,ASSIGNED,SYSTEM
2089,333,28,ASSIGNED,SYSTEM
2090,333,55,ASSIGNED,SYSTEM
2091,333,73,ASSIGNED,SYSTEM
2092,333,82,ASSIGNED,SYSTEM
2093,333,46,ASSIGNED,SYSTEM
2094,334,38,ASSIGNED,SYSTEM
2095,334,47,ASSIGNED,SYSTEM
2096,334,56,ASSIGNED,SYSTEM
2097,334,11,ASSIGNED,SYSTEM
2098,334,74,ASSIGNED,SYSTEM
2099,334,65,ASSIGNED,SYSTEM
2100,334,83,ASSIGNED,SYSTEM
2101,334,29,ASSIGNED,SYSTEM
2102,334,20,ASSIGNED,SYSTEM
2103,334,2,ASSIGNED,SYSTEM
2104,335,47,ASSIGNED,SYSTEM
2105,335,83,ASSIGNED,SYSTEM
2106,335,29,ASSIGNED,SYSTEM
2107,335,56,ASSIGNED,SYSTEM
2108,335,38,ASSIGNED,SYSTEM
2109,335,20,ASSIGNED,SYSTEM
2110,335,2,ASSIGNED,SYSTEM
2111,335,65,ASSIGNED,SYSTEM
2112,335,11,ASSIGNED,SYSTEM
2113,335,74,ASSIGNED,SYSTEM
2114,336,65,ASSIGNED,SYSTEM
2115,336,74,ASSIGNED,SYSTEM
2116,336,47,ASSIGNED,SYSTEM
2117,336,29,ASSIGNED,SYSTEM
2118,336,38,ASSIGNED,SYSTEM
2119,336,11,ASSIGNED,SYSTEM
2120,336,2,ASSIGNED,SYSTEM
2121,336,20,ASSIGNED,SYSTEM
2122,336,83,ASSIGNED,SYSTEM
2123,336,56,ASSIGNED,SYSTEM
2124,337,3,ASSIGNED,SYSTEM
2125,337,48,ASSIGNED,SYSTEM
2126,337,39,ASSIGNED,SYSTEM
2127,337,75,ASSIGNED,SYSTEM
2128,337,66,ASSIGNED,SYSTEM
2129,337,12,ASSIGNED,SYSTEM
2130,338,12,ASSIGNED,SYSTEM
2131,338,57,ASSIGNED,SYSTEM
2132,338,3,ASSIGNED,SYSTEM
2133,338,84,ASSIGNED,SYSTEM
2134,338,66,ASSIGNED,SYSTEM
2135,338,48,ASSIGNED,SYSTEM
2136,339,3,ASSIGNED,SYSTEM
2137,339,48,ASSIGNED,SYSTEM
2138,339,84,ASSIGNED,SYSTEM
2139,339,75,ASSIGNED,SYSTEM
2140,339,39,ASSIGNED,SYSTEM
2141,339,30,ASSIGNED,SYSTEM
2142,340,58,ASSIGNED,SYSTEM
2143,340,22,ASSIGNED,SYSTEM
2144,340,13,ASSIGNED,SYSTEM
2145,340,49,ASSIGNED,SYSTEM
2146,340,4,ASSIGNED,SYSTEM
2147,340,40,ASSIGNED,SYSTEM
2148,341,22,ASSIGNED,SYSTEM
2149,341,67,ASSIGNED,SYSTEM
2150,341,4,ASSIGNED,SYSTEM
2151,341,85,ASSIGNED,SYSTEM
2152,341,31,ASSIGNED,SYSTEM
2153,342,13,ASSIGNED,SYSTEM
2154,342,76,ASSIGNED,SYSTEM
2155,342,85,ASSIGNED,SYSTEM
2156,342,31,ASSIGNED,SYSTEM
2157,342,4,ASSIGNED,SYSTEM
2158,342,40,ASSIGNED,SYSTEM
2159,343,14,ASSIGNED,SYSTEM
2160,343,86,ASSIGNED,SYSTEM
2161,343,59,ASSIGNED,SYSTEM
2162,343,5,ASSIGNED,SYSTEM
2163,343,77,ASSIGNED,SYSTEM
2164,343,68,ASSIGNED,SYSTEM
2165,343,50,ASSIGNED,SYSTEM
2166,343,41,ASSIGNED,SYSTEM
2167,344,41,ASSIGNED,SYSTEM
2168,344,32,ASSIGNED,SYSTEM
2169,344,86,ASSIGNED,SYSTEM
2170,344,77,ASSIGNED,SYSTEM
2171,344,50,ASSIGNED,SYSTEM
2172,344,5,ASSIGNED,SYSTEM
2173,344,23,ASSIGNED,SYSTEM
2174,344,14,ASSIGNED,SYSTEM
2175,345,86,ASSIGNED,SYSTEM
2176,345,14,ASSIGNED,SYSTEM
2177,345,59,ASSIGNED,SYSTEM
2178,345,50,ASSIGNED,SYSTEM
2179,345,68,ASSIGNED,SYSTEM
2180,345,5,ASSIGNED,SYSTEM
2181,346,24,ASSIGNED,SYSTEM
2182,346,78,ASSIGNED,SYSTEM
2183,346,42,ASSIGNED,SYSTEM
2184,346,6,ASSIGNED,SYSTEM
2185,346,33,ASSIGNED,SYSTEM
2186,346,15,ASSIGNED,SYSTEM
2187,346,69,ASSIGNED,SYSTEM
2188,346,87,ASSIGNED,SYSTEM
2189,347,78,ASSIGNED,SYSTEM
2190,347,6,ASSIGNED,SYSTEM
2191,347,87,ASSIGNED,SYSTEM
2192,347,42,ASSIGNED,SYSTEM
2193,347,33,ASSIGNED,SYSTEM
2194,347,60,ASSIGNED,SYSTEM
2195,348,24,ASSIGNED,SYSTEM
2196,348,6,ASSIGNED,SYSTEM
2197,348,42,ASSIGNED,SYSTEM
2198,348,60,ASSIGNED,SYSTEM
2199,348,87,ASSIGNED,SYSTEM
2200,348,69,ASSIGNED,SYSTEM
2201,348,51,ASSIGNED,SYSTEM
2202,348,33,ASSIGNED,SYSTEM
2203,349,61,ASSIGNED,SYSTEM
2204,349,52,ASSIGNED,SYSTEM
2205,349,43,ASSIGNED,SYSTEM
2206,350,61,ASSIGNED,SYSTEM
2207,350,88,ASSIGNED,SYSTEM
2208,350,52,ASSIGNED,SYSTEM
2209,350,79,ASSIGNED,SYSTEM
2210,350,16,ASSIGNED,SYSTEM
2211,351,88,ASSIGNED,SYSTEM
2212,351,25,ASSIGNED,SYSTEM
2213,351,16,ASSIGNED,SYSTEM
2214,351,61,ASSIGNED,SYSTEM
2215,351,43,ASSIGNED,SYSTEM
2216,352,26,ASSIGNED,SYSTEM
2217,352,62,ASSIGNED,SYSTEM
2218,352,53,ASSIGNED,SYSTEM
2219,352,44,ASSIGNED,SYSTEM
2220,352,17,ASSIGNED,SYSTEM
2221,353,80,ASSIGNED,SYSTEM
2222,353,62,ASSIGNED,SYSTEM
2223,353,44,ASSIGNED,SYSTEM
2224,353,26,ASSIGNED,SYSTEM
2225,353,53,ASSIGNED,SYSTEM
2226,354,62,ASSIGNED,SYSTEM
2227,354,44,ASSIGNED,SYSTEM
2228,354,71,ASSIGNED,SYSTEM
2229,354,89,ASSIGNED,SYSTEM
2230,354,8,ASSIGNED,SYSTEM
2231,355,27,ASSIGNED,SYSTEM
2232,355,9,ASSIGNED,SYSTEM
2233,355,81,ASSIGNED,SYSTEM
2234,355,72,ASSIGNED,SYSTEM
2235,356,81,ASSIGNED,SYSTEM
2236,356,54,ASSIGNED,SYSTEM
2237,356,45,ASSIGNED,SYSTEM
2238,356,9,ASSIGNED,SYSTEM
2239,357,45,ASSIGNED,SYSTEM
2240,357,54,ASSIGNED,SYSTEM
2241,357,81,ASSIGNED,SYSTEM
2242,357,27,ASSIGNED,SYSTEM
2243,358,99,ASSIGNED,SYSTEM
2244,358,96,ASSIGNED,SYSTEM
2245,358,100,ASSIGNED,SYSTEM
2246,358,97,ASSIGNED,SYSTEM
2247,358,95,ASSIGNED,SYSTEM
2248,359,93,ASSIGNED,SYSTEM
2249,359,91,ASSIGNED,SYSTEM
2250,359,100,ASSIGNED,SYSTEM
2251,359,99,ASSIGNED,SYSTEM
2252,359,94,ASSIGNED,SYSTEM
2253,360,97,ASSIGNED,SYSTEM
2254,360,100,ASSIGNED,SYSTEM
2255,360,99,ASSIGNED,SYSTEM
2256,360,94,ASSIGNED,SYSTEM
2257,360,95,ASSIGNED,SYSTEM
2258,361,64,ASSIGNED,SYSTEM
2259,361,10,ASSIGNED,SYSTEM
2260,361,46,ASSIGNED,SYSTEM
2261,361,19,ASSIGNED,SYSTEM
2262,361,55,ASSIGNED,SYSTEM
2263,361,37,ASSIGNED,SYSTEM
2264,361,82,ASSIGNED,SYSTEM
2265,361,28,ASSIGNED,SYSTEM
2266,362,55,ASSIGNED,SYSTEM
2267,362,37,ASSIGNED,SYSTEM
2268,362,64,ASSIGNED,SYSTEM
2269,362,46,ASSIGNED,SYSTEM
2270,362,82,ASSIGNED,SYSTEM
2271,362,19,ASSIGNED,SYSTEM
2272,363,64,ASSIGNED,SYSTEM
2273,363,82,ASSIGNED,SYSTEM
2274,363,19,ASSIGNED,SYSTEM
2275,363,73,ASSIGNED,SYSTEM
2276,363,37,ASSIGNED,SYSTEM
2277,363,46,ASSIGNED,SYSTEM
2278,363,10,ASSIGNED,SYSTEM
2279,363,1,ASSIGNED,SYSTEM
2280,364,56,ASSIGNED,SYSTEM
2281,364,11,ASSIGNED,SYSTEM
2282,364,83,ASSIGNED,SYSTEM
2283,364,29,ASSIGNED,SYSTEM
2284,364,74,ASSIGNED,SYSTEM
2285,364,2,ASSIGNED,SYSTEM
2286,364,65,ASSIGNED,SYSTEM
2287,364,47,ASSIGNED,SYSTEM
2288,364,38,ASSIGNED,SYSTEM
2289,364,20,ASSIGNED,SYSTEM
2290,365,38,ASSIGNED,SYSTEM
2291,365,74,ASSIGNED,SYSTEM
2292,365,56,ASSIGNED,SYSTEM
2293,365,83,ASSIGNED,SYSTEM
2294,365,65,ASSIGNED,SYSTEM
2295,365,11,ASSIGNED,SYSTEM
2296,365,20,ASSIGNED,SYSTEM
2297,365,47,ASSIGNED,SYSTEM
2298,365,29,ASSIGNED,SYSTEM
2299,365,2,ASSIGNED,SYSTEM
2300,366,20,ASSIGNED,SYSTEM
2301,366,65,ASSIGNED,SYSTEM
2302,366,74,ASSIGNED,SYSTEM
2303,366,38,ASSIGNED,SYSTEM
2304,366,2,ASSIGNED,SYSTEM
2305,366,83,ASSIGNED,SYSTEM
2306,366,11,ASSIGNED,SYSTEM
2307,366,47,ASSIGNED,SYSTEM
2308,366,56,ASSIGNED,SYSTEM
2309,366,29,ASSIGNED,SYSTEM
2310,367,84,ASSIGNED,SYSTEM
2311,367,39,ASSIGNED,SYSTEM
2312,367,66,ASSIGNED,SYSTEM
2313,367,48,ASSIGNED,SYSTEM
2314,367,75,ASSIGNED,SYSTEM
2315,367,57,ASSIGNED,SYSTEM
2316,368,66,ASSIGNED,SYSTEM
2317,368,39,ASSIGNED,SYSTEM
2318,368,3,ASSIGNED,SYSTEM
2319,368,21,ASSIGNED,SYSTEM
2320,368,57,ASSIGNED,SYSTEM
2321,368,48,ASSIGNED,SYSTEM
2322,369,3,ASSIGNED,SYSTEM
2323,369,48,ASSIGNED,SYSTEM
2324,369,84,ASSIGNED,SYSTEM
2325,369,75,ASSIGNED,SYSTEM
2326,369,66,ASSIGNED,SYSTEM
2327,369,12,ASSIGNED,SYSTEM
2328,370,49,ASSIGNED,SYSTEM
2329,370,13,ASSIGNED,SYSTEM
2330,370,58,ASSIGNED,SYSTEM
2331,370,76,ASSIGNED,SYSTEM
2332,370,85,ASSIGNED,SYSTEM
2333,371,40,ASSIGNED,SYSTEM
2334,371,22,ASSIGNED,SYSTEM
2335,371,49,ASSIGNED,SYSTEM
2336,371,4,ASSIGNED,SYSTEM
2337,371,31,ASSIGNED,SYSTEM
2338,371,13,ASSIGNED,SYSTEM
2339,372,4,ASSIGNED,SYSTEM
2340,372,31,ASSIGNED,SYSTEM
2341,372,58,ASSIGNED,SYSTEM
2342,372,67,ASSIGNED,SYSTEM
2343,372,85,ASSIGNED,SYSTEM
2344,372,49,ASSIGNED,SYSTEM
2345,373,23,ASSIGNED,SYSTEM
2346,373,14,ASSIGNED,SYSTEM
2347,373,5,ASSIGNED,SYSTEM
2348,373,59,ASSIGNED,SYSTEM
2349,373,50,ASSIGNED,SYSTEM
2350,373,77,ASSIGNED,SYSTEM
2351,373,32,ASSIGNED,SYSTEM
2352,374,77,ASSIGNED,SYSTEM
2353,374,50,ASSIGNED,SYSTEM
2354,374,86,ASSIGNED,SYSTEM
2355,374,41,ASSIGNED,SYSTEM
2356,374,5,ASSIGNED,SYSTEM
2357,374,59,ASSIGNED,SYSTEM
2358,375,5,ASSIGNED,SYSTEM
2359,375,41,ASSIGNED,SYSTEM
2360,375,14,ASSIGNED,SYSTEM
2361,375,86,ASSIGNED,SYSTEM
2362,375,23,ASSIGNED,SYSTEM
2363,375,50,ASSIGNED,SYSTEM
2364,376,24,ASSIGNED,SYSTEM
2365,376,42,ASSIGNED,SYSTEM
2366,376,51,ASSIGNED,SYSTEM
2367,376,78,ASSIGNED,SYSTEM
2368,376,33,ASSIGNED,SYSTEM
2369,376,69,ASSIGNED,SYSTEM
2370,376,6,ASSIGNED,SYSTEM
2371,376,60,ASSIGNED,SYSTEM
2372,377,33,ASSIGNED,SYSTEM
2373,377,15,ASSIGNED,SYSTEM
2374,377,87,ASSIGNED,SYSTEM
2375,377,6,ASSIGNED,SYSTEM
2376,377,24,ASSIGNED,SYSTEM
2377,377,60,ASSIGNED,SYSTEM
2378,377,78,ASSIGNED,SYSTEM
2379,377,69,ASSIGNED,SYSTEM
2380,378,15,ASSIGNED,SYSTEM
2381,378,87,ASSIGNED,SYSTEM
2382,378,42,ASSIGNED,SYSTEM
2383,378,51,ASSIGNED,SYSTEM
2384,378,24,ASSIGNED,SYSTEM
2385,378,6,ASSIGNED,SYSTEM
2386,378,69,ASSIGNED,SYSTEM
2387,378,78,ASSIGNED,SYSTEM
2388,379,34,ASSIGNED,SYSTEM
2389,379,61,ASSIGNED,SYSTEM
2390,379,7,ASSIGNED,SYSTEM
2391,379,52,ASSIGNED,SYSTEM
2392,379,88,ASSIGNED,SYSTEM
2393,380,25,ASSIGNED,SYSTEM
2394,380,70,ASSIGNED,SYSTEM
2395,380,34,ASSIGNED,SYSTEM
2396,380,88,ASSIGNED,SYSTEM
2397,380,7,ASSIGNED,SYSTEM
2398,381,7,ASSIGNED,SYSTEM
2399,381,16,ASSIGNED,SYSTEM
2400,381,52,ASSIGNED,SYSTEM
2401,381,25,ASSIGNED,SYSTEM
2402,381,34,ASSIGNED,SYSTEM
2403,382,8,ASSIGNED,SYSTEM
2404,382,35,ASSIGNED,SYSTEM
2405,382,44,ASSIGNED,SYSTEM
2406,382,71,ASSIGNED,SYSTEM
2407,382,26,ASSIGNED,SYSTEM
2408,383,71,ASSIGNED,SYSTEM
2409,383,17,ASSIGNED,SYSTEM
2410,383,53,ASSIGNED,SYSTEM
2411,383,89,ASSIGNED,SYSTEM
2412,383,80,ASSIGNED,SYSTEM
2413,384,26,ASSIGNED,SYSTEM
2414,384,8,ASSIGNED,SYSTEM
2415,384,89,ASSIGNED,SYSTEM
2416,384,71,ASSIGNED,SYSTEM
2417,384,17,ASSIGNED,SYSTEM
2418,385,63,ASSIGNED,SYSTEM
2419,385,54,ASSIGNED,SYSTEM
2420,385,90,ASSIGNED,SYSTEM
2421,385,81,ASSIGNED,SYSTEM
2422,386,72,ASSIGNED,SYSTEM
2423,386,81,ASSIGNED,SYSTEM
2424,386,45,ASSIGNED,SYSTEM
2425,386,90,ASSIGNED,SYSTEM
2426,387,54,ASSIGNED,SYSTEM
2427,387,81,ASSIGNED,SYSTEM
2428,387,45,ASSIGNED,SYSTEM
2429,387,36,ASSIGNED,SYSTEM
2430,388,99,ASSIGNED,SYSTEM
2431,388,98,ASSIGNED,SYSTEM
2432,388,93,ASSIGNED,SYSTEM
2433,388,97,ASSIGNED,SYSTEM
2434,388,94,ASSIGNED,SYSTEM
2435,389,92,ASSIGNED,SYSTEM
2436,389,93,ASSIGNED,SYSTEM
2437,389,94,ASSIGNED,SYSTEM
2438,389,96,ASSIGNED,SYSTEM
2439,389,98,ASSIGNED,SYSTEM
2440,390,100,ASSIGNED,SYSTEM
2441,390,96,ASSIGNED,SYSTEM
2442,390,92,ASSIGNED,SYSTEM
2443,390,94,ASSIGNED,SYSTEM
2444,390,93,ASSIGNED,SYSTEM
2445,391,28,ASSIGNED,SYSTEM
2446,391,10,ASSIGNED,SYSTEM
2447,391,1,ASSIGNED,SYSTEM
2448,391,37,ASSIGNED,SYSTEM
2449,391,73,ASSIGNED,SYSTEM
2450,391,64,ASSIGNED,SYSTEM
2451,391,19,ASSIGNED,SYSTEM
2452,392,28,ASSIGNED,SYSTEM
2453,392,46,ASSIGNED,SYSTEM
2454,392,10,ASSIGNED,SYSTEM
2455,392,37,ASSIGNED,SYSTEM
2456,392,64,ASSIGNED,SYSTEM
2457,392,73,ASSIGNED,SYSTEM
2458,392,19,ASSIGNED,SYSTEM
2459,392,1,ASSIGNED,SYSTEM
2460,393,73,ASSIGNED,SYSTEM
2461,393,46,ASSIGNED,SYSTEM
2462,393,28,ASSIGNED,SYSTEM
2463,393,64,ASSIGNED,SYSTEM
2464,393,82,ASSIGNED,SYSTEM
2465,393,37,ASSIGNED,SYSTEM
2466,393,55,ASSIGNED,SYSTEM
2467,393,10,ASSIGNED,SYSTEM
2468,394,29,ASSIGNED,SYSTEM
2469,394,74,ASSIGNED,SYSTEM
2470,394,38,ASSIGNED,SYSTEM
2471,394,20,ASSIGNED,SYSTEM
2472,394,2,ASSIGNED,SYSTEM
2473,394,11,ASSIGNED,SYSTEM
2474,394,47,ASSIGNED,SYSTEM
2475,394,56,ASSIGNED,SYSTEM
2476,394,65,ASSIGNED,SYSTEM
2477,394,83,ASSIGNED,SYSTEM
2478,395,56,ASSIGNED,SYSTEM
2479,395,83,ASSIGNED,SYSTEM
2480,395,20,ASSIGNED,SYSTEM
2481,395,74,ASSIGNED,SYSTEM
2482,395,29,ASSIGNED,SYSTEM
2483,395,38,ASSIGNED,SYSTEM
2484,395,11,ASSIGNED,SYSTEM
2485,395,65,ASSIGNED,SYSTEM
2486,395,47,ASSIGNED,SYSTEM
2487,395,2,ASSIGNED,SYSTEM
2488,396,20,ASSIGNED,SYSTEM
2489,396,38,ASSIGNED,SYSTEM
2490,396,11,ASSIGNED,SYSTEM
2491,396,29,ASSIGNED,SYSTEM
2492,396,2,ASSIGNED,SYSTEM
2493,396,74,ASSIGNED,SYSTEM
2494,396,83,ASSIGNED,SYSTEM
2495,396,65,ASSIGNED,SYSTEM
2496,396,56,ASSIGNED,SYSTEM
2497,396,47,ASSIGNED,SYSTEM
2498,397,39,ASSIGNED,SYSTEM
2499,397,57,ASSIGNED,SYSTEM
2500,397,48,ASSIGNED,SYSTEM
2501,397,84,ASSIGNED,SYSTEM
2502,397,66,ASSIGNED,SYSTEM
2503,397,30,ASSIGNED,SYSTEM
2504,398,57,ASSIGNED,SYSTEM
2505,398,84,ASSIGNED,SYSTEM
2506,398,3,ASSIGNED,SYSTEM
2507,398,75,ASSIGNED,SYSTEM
2508,398,39,ASSIGNED,SYSTEM
2509,398,48,ASSIGNED,SYSTEM
2510,399,39,ASSIGNED,SYSTEM
2511,399,84,ASSIGNED,SYSTEM
2512,399,57,ASSIGNED,SYSTEM
2513,399,66,ASSIGNED,SYSTEM
2514,399,3,ASSIGNED,SYSTEM
2515,399,48,ASSIGNED,SYSTEM
2516,400,67,ASSIGNED,SYSTEM
2517,400,58,ASSIGNED,SYSTEM
2518,400,22,ASSIGNED,SYSTEM
2519,400,13,ASSIGNED,SYSTEM
2520,400,4,ASSIGNED,SYSTEM
2521,400,76,ASSIGNED,SYSTEM
2522,401,76,ASSIGNED,SYSTEM
2523,401,67,ASSIGNED,SYSTEM
2524,401,85,ASSIGNED,SYSTEM
2525,401,22,ASSIGNED,SYSTEM
2526,401,4,ASSIGNED,SYSTEM
2527,402,85,ASSIGNED,SYSTEM
2528,402,67,ASSIGNED,SYSTEM
2529,402,40,ASSIGNED,SYSTEM
2530,402,49,ASSIGNED,SYSTEM
2531,402,4,ASSIGNED,SYSTEM
2532,402,22,ASSIGNED,SYSTEM
2533,403,68,ASSIGNED,SYSTEM
2534,403,86,ASSIGNED,SYSTEM
2535,403,59,ASSIGNED,SYSTEM
2536,403,23,ASSIGNED,SYSTEM
2537,403,41,ASSIGNED,SYSTEM
2538,403,5,ASSIGNED,SYSTEM
2539,403,77,ASSIGNED,SYSTEM
2540,403,32,ASSIGNED,SYSTEM
2541,404,86,ASSIGNED,SYSTEM
2542,404,23,ASSIGNED,SYSTEM
2543,404,32,ASSIGNED,SYSTEM
2544,404,14,ASSIGNED,SYSTEM
2545,404,50,ASSIGNED,SYSTEM
2546,404,68,ASSIGNED,SYSTEM
2547,404,77,ASSIGNED,SYSTEM
2548,404,41,ASSIGNED,SYSTEM
2549,405,68,ASSIGNED,SYSTEM
2550,405,32,ASSIGNED,SYSTEM
2551,405,5,ASSIGNED,SYSTEM
2552,405,14,ASSIGNED,SYSTEM
2553,405,59,ASSIGNED,SYSTEM
2554,405,77,ASSIGNED,SYSTEM
2555,405,41,ASSIGNED,SYSTEM
2556,405,23,ASSIGNED,SYSTEM
2557,406,87,ASSIGNED,SYSTEM
2558,406,42,ASSIGNED,SYSTEM
2559,406,33,ASSIGNED,SYSTEM
2560,406,51,ASSIGNED,SYSTEM
2561,406,60,ASSIGNED,SYSTEM
2562,406,15,ASSIGNED,SYSTEM
2563,406,24,ASSIGNED,SYSTEM
2564,406,69,ASSIGNED,SYSTEM
2565,407,33,ASSIGNED,SYSTEM
2566,407,78,ASSIGNED,SYSTEM
2567,407,15,ASSIGNED,SYSTEM
2568,407,69,ASSIGNED,SYSTEM
2569,407,6,ASSIGNED,SYSTEM
2570,407,60,ASSIGNED,SYSTEM
2571,407,51,ASSIGNED,SYSTEM
2572,407,87,ASSIGNED,SYSTEM
2573,408,51,ASSIGNED,SYSTEM
2574,408,87,ASSIGNED,SYSTEM
2575,408,15,ASSIGNED,SYSTEM
2576,408,6,ASSIGNED,SYSTEM
2577,408,60,ASSIGNED,SYSTEM
2578,408,24,ASSIGNED,SYSTEM
2579,408,78,ASSIGNED,SYSTEM
2580,409,25,ASSIGNED,SYSTEM
2581,409,70,ASSIGNED,SYSTEM
2582,409,52,ASSIGNED,SYSTEM
2583,409,43,ASSIGNED,SYSTEM
2584,409,79,ASSIGNED,SYSTEM
2585,410,88,ASSIGNED,SYSTEM
2586,410,43,ASSIGNED,SYSTEM
2587,410,16,ASSIGNED,SYSTEM
2588,410,70,ASSIGNED,SYSTEM
2589,410,52,ASSIGNED,SYSTEM
2590,411,70,ASSIGNED,SYSTEM
2591,411,61,ASSIGNED,SYSTEM
2592,411,7,ASSIGNED,SYSTEM
2593,411,34,ASSIGNED,SYSTEM
2594,411,88,ASSIGNED,SYSTEM
2595,412,80,ASSIGNED,SYSTEM
2596,412,26,ASSIGNED,SYSTEM
2597,412,62,ASSIGNED,SYSTEM
2598,412,71,ASSIGNED,SYSTEM
2599,412,17,ASSIGNED,SYSTEM
2600,413,80,ASSIGNED,SYSTEM
2601,413,71,ASSIGNED,SYSTEM
2602,413,89,ASSIGNED,SYSTEM
2603,413,8,ASSIGNED,SYSTEM
2604,413,62,ASSIGNED,SYSTEM
2605,414,35,ASSIGNED,SYSTEM
2606,414,89,ASSIGNED,SYSTEM
2607,414,71,ASSIGNED,SYSTEM
2608,414,44,ASSIGNED,SYSTEM
2609,414,8,ASSIGNED,SYSTEM
2610,415,63,ASSIGNED,SYSTEM
2611,415,72,ASSIGNED,SYSTEM
2612,415,81,ASSIGNED,SYSTEM
2613,415,36,ASSIGNED,SYSTEM
2614,416,63,ASSIGNED,SYSTEM
2615,416,81,ASSIGNED,SYSTEM
2616,416,45,ASSIGNED,SYSTEM
2617,417,9,ASSIGNED,SYSTEM
2618,417,81,ASSIGNED,SYSTEM
2619,417,45,ASSIGNED,SYSTEM
2620,417,27,ASSIGNED,SYSTEM
2621,418,98,ASSIGNED,SYSTEM
2622,418,95,ASSIGNED,SYSTEM
2623,418,93,ASSIGNED,SYSTEM
2624,418,94,ASSIGNED,SYSTEM
2625,418,100,ASSIGNED,SYSTEM
2626,419,99,ASSIGNED,SYSTEM
2627,419,93,ASSIGNED,SYSTEM
2628,419,94,ASSIGNED,SYSTEM
2629,419,92,ASSIGNED,SYSTEM
2630,419,100,ASSIGNED,SYSTEM
2631,420,96,ASSIGNED,SYSTEM
2632,420,99,ASSIGNED,SYSTEM
2633,420,94,ASSIGNED,SYSTEM
2634,420,92,ASSIGNED,SYSTEM
2635,420,100,ASSIGNED,SYSTEM
2636,421,10,ASSIGNED,SYSTEM
2637,421,19,ASSIGNED,SYSTEM
2638,421,28,ASSIGNED,SYSTEM
2639,421,82,ASSIGNED,SYSTEM
2640,421,46,ASSIGNED,SYSTEM
2641,421,37,ASSIGNED,SYSTEM
2642,421,1,ASSIGNED,SYSTEM
2643,421,64,ASSIGNED,SYSTEM
2644,422,10,ASSIGNED,SYSTEM
2645,422,55,ASSIGNED,SYSTEM
2646,422,46,ASSIGNED,SYSTEM
2647,422,64,ASSIGNED,SYSTEM
2648,422,73,ASSIGNED,SYSTEM
2649,422,28,ASSIGNED,SYSTEM
2650,422,37,ASSIGNED,SYSTEM
2651,422,1,ASSIGNED,SYSTEM
2652,423,10,ASSIGNED,SYSTEM
2653,423,46,ASSIGNED,SYSTEM
2654,423,73,ASSIGNED,SYSTEM
2655,423,55,ASSIGNED,SYSTEM
2656,423,64,ASSIGNED,SYSTEM
2657,423,37,ASSIGNED,SYSTEM
2658,423,1,ASSIGNED,SYSTEM
2659,423,19,ASSIGNED,SYSTEM
2660,424,20,ASSIGNED,SYSTEM
2661,424,65,ASSIGNED,SYSTEM
2662,424,56,ASSIGNED,SYSTEM
2663,424,2,ASSIGNED,SYSTEM
2664,424,29,ASSIGNED,SYSTEM
2665,424,11,ASSIGNED,SYSTEM
2666,424,83,ASSIGNED,SYSTEM
2667,424,47,ASSIGNED,SYSTEM
2668,424,38,ASSIGNED,SYSTEM
2669,424,74,ASSIGNED,SYSTEM
2670,425,83,ASSIGNED,SYSTEM
2671,425,56,ASSIGNED,SYSTEM
2672,425,20,ASSIGNED,SYSTEM
2673,425,11,ASSIGNED,SYSTEM
2674,425,29,ASSIGNED,SYSTEM
2675,425,65,ASSIGNED,SYSTEM
2676,425,47,ASSIGNED,SYSTEM
2677,425,38,ASSIGNED,SYSTEM
2678,425,74,ASSIGNED,SYSTEM
2679,425,2,ASSIGNED,SYSTEM
2680,426,29,ASSIGNED,SYSTEM
2681,426,2,ASSIGNED,SYSTEM
2682,426,20,ASSIGNED,SYSTEM
2683,426,11,ASSIGNED,SYSTEM
2684,426,65,ASSIGNED,SYSTEM
2685,426,56,ASSIGNED,SYSTEM
2686,426,38,ASSIGNED,SYSTEM
2687,426,83,ASSIGNED,SYSTEM
2688,426,74,ASSIGNED,SYSTEM
2689,427,75,ASSIGNED,SYSTEM
2690,427,39,ASSIGNED,SYSTEM
2691,427,66,ASSIGNED,SYSTEM
2692,427,48,ASSIGNED,SYSTEM
2693,427,21,ASSIGNED,SYSTEM
2694,428,21,ASSIGNED,SYSTEM
2695,428,57,ASSIGNED,SYSTEM
2696,428,3,ASSIGNED,SYSTEM
2697,428,30,ASSIGNED,SYSTEM
2698,428,66,ASSIGNED,SYSTEM
2699,428,75,ASSIGNED,SYSTEM
2700,429,84,ASSIGNED,SYSTEM
2701,429,12,ASSIGNED,SYSTEM
2702,429,48,ASSIGNED,SYSTEM
2703,429,66,ASSIGNED,SYSTEM
2704,429,3,ASSIGNED,SYSTEM
2705,429,75,ASSIGNED,SYSTEM
2706,430,58,ASSIGNED,SYSTEM
2707,430,67,ASSIGNED,SYSTEM
2708,430,40,ASSIGNED,SYSTEM
2709,430,13,ASSIGNED,SYSTEM
2710,430,85,ASSIGNED,SYSTEM
2711,430,49,ASSIGNED,SYSTEM
2712,431,40,ASSIGNED,SYSTEM
2713,431,4,ASSIGNED,SYSTEM
2714,431,49,ASSIGNED,SYSTEM
2715,431,58,ASSIGNED,SYSTEM
2716,431,67,ASSIGNED,SYSTEM
2717,432,76,ASSIGNED,SYSTEM
2718,432,67,ASSIGNED,SYSTEM
2719,432,58,ASSIGNED,SYSTEM
2720,432,49,ASSIGNED,SYSTEM
2721,432,40,ASSIGNED,SYSTEM
2722,433,41,ASSIGNED,SYSTEM
2723,433,32,ASSIGNED,SYSTEM
2724,433,5,ASSIGNED,SYSTEM
2725,433,68,ASSIGNED,SYSTEM
2726,433,77,ASSIGNED,SYSTEM
2727,433,59,ASSIGNED,SYSTEM
2728,433,23,ASSIGNED,SYSTEM
2729,433,86,ASSIGNED,SYSTEM
2730,434,23,ASSIGNED,SYSTEM
2731,434,68,ASSIGNED,SYSTEM
2732,434,50,ASSIGNED,SYSTEM
2733,434,41,ASSIGNED,SYSTEM
2734,434,86,ASSIGNED,SYSTEM
2735,434,32,ASSIGNED,SYSTEM
2736,434,77,ASSIGNED,SYSTEM
2737,434,59,ASSIGNED,SYSTEM
2738,435,5,ASSIGNED,SYSTEM
2739,435,77,ASSIGNED,SYSTEM
2740,435,32,ASSIGNED,SYSTEM
2741,435,50,ASSIGNED,SYSTEM
2742,435,59,ASSIGNED,SYSTEM
2743,435,23,ASSIGNED,SYSTEM
2744,435,41,ASSIGNED,SYSTEM
2745,435,14,ASSIGNED,SYSTEM
2746,436,69,ASSIGNED,SYSTEM
2747,436,51,ASSIGNED,SYSTEM
2748,436,42,ASSIGNED,SYSTEM
2749,436,60,ASSIGNED,SYSTEM
2750,436,33,ASSIGNED,SYSTEM
2751,436,24,ASSIGNED,SYSTEM
2752,436,78,ASSIGNED,SYSTEM
2753,436,6,ASSIGNED,SYSTEM
2754,437,33,ASSIGNED,SYSTEM
2755,437,60,ASSIGNED,SYSTEM
2756,437,78,ASSIGNED,SYSTEM
2757,437,15,ASSIGNED,SYSTEM
2758,437,87,ASSIGNED,SYSTEM
2759,437,51,ASSIGNED,SYSTEM
2760,437,6,ASSIGNED,SYSTEM
2761,437,42,ASSIGNED,SYSTEM
2762,438,78,ASSIGNED,SYSTEM
2763,438,33,ASSIGNED,SYSTEM
2764,438,69,ASSIGNED,SYSTEM
2765,438,15,ASSIGNED,SYSTEM
2766,438,87,ASSIGNED,SYSTEM
2767,438,51,ASSIGNED,SYSTEM
2768,438,6,ASSIGNED,SYSTEM
2769,438,42,ASSIGNED,SYSTEM
2770,439,7,ASSIGNED,SYSTEM
2771,439,52,ASSIGNED,SYSTEM
2772,439,16,ASSIGNED,SYSTEM
2773,439,61,ASSIGNED,SYSTEM
2774,439,43,ASSIGNED,SYSTEM
2775,440,70,ASSIGNED,SYSTEM
2776,440,61,ASSIGNED,SYSTEM
2777,440,16,ASSIGNED,SYSTEM
2778,440,88,ASSIGNED,SYSTEM
2779,440,25,ASSIGNED,SYSTEM
2780,441,25,ASSIGNED,SYSTEM
2781,441,52,ASSIGNED,SYSTEM
2782,441,70,ASSIGNED,SYSTEM
2783,441,61,ASSIGNED,SYSTEM
2784,441,43,ASSIGNED,SYSTEM
2785,442,89,ASSIGNED,SYSTEM
2786,442,26,ASSIGNED,SYSTEM
2787,442,62,ASSIGNED,SYSTEM
2788,442,17,ASSIGNED,SYSTEM
2789,442,44,ASSIGNED,SYSTEM
2790,443,62,ASSIGNED,SYSTEM
2791,443,53,ASSIGNED,SYSTEM
2792,443,26,ASSIGNED,SYSTEM
2793,443,71,ASSIGNED,SYSTEM
2794,443,44,ASSIGNED,SYSTEM
2795,444,35,ASSIGNED,SYSTEM
2796,444,89,ASSIGNED,SYSTEM
2797,444,26,ASSIGNED,SYSTEM
2798,444,8,ASSIGNED,SYSTEM
2799,444,44,ASSIGNED,SYSTEM
2800,445,54,ASSIGNED,SYSTEM
2801,445,72,ASSIGNED,SYSTEM
2802,445,45,ASSIGNED,SYSTEM
2803,445,63,ASSIGNED,SYSTEM
2804,446,45,ASSIGNED,SYSTEM
2805,446,81,ASSIGNED,SYSTEM
2806,446,54,ASSIGNED,SYSTEM
2807,446,90,ASSIGNED,SYSTEM
2808,447,90,ASSIGNED,SYSTEM
2809,447,54,ASSIGNED,SYSTEM
2810,448,98,ASSIGNED,SYSTEM
2811,448,99,ASSIGNED,SYSTEM
2812,448,92,ASSIGNED,SYSTEM
2813,448,91,ASSIGNED,SYSTEM
2814,448,95,ASSIGNED,SYSTEM
2815,449,99,ASSIGNED,SYSTEM
2816,449,98,ASSIGNED,SYSTEM
2817,449,92,ASSIGNED,SYSTEM
2818,449,97,ASSIGNED,SYSTEM
2819,449,93,ASSIGNED,SYSTEM
2820,450,97,ASSIGNED,SYSTEM
2821,450,99,ASSIGNED,SYSTEM
2822,450,92,ASSIGNED,SYSTEM
2823,450,95,ASSIGNED,SYSTEM
2824,450,100,ASSIGNED,SYSTEM
2825,451,64,ASSIGNED,SYSTEM
2826,451,73,ASSIGNED,SYSTEM
2827,451,37,ASSIGNED,SYSTEM
2828,451,46,ASSIGNED,SYSTEM
2829,451,55,ASSIGNED,SYSTEM
2830,451,1,ASSIGNED,SYSTEM
2831,451,82,ASSIGNED,SYSTEM
2832,452,37,ASSIGNED,SYSTEM
2833,452,10,ASSIGNED,SYSTEM
2834,452,1,ASSIGNED,SYSTEM
2835,452,82,ASSIGNED,SYSTEM
2836,452,46,ASSIGNED,SYSTEM
2837,452,73,ASSIGNED,SYSTEM
2838,452,19,ASSIGNED,SYSTEM
2839,452,55,ASSIGNED,SYSTEM
2840,453,37,ASSIGNED,SYSTEM
2841,453,46,ASSIGNED,SYSTEM
2842,453,1,ASSIGNED,SYSTEM
2843,453,28,ASSIGNED,SYSTEM
2844,453,19,ASSIGNED,SYSTEM
2845,453,55,ASSIGNED,SYSTEM
2846,454,47,ASSIGNED,SYSTEM
2847,454,56,ASSIGNED,SYSTEM
2848,454,38,ASSIGNED,SYSTEM
2849,454,65,ASSIGNED,SYSTEM
2850,454,74,ASSIGNED,SYSTEM
2851,454,2,ASSIGNED,SYSTEM
2852,454,20,ASSIGNED,SYSTEM
2853,454,83,ASSIGNED,SYSTEM
2854,454,11,ASSIGNED,SYSTEM
2855,454,29,ASSIGNED,SYSTEM
2856,455,56,ASSIGNED,SYSTEM
2857,455,38,ASSIGNED,SYSTEM
2858,455,11,ASSIGNED,SYSTEM
2859,455,83,ASSIGNED,SYSTEM
2860,455,74,ASSIGNED,SYSTEM
2861,455,47,ASSIGNED,SYSTEM
2862,455,65,ASSIGNED,SYSTEM
2863,455,29,ASSIGNED,SYSTEM
2864,455,20,ASSIGNED,SYSTEM
2865,455,2,ASSIGNED,SYSTEM
2866,456,11,ASSIGNED,SYSTEM
2867,456,56,ASSIGNED,SYSTEM
2868,456,2,ASSIGNED,SYSTEM
2869,456,47,ASSIGNED,SYSTEM
2870,456,38,ASSIGNED,SYSTEM
2871,456,29,ASSIGNED,SYSTEM
2872,456,83,ASSIGNED,SYSTEM
2873,456,20,ASSIGNED,SYSTEM
2874,456,65,ASSIGNED,SYSTEM
2875,456,74,ASSIGNED,SYSTEM
2876,457,57,ASSIGNED,SYSTEM
2877,457,30,ASSIGNED,SYSTEM
2878,457,48,ASSIGNED,SYSTEM
2879,457,75,ASSIGNED,SYSTEM
2880,458,66,ASSIGNED,SYSTEM
2881,458,21,ASSIGNED,SYSTEM
2882,458,12,ASSIGNED,SYSTEM
2883,458,30,ASSIGNED,SYSTEM
2884,458,84,ASSIGNED,SYSTEM
2885,458,75,ASSIGNED,SYSTEM
2886,459,48,ASSIGNED,SYSTEM
2887,459,3,ASSIGNED,SYSTEM
2888,459,21,ASSIGNED,SYSTEM
2889,459,84,ASSIGNED,SYSTEM
2890,459,75,ASSIGNED,SYSTEM
2891,459,30,ASSIGNED,SYSTEM
2892,460,49,ASSIGNED,SYSTEM
2893,460,76,ASSIGNED,SYSTEM
2894,460,4,ASSIGNED,SYSTEM
2895,460,85,ASSIGNED,SYSTEM
2896,460,67,ASSIGNED,SYSTEM
2897,460,22,ASSIGNED,SYSTEM
2898,461,31,ASSIGNED,SYSTEM
2899,461,67,ASSIGNED,SYSTEM
2900,461,4,ASSIGNED,SYSTEM
2901,461,49,ASSIGNED,SYSTEM
2902,461,58,ASSIGNED,SYSTEM
2903,461,40,ASSIGNED,SYSTEM
2904,462,49,ASSIGNED,SYSTEM
2905,462,67,ASSIGNED,SYSTEM
2906,462,22,ASSIGNED,SYSTEM
2907,462,76,ASSIGNED,SYSTEM
2908,462,31,ASSIGNED,SYSTEM
2909,462,85,ASSIGNED,SYSTEM
2910,463,50,ASSIGNED,SYSTEM
2911,463,68,ASSIGNED,SYSTEM
2912,463,77,ASSIGNED,SYSTEM
2913,463,86,ASSIGNED,SYSTEM
2914,463,23,ASSIGNED,SYSTEM
2915,463,41,ASSIGNED,SYSTEM
2916,463,32,ASSIGNED,SYSTEM
2917,463,59,ASSIGNED,SYSTEM
2918,464,50,ASSIGNED,SYSTEM
2919,464,14,ASSIGNED,SYSTEM
2920,464,86,ASSIGNED,SYSTEM
2921,464,23,ASSIGNED,SYSTEM
2922,464,77,ASSIGNED,SYSTEM
2923,464,32,ASSIGNED,SYSTEM
2924,464,41,ASSIGNED,SYSTEM
2925,464,5,ASSIGNED,SYSTEM
2926,465,77,ASSIGNED,SYSTEM
2927,465,59,ASSIGNED,SYSTEM
2928,465,5,ASSIGNED,SYSTEM
2929,465,23,ASSIGNED,SYSTEM
2930,465,14,ASSIGNED,SYSTEM
2931,465,32,ASSIGNED,SYSTEM
2932,465,68,ASSIGNED,SYSTEM
2933,465,86,ASSIGNED,SYSTEM
2934,466,69,ASSIGNED,SYSTEM
2935,466,42,ASSIGNED,SYSTEM
2936,466,33,ASSIGNED,SYSTEM
2937,466,15,ASSIGNED,SYSTEM
2938,466,24,ASSIGNED,SYSTEM
2939,466,60,ASSIGNED,SYSTEM
2940,466,51,ASSIGNED,SYSTEM
2941,466,78,ASSIGNED,SYSTEM
2942,467,6,ASSIGNED,SYSTEM
2943,467,87,ASSIGNED,SYSTEM
2944,467,69,ASSIGNED,SYSTEM
2945,467,51,ASSIGNED,SYSTEM
2946,467,33,ASSIGNED,SYSTEM
2947,467,24,ASSIGNED,SYSTEM
2948,467,78,ASSIGNED,SYSTEM
2949,467,60,ASSIGNED,SYSTEM
2950,468,69,ASSIGNED,SYSTEM
2951,468,33,ASSIGNED,SYSTEM
2952,468,60,ASSIGNED,SYSTEM
2953,468,24,ASSIGNED,SYSTEM
2954,468,78,ASSIGNED,SYSTEM
2955,468,42,ASSIGNED,SYSTEM
2956,468,51,ASSIGNED,SYSTEM
2957,469,7,ASSIGNED,SYSTEM
2958,469,34,ASSIGNED,SYSTEM
2959,469,43,ASSIGNED,SYSTEM
2960,469,61,ASSIGNED,SYSTEM
2961,469,25,ASSIGNED,SYSTEM
2962,470,79,ASSIGNED,SYSTEM
2963,470,70,ASSIGNED,SYSTEM
2964,470,34,ASSIGNED,SYSTEM
2965,470,7,ASSIGNED,SYSTEM
2966,470,43,ASSIGNED,SYSTEM
2967,471,61,ASSIGNED,SYSTEM
2968,471,88,ASSIGNED,SYSTEM
2969,471,79,ASSIGNED,SYSTEM
2970,471,25,ASSIGNED,SYSTEM
2971,471,52,ASSIGNED,SYSTEM
2972,472,62,ASSIGNED,SYSTEM
2973,472,44,ASSIGNED,SYSTEM
2974,472,71,ASSIGNED,SYSTEM
2975,472,89,ASSIGNED,SYSTEM
2976,472,53,ASSIGNED,SYSTEM
2977,473,26,ASSIGNED,SYSTEM
2978,473,17,ASSIGNED,SYSTEM
2979,473,44,ASSIGNED,SYSTEM
2980,473,62,ASSIGNED,SYSTEM
2981,473,8,ASSIGNED,SYSTEM
2982,474,53,ASSIGNED,SYSTEM
2983,474,71,ASSIGNED,SYSTEM
2984,474,35,ASSIGNED,SYSTEM
2985,474,89,ASSIGNED,SYSTEM
2986,474,26,ASSIGNED,SYSTEM
2987,475,27,ASSIGNED,SYSTEM
2988,475,18,ASSIGNED,SYSTEM
2989,475,45,ASSIGNED,SYSTEM
2990,475,81,ASSIGNED,SYSTEM
2991,476,72,ASSIGNED,SYSTEM
2992,476,54,ASSIGNED,SYSTEM
2993,476,9,ASSIGNED,SYSTEM
2994,477,54,ASSIGNED,SYSTEM
2995,477,72,ASSIGNED,SYSTEM
2996,477,18,ASSIGNED,SYSTEM
2997,477,90,ASSIGNED,SYSTEM
2998,478,93,ASSIGNED,SYSTEM
2999,478,99,ASSIGNED,SYSTEM
3000,478,94,ASSIGNED,SYSTEM
3001,478,96,ASSIGNED,SYSTEM
3002,479,94,ASSIGNED,SYSTEM
3003,479,96,ASSIGNED,SYSTEM
3004,479,97,ASSIGNED,SYSTEM
3005,479,99,ASSIGNED,SYSTEM
3006,480,92,ASSIGNED,SYSTEM
3007,480,98,ASSIGNED,SYSTEM
3008,480,94,ASSIGNED,SYSTEM
3009,480,97,ASSIGNED,SYSTEM
3010,480,95,ASSIGNED,SYSTEM
3011,481,28,ASSIGNED,SYSTEM
3012,481,10,ASSIGNED,SYSTEM
3013,481,73,ASSIGNED,SYSTEM
3014,481,19,ASSIGNED,SYSTEM
3015,481,82,ASSIGNED,SYSTEM
3016,481,64,ASSIGNED,SYSTEM
3017,481,1,ASSIGNED,SYSTEM
3018,482,28,ASSIGNED,SYSTEM
3019,482,10,ASSIGNED,SYSTEM
3020,482,82,ASSIGNED,SYSTEM
3021,482,64,ASSIGNED,SYSTEM
3022,482,55,ASSIGNED,SYSTEM
3023,482,46,ASSIGNED,SYSTEM
3024,482,73,ASSIGNED,SYSTEM
3025,482,1,ASSIGNED,SYSTEM
3026,483,46,ASSIGNED,SYSTEM
3027,483,1,ASSIGNED,SYSTEM
3028,483,82,ASSIGNED,SYSTEM
3029,483,19,ASSIGNED,SYSTEM
3030,483,10,ASSIGNED,SYSTEM
3031,483,64,ASSIGNED,SYSTEM
3032,483,55,ASSIGNED,SYSTEM
3033,483,28,ASSIGNED,SYSTEM
3034,484,38,ASSIGNED,SYSTEM
3035,484,47,ASSIGNED,SYSTEM
3036,484,2,ASSIGNED,SYSTEM
3037,484,65,ASSIGNED,SYSTEM
3038,484,74,ASSIGNED,SYSTEM
3039,484,11,ASSIGNED,SYSTEM
3040,484,29,ASSIGNED,SYSTEM
3041,484,20,ASSIGNED,SYSTEM
3042,484,56,ASSIGNED,SYSTEM
3043,485,2,ASSIGNED,SYSTEM
3044,485,56,ASSIGNED,SYSTEM
3045,485,74,ASSIGNED,SYSTEM
3046,485,38,ASSIGNED,SYSTEM
3047,485,47,ASSIGNED,SYSTEM
3048,485,83,ASSIGNED,SYSTEM
3049,485,29,ASSIGNED,SYSTEM
3050,485,20,ASSIGNED,SYSTEM
3051,485,65,ASSIGNED,SYSTEM
3052,485,11,ASSIGNED,SYSTEM
3053,486,74,ASSIGNED,SYSTEM
3054,486,65,ASSIGNED,SYSTEM
3055,486,56,ASSIGNED,SYSTEM
3056,486,29,ASSIGNED,SYSTEM
3057,486,47,ASSIGNED,SYSTEM
3058,486,11,ASSIGNED,SYSTEM
3059,486,83,ASSIGNED,SYSTEM
3060,486,2,ASSIGNED,SYSTEM
3061,486,38,ASSIGNED,SYSTEM
3062,486,20,ASSIGNED,SYSTEM
3063,487,48,ASSIGNED,SYSTEM
3064,487,75,ASSIGNED,SYSTEM
3065,487,3,ASSIGNED,SYSTEM
3066,487,39,ASSIGNED,SYSTEM
3067,487,57,ASSIGNED,SYSTEM
3068,487,66,ASSIGNED,SYSTEM
3069,488,75,ASSIGNED,SYSTEM
3070,488,66,ASSIGNED,SYSTEM
3071,488,21,ASSIGNED,SYSTEM
3072,488,39,ASSIGNED,SYSTEM
3073,488,48,ASSIGNED,SYSTEM
3074,488,84,ASSIGNED,SYSTEM
3075,489,48,ASSIGNED,SYSTEM
3076,489,57,ASSIGNED,SYSTEM
3077,489,75,ASSIGNED,SYSTEM
3078,489,3,ASSIGNED,SYSTEM
3079,489,39,ASSIGNED,SYSTEM
3080,489,66,ASSIGNED,SYSTEM
3081,490,22,ASSIGNED,SYSTEM
3082,490,85,ASSIGNED,SYSTEM
3083,490,4,ASSIGNED,SYSTEM
3084,490,40,ASSIGNED,SYSTEM
3085,490,31,ASSIGNED,SYSTEM
3086,490,58,ASSIGNED,SYSTEM
3087,491,58,ASSIGNED,SYSTEM
3088,491,85,ASSIGNED,SYSTEM
3089,491,31,ASSIGNED,SYSTEM
3090,491,76,ASSIGNED,SYSTEM
3091,491,40,ASSIGNED,SYSTEM
3092,491,4,ASSIGNED,SYSTEM
3093,492,67,ASSIGNED,SYSTEM
3094,492,49,ASSIGNED,SYSTEM
3095,492,58,ASSIGNED,SYSTEM
3096,492,31,ASSIGNED,SYSTEM
3097,492,76,ASSIGNED,SYSTEM
3098,492,22,ASSIGNED,SYSTEM
3099,493,77,ASSIGNED,SYSTEM
3100,493,41,ASSIGNED,SYSTEM
3101,493,50,ASSIGNED,SYSTEM
3102,493,23,ASSIGNED,SYSTEM
3103,493,14,ASSIGNED,SYSTEM
3104,493,59,ASSIGNED,SYSTEM
3105,493,68,ASSIGNED,SYSTEM
3106,493,86,ASSIGNED,SYSTEM
3107,494,23,ASSIGNED,SYSTEM
3108,494,77,ASSIGNED,SYSTEM
3109,494,41,ASSIGNED,SYSTEM
3110,494,50,ASSIGNED,SYSTEM
3111,494,5,ASSIGNED,SYSTEM
3112,494,68,ASSIGNED,SYSTEM
3113,494,86,ASSIGNED,SYSTEM
3114,494,14,ASSIGNED,SYSTEM
3115,495,77,ASSIGNED,SYSTEM
3116,495,32,ASSIGNED,SYSTEM
3117,495,68,ASSIGNED,SYSTEM
3118,495,41,ASSIGNED,SYSTEM
3119,495,59,ASSIGNED,SYSTEM
3120,495,23,ASSIGNED,SYSTEM
3121,495,5,ASSIGNED,SYSTEM
3122,495,86,ASSIGNED,SYSTEM
3123,496,6,ASSIGNED,SYSTEM
3124,496,78,ASSIGNED,SYSTEM
3125,496,87,ASSIGNED,SYSTEM
3126,496,69,ASSIGNED,SYSTEM
3127,496,33,ASSIGNED,SYSTEM
3128,496,15,ASSIGNED,SYSTEM
3129,496,42,ASSIGNED,SYSTEM
3130,496,51,ASSIGNED,SYSTEM
3131,497,78,ASSIGNED,SYSTEM
3132,497,60,ASSIGNED,SYSTEM
3133,497,15,ASSIGNED,SYSTEM
3134,497,69,ASSIGNED,SYSTEM
3135,497,33,ASSIGNED,SYSTEM
3136,497,24,ASSIGNED,SYSTEM
3137,497,6,ASSIGNED,SYSTEM
3138,497,51,ASSIGNED,SYSTEM
3139,498,87,ASSIGNED,SYSTEM
3140,498,51,ASSIGNED,SYSTEM
3141,498,60,ASSIGNED,SYSTEM
3142,498,42,ASSIGNED,SYSTEM
3143,498,33,ASSIGNED,SYSTEM
3144,498,15,ASSIGNED,SYSTEM
3145,499,70,ASSIGNED,SYSTEM
3146,499,34,ASSIGNED,SYSTEM
3147,499,43,ASSIGNED,SYSTEM
3148,499,7,ASSIGNED,SYSTEM
3149,499,79,ASSIGNED,SYSTEM
3150,500,7,ASSIGNED,SYSTEM
3151,500,16,ASSIGNED,SYSTEM
3152,500,79,ASSIGNED,SYSTEM
3153,500,43,ASSIGNED,SYSTEM
3154,501,7,ASSIGNED,SYSTEM
3155,501,70,ASSIGNED,SYSTEM
3156,501,43,ASSIGNED,SYSTEM
3157,501,34,ASSIGNED,SYSTEM
3158,502,26,ASSIGNED,SYSTEM
3159,502,53,ASSIGNED,SYSTEM
3160,502,8,ASSIGNED,SYSTEM
3161,502,35,ASSIGNED,SYSTEM
3162,502,17,ASSIGNED,SYSTEM
3163,503,53,ASSIGNED,SYSTEM
3164,503,89,ASSIGNED,SYSTEM
3165,503,44,ASSIGNED,SYSTEM
3166,503,62,ASSIGNED,SYSTEM
3167,503,8,ASSIGNED,SYSTEM
3168,504,35,ASSIGNED,SYSTEM
3169,504,17,ASSIGNED,SYSTEM
3170,504,53,ASSIGNED,SYSTEM
3171,504,44,ASSIGNED,SYSTEM
3172,504,89,ASSIGNED,SYSTEM
3173,505,45,ASSIGNED,SYSTEM
3174,505,36,ASSIGNED,SYSTEM
3175,505,81,ASSIGNED,SYSTEM
3176,505,9,ASSIGNED,SYSTEM
3177,506,90,ASSIGNED,SYSTEM
3178,506,45,ASSIGNED,SYSTEM
3179,506,72,ASSIGNED,SYSTEM
3180,506,81,ASSIGNED,SYSTEM
3181,507,27,ASSIGNED,SYSTEM
3182,507,54,ASSIGNED,SYSTEM
3183,507,36,ASSIGNED,SYSTEM
3184,507,9,ASSIGNED,SYSTEM
3185,508,99,ASSIGNED,SYSTEM
3186,508,100,ASSIGNED,SYSTEM
3187,508,96,ASSIGNED,SYSTEM
3188,508,98,ASSIGNED,SYSTEM
3189,508,95,ASSIGNED,SYSTEM
3190,509,92,ASSIGNED,SYSTEM
3191,509,91,ASSIGNED,SYSTEM
3192,509,100,ASSIGNED,SYSTEM
3193,509,96,ASSIGNED,SYSTEM
3194,509,99,ASSIGNED,SYSTEM
3195,510,94,ASSIGNED,SYSTEM
3196,510,100,ASSIGNED,SYSTEM
3197,510,98,ASSIGNED,SYSTEM
3198,510,99,ASSIGNED,SYSTEM
3199,510,97,ASSIGNED,SYSTEM
3200,511,82,ASSIGNED,SYSTEM
3201,511,10,ASSIGNED,SYSTEM
3202,511,64,ASSIGNED,SYSTEM
3203,511,19,ASSIGNED,SYSTEM
3204,511,37,ASSIGNED,SYSTEM
3205,511,28,ASSIGNED,SYSTEM
3206,511,46,ASSIGNED,SYSTEM
3207,511,73,ASSIGNED,SYSTEM
3208,512,10,ASSIGNED,SYSTEM
3209,512,73,ASSIGNED,SYSTEM
3210,512,46,ASSIGNED,SYSTEM
3211,512,82,ASSIGNED,SYSTEM
3212,512,37,ASSIGNED,SYSTEM
3213,512,1,ASSIGNED,SYSTEM
3214,512,64,ASSIGNED,SYSTEM
3215,512,19,ASSIGNED,SYSTEM
3216,513,82,ASSIGNED,SYSTEM
3217,513,46,ASSIGNED,SYSTEM
3218,513,19,ASSIGNED,SYSTEM
3219,513,73,ASSIGNED,SYSTEM
3220,513,37,ASSIGNED,SYSTEM
3221,513,10,ASSIGNED,SYSTEM
3222,513,64,ASSIGNED,SYSTEM
3223,513,28,ASSIGNED,SYSTEM
3224,514,74,ASSIGNED,SYSTEM
3225,514,20,ASSIGNED,SYSTEM
3226,514,38,ASSIGNED,SYSTEM
3227,514,2,ASSIGNED,SYSTEM
3228,514,11,ASSIGNED,SYSTEM
3229,514,29,ASSIGNED,SYSTEM
3230,514,83,ASSIGNED,SYSTEM
3231,514,56,ASSIGNED,SYSTEM
3232,514,47,ASSIGNED,SYSTEM
3233,514,65,ASSIGNED,SYSTEM
3234,515,65,ASSIGNED,SYSTEM
3235,515,83,ASSIGNED,SYSTEM
3236,515,47,ASSIGNED,SYSTEM
3237,515,74,ASSIGNED,SYSTEM
3238,515,20,ASSIGNED,SYSTEM
3239,515,56,ASSIGNED,SYSTEM
3240,515,2,ASSIGNED,SYSTEM
3241,515,11,ASSIGNED,SYSTEM
3242,515,38,ASSIGNED,SYSTEM
3243,515,29,ASSIGNED,SYSTEM
3244,516,74,ASSIGNED,SYSTEM
3245,516,29,ASSIGNED,SYSTEM
3246,516,47,ASSIGNED,SYSTEM
3247,516,56,ASSIGNED,SYSTEM
3248,516,83,ASSIGNED,SYSTEM
3249,516,65,ASSIGNED,SYSTEM
3250,516,2,ASSIGNED,SYSTEM
3251,516,11,ASSIGNED,SYSTEM
3252,516,20,ASSIGNED,SYSTEM
3253,517,84,ASSIGNED,SYSTEM
3254,517,57,ASSIGNED,SYSTEM
3255,517,48,ASSIGNED,SYSTEM
3256,517,39,ASSIGNED,SYSTEM
3257,517,66,ASSIGNED,SYSTEM
3258,517,21,ASSIGNED,SYSTEM
3259,518,39,ASSIGNED,SYSTEM
3260,518,30,ASSIGNED,SYSTEM
3261,518,12,ASSIGNED,SYSTEM
3262,518,66,ASSIGNED,SYSTEM
3263,518,57,ASSIGNED,SYSTEM
3264,518,21,ASSIGNED,SYSTEM
3265,519,66,ASSIGNED,SYSTEM
3266,519,3,ASSIGNED,SYSTEM
3267,519,39,ASSIGNED,SYSTEM
3268,519,12,ASSIGNED,SYSTEM
3269,520,22,ASSIGNED,SYSTEM
3270,520,76,ASSIGNED,SYSTEM
3271,520,85,ASSIGNED,SYSTEM
3272,520,31,ASSIGNED,SYSTEM
3273,520,4,ASSIGNED,SYSTEM
3274,520,67,ASSIGNED,SYSTEM
3275,521,13,ASSIGNED,SYSTEM
3276,521,58,ASSIGNED,SYSTEM
3277,521,67,ASSIGNED,SYSTEM
3278,521,85,ASSIGNED,SYSTEM
3279,521,4,ASSIGNED,SYSTEM
3280,521,31,ASSIGNED,SYSTEM
3281,522,85,ASSIGNED,SYSTEM
3282,522,4,ASSIGNED,SYSTEM
3283,522,13,ASSIGNED,SYSTEM
3284,522,67,ASSIGNED,SYSTEM
3285,522,49,ASSIGNED,SYSTEM
3286,522,58,ASSIGNED,SYSTEM
3287,523,14,ASSIGNED,SYSTEM
3288,523,23,ASSIGNED,SYSTEM
3289,523,59,ASSIGNED,SYSTEM
3290,523,68,ASSIGNED,SYSTEM
3291,523,5,ASSIGNED,SYSTEM
3292,523,32,ASSIGNED,SYSTEM
3293,523,77,ASSIGNED,SYSTEM
3294,524,77,ASSIGNED,SYSTEM
3295,524,68,ASSIGNED,SYSTEM
3296,524,59,ASSIGNED,SYSTEM
3297,524,5,ASSIGNED,SYSTEM
3298,524,32,ASSIGNED,SYSTEM
3299,524,50,ASSIGNED,SYSTEM
3300,524,41,ASSIGNED,SYSTEM
3301,524,23,ASSIGNED,SYSTEM
3302,525,86,ASSIGNED,SYSTEM
3303,525,68,ASSIGNED,SYSTEM
3304,525,50,ASSIGNED,SYSTEM
3305,525,23,ASSIGNED,SYSTEM
3306,525,59,ASSIGNED,SYSTEM
3307,525,5,ASSIGNED,SYSTEM
3308,525,32,ASSIGNED,SYSTEM
3309,525,14,ASSIGNED,SYSTEM
3310,526,78,ASSIGNED,SYSTEM
3311,526,60,ASSIGNED,SYSTEM
3312,526,33,ASSIGNED,SYSTEM
3313,526,6,ASSIGNED,SYSTEM
3314,526,51,ASSIGNED,SYSTEM
3315,526,87,ASSIGNED,SYSTEM
3316,526,69,ASSIGNED,SYSTEM
3317,526,42,ASSIGNED,SYSTEM
3318,527,51,ASSIGNED,SYSTEM
3319,527,78,ASSIGNED,SYSTEM
3320,527,60,ASSIGNED,SYSTEM
3321,527,6,ASSIGNED,SYSTEM
3322,527,15,ASSIGNED,SYSTEM
3323,527,33,ASSIGNED,SYSTEM
3324,527,24,ASSIGNED,SYSTEM
3325,527,87,ASSIGNED,SYSTEM
3326,528,87,ASSIGNED,SYSTEM
3327,528,24,ASSIGNED,SYSTEM
3328,528,78,ASSIGNED,SYSTEM
3329,528,15,ASSIGNED,SYSTEM
3330,528,69,ASSIGNED,SYSTEM
3331,528,60,ASSIGNED,SYSTEM
3332,528,33,ASSIGNED,SYSTEM
3333,528,42,ASSIGNED,SYSTEM
3334,529,25,ASSIGNED,SYSTEM
3335,529,61,ASSIGNED,SYSTEM
3336,529,16,ASSIGNED,SYSTEM
3337,529,43,ASSIGNED,SYSTEM
3338,530,25,ASSIGNED,SYSTEM
3339,530,70,ASSIGNED,SYSTEM
3340,530,61,ASSIGNED,SYSTEM
3341,530,16,ASSIGNED,SYSTEM
3342,530,79,ASSIGNED,SYSTEM
3343,531,79,ASSIGNED,SYSTEM
3344,531,52,ASSIGNED,SYSTEM
3345,531,43,ASSIGNED,SYSTEM
3346,531,34,ASSIGNED,SYSTEM
3347,531,16,ASSIGNED,SYSTEM
3348,532,17,ASSIGNED,SYSTEM
3349,532,26,ASSIGNED,SYSTEM
3350,532,62,ASSIGNED,SYSTEM
3351,532,8,ASSIGNED,SYSTEM
3352,532,35,ASSIGNED,SYSTEM
3353,533,53,ASSIGNED,SYSTEM
3354,533,44,ASSIGNED,SYSTEM
3355,533,71,ASSIGNED,SYSTEM
3356,534,44,ASSIGNED,SYSTEM
3357,534,26,ASSIGNED,SYSTEM
3358,534,17,ASSIGNED,SYSTEM
3359,534,8,ASSIGNED,SYSTEM
3360,534,80,ASSIGNED,SYSTEM
3361,535,45,ASSIGNED,SYSTEM
3362,535,90,ASSIGNED,SYSTEM
3363,535,63,ASSIGNED,SYSTEM
3364,535,72,ASSIGNED,SYSTEM
3365,536,18,ASSIGNED,SYSTEM
3366,536,54,ASSIGNED,SYSTEM
3367,536,72,ASSIGNED,SYSTEM
3368,536,45,ASSIGNED,SYSTEM
3369,537,45,ASSIGNED,SYSTEM
3370,537,54,ASSIGNED,SYSTEM
3371,537,90,ASSIGNED,SYSTEM
3372,537,81,ASSIGNED,SYSTEM
3373,538,98,ASSIGNED,SYSTEM
3374,538,91,ASSIGNED,SYSTEM
3375,538,99,ASSIGNED,SYSTEM
3376,538,100,ASSIGNED,SYSTEM
3377,538,94,ASSIGNED,SYSTEM
3378,539,92,ASSIGNED,SYSTEM
3379,539,96,ASSIGNED,SYSTEM
3380,539,97,ASSIGNED,SYSTEM
3381,539,100,ASSIGNED,SYSTEM
3382,539,99,ASSIGNED,SYSTEM
3383,540,91,ASSIGNED,SYSTEM
3384,540,93,ASSIGNED,SYSTEM
3385,540,100,ASSIGNED,SYSTEM
3386,540,99,ASSIGNED,SYSTEM
3387,540,92,ASSIGNED,SYSTEM
3388,541,55,ASSIGNED,SYSTEM
3389,541,19,ASSIGNED,SYSTEM
3390,541,64,ASSIGNED,SYSTEM
3391,541,10,ASSIGNED,SYSTEM
3392,541,37,ASSIGNED,SYSTEM
3393,541,46,ASSIGNED,SYSTEM
3394,541,82,ASSIGNED,SYSTEM
3395,541,28,ASSIGNED,SYSTEM
3396,542,46,ASSIGNED,SYSTEM
3397,542,55,ASSIGNED,SYSTEM
3398,542,37,ASSIGNED,SYSTEM
3399,542,82,ASSIGNED,SYSTEM
3400,542,73,ASSIGNED,SYSTEM
3401,542,28,ASSIGNED,SYSTEM
3402,542,10,ASSIGNED,SYSTEM
3403,542,64,ASSIGNED,SYSTEM
3404,543,46,ASSIGNED,SYSTEM
3405,543,19,ASSIGNED,SYSTEM
3406,543,82,ASSIGNED,SYSTEM
3407,543,64,ASSIGNED,SYSTEM
3408,543,55,ASSIGNED,SYSTEM
3409,543,10,ASSIGNED,SYSTEM
3410,543,28,ASSIGNED,SYSTEM
3411,543,1,ASSIGNED,SYSTEM
3412,544,74,ASSIGNED,SYSTEM
3413,544,47,ASSIGNED,SYSTEM
3414,544,2,ASSIGNED,SYSTEM
3415,544,65,ASSIGNED,SYSTEM
3416,544,11,ASSIGNED,SYSTEM
3417,544,83,ASSIGNED,SYSTEM
3418,544,38,ASSIGNED,SYSTEM
3419,544,20,ASSIGNED,SYSTEM
3420,544,56,ASSIGNED,SYSTEM
3421,544,29,ASSIGNED,SYSTEM
3422,545,29,ASSIGNED,SYSTEM
3423,545,38,ASSIGNED,SYSTEM
3424,545,11,ASSIGNED,SYSTEM
3425,545,65,ASSIGNED,SYSTEM
3426,545,74,ASSIGNED,SYSTEM
3427,545,20,ASSIGNED,SYSTEM
3428,545,56,ASSIGNED,SYSTEM
3429,545,47,ASSIGNED,SYSTEM
3430,545,2,ASSIGNED,SYSTEM
3431,545,83,ASSIGNED,SYSTEM
3432,546,2,ASSIGNED,SYSTEM
3433,546,11,ASSIGNED,SYSTEM
3434,546,38,ASSIGNED,SYSTEM
3435,546,74,ASSIGNED,SYSTEM
3436,546,47,ASSIGNED,SYSTEM
3437,546,20,ASSIGNED,SYSTEM
3438,546,29,ASSIGNED,SYSTEM
3439,546,56,ASSIGNED,SYSTEM
3440,546,83,ASSIGNED,SYSTEM
3441,546,65,ASSIGNED,SYSTEM
3442,547,3,ASSIGNED,SYSTEM
3443,547,57,ASSIGNED,SYSTEM
3444,547,48,ASSIGNED,SYSTEM
3445,547,39,ASSIGNED,SYSTEM
3446,547,84,ASSIGNED,SYSTEM
3447,547,75,ASSIGNED,SYSTEM
3448,548,12,ASSIGNED,SYSTEM
3449,548,66,ASSIGNED,SYSTEM
3450,548,30,ASSIGNED,SYSTEM
3451,548,3,ASSIGNED,SYSTEM
3452,548,75,ASSIGNED,SYSTEM
3453,549,48,ASSIGNED,SYSTEM
3454,549,84,ASSIGNED,SYSTEM
3455,549,21,ASSIGNED,SYSTEM
3456,549,66,ASSIGNED,SYSTEM
3457,549,39,ASSIGNED,SYSTEM
3458,549,30,ASSIGNED,SYSTEM
3459,550,85,ASSIGNED,SYSTEM
3460,550,22,ASSIGNED,SYSTEM
3461,550,49,ASSIGNED,SYSTEM
3462,550,67,ASSIGNED,SYSTEM
3463,550,13,ASSIGNED,SYSTEM
3464,550,31,ASSIGNED,SYSTEM
3465,551,58,ASSIGNED,SYSTEM
3466,551,85,ASSIGNED,SYSTEM
3467,551,49,ASSIGNED,SYSTEM
3468,551,40,ASSIGNED,SYSTEM
3469,551,76,ASSIGNED,SYSTEM
3470,551,22,ASSIGNED,SYSTEM
3471,552,85,ASSIGNED,SYSTEM
3472,552,67,ASSIGNED,SYSTEM
3473,552,13,ASSIGNED,SYSTEM
3474,552,58,ASSIGNED,SYSTEM
3475,552,76,ASSIGNED,SYSTEM
3476,552,22,ASSIGNED,SYSTEM
3477,553,41,ASSIGNED,SYSTEM
3478,553,23,ASSIGNED,SYSTEM
3479,553,86,ASSIGNED,SYSTEM
3480,553,14,ASSIGNED,SYSTEM
3481,553,50,ASSIGNED,SYSTEM
3482,553,68,ASSIGNED,SYSTEM
3483,553,77,ASSIGNED,SYSTEM
3484,553,59,ASSIGNED,SYSTEM
3485,554,5,ASSIGNED,SYSTEM
3486,554,86,ASSIGNED,SYSTEM
3487,554,77,ASSIGNED,SYSTEM
3488,554,68,ASSIGNED,SYSTEM
3489,554,32,ASSIGNED,SYSTEM
3490,554,41,ASSIGNED,SYSTEM
3491,554,14,ASSIGNED,SYSTEM
3492,554,59,ASSIGNED,SYSTEM
3493,555,68,ASSIGNED,SYSTEM
3494,555,86,ASSIGNED,SYSTEM
3495,555,41,ASSIGNED,SYSTEM
3496,555,77,ASSIGNED,SYSTEM
3497,555,14,ASSIGNED,SYSTEM
3498,555,32,ASSIGNED,SYSTEM
3499,556,78,ASSIGNED,SYSTEM
3500,556,87,ASSIGNED,SYSTEM
3501,556,24,ASSIGNED,SYSTEM
3502,556,6,ASSIGNED,SYSTEM
3503,556,42,ASSIGNED,SYSTEM
3504,556,69,ASSIGNED,SYSTEM
3505,557,60,ASSIGNED,SYSTEM
3506,557,51,ASSIGNED,SYSTEM
3507,557,33,ASSIGNED,SYSTEM
3508,557,87,ASSIGNED,SYSTEM
3509,557,6,ASSIGNED,SYSTEM
3510,557,15,ASSIGNED,SYSTEM
3511,557,69,ASSIGNED,SYSTEM
3512,557,24,ASSIGNED,SYSTEM
3513,558,33,ASSIGNED,SYSTEM
3514,558,15,ASSIGNED,SYSTEM
3515,558,78,ASSIGNED,SYSTEM
3516,558,69,ASSIGNED,SYSTEM
3517,558,60,ASSIGNED,SYSTEM
3518,558,51,ASSIGNED,SYSTEM
3519,558,42,ASSIGNED,SYSTEM
3520,558,87,ASSIGNED,SYSTEM
3521,559,34,ASSIGNED,SYSTEM
3522,559,43,ASSIGNED,SYSTEM
3523,559,88,ASSIGNED,SYSTEM
3524,559,16,ASSIGNED,SYSTEM
3525,559,79,ASSIGNED,SYSTEM
3526,560,88,ASSIGNED,SYSTEM
3527,560,61,ASSIGNED,SYSTEM
3528,560,16,ASSIGNED,SYSTEM
3529,560,7,ASSIGNED,SYSTEM
3530,560,25,ASSIGNED,SYSTEM
3531,561,70,ASSIGNED,SYSTEM
3532,561,88,ASSIGNED,SYSTEM
3533,561,52,ASSIGNED,SYSTEM
3534,561,61,ASSIGNED,SYSTEM
3535,561,43,ASSIGNED,SYSTEM
3536,562,80,ASSIGNED,SYSTEM
3537,562,17,ASSIGNED,SYSTEM
3538,562,53,ASSIGNED,SYSTEM
3539,562,71,ASSIGNED,SYSTEM
3540,562,35,ASSIGNED,SYSTEM
3541,563,26,ASSIGNED,SYSTEM
3542,563,89,ASSIGNED,SYSTEM
3543,563,44,ASSIGNED,SYSTEM
3544,563,53,ASSIGNED,SYSTEM
3545,563,62,ASSIGNED,SYSTEM
3546,564,44,ASSIGNED,SYSTEM
3547,564,35,ASSIGNED,SYSTEM
3548,564,8,ASSIGNED,SYSTEM
3549,564,26,ASSIGNED,SYSTEM
3550,564,80,ASSIGNED,SYSTEM
3551,565,54,ASSIGNED,SYSTEM
3552,565,72,ASSIGNED,SYSTEM
3553,565,45,ASSIGNED,SYSTEM
3554,565,81,ASSIGNED,SYSTEM
3555,566,27,ASSIGNED,SYSTEM
3556,566,81,ASSIGNED,SYSTEM
3557,566,54,ASSIGNED,SYSTEM
3558,566,90,ASSIGNED,SYSTEM
3559,567,45,ASSIGNED,SYSTEM
3560,567,81,ASSIGNED,SYSTEM
3561,567,63,ASSIGNED,SYSTEM
3562,567,72,ASSIGNED,SYSTEM
3563,568,96,ASSIGNED,SYSTEM
3564,568,94,ASSIGNED,SYSTEM
3565,568,97,ASSIGNED,SYSTEM
3566,568,99,ASSIGNED,SYSTEM
3567,568,93,ASSIGNED,SYSTEM
3568,569,91,ASSIGNED,SYSTEM
3569,569,94,ASSIGNED,SYSTEM
3570,569,96,ASSIGNED,SYSTEM
3571,569,95,ASSIGNED,SYSTEM
3572,569,98,ASSIGNED,SYSTEM
3573,570,91,ASSIGNED,SYSTEM
3574,570,93,ASSIGNED,SYSTEM
3575,570,96,ASSIGNED,SYSTEM
3576,570,98,ASSIGNED,SYSTEM
3577,570,94,ASSIGNED,SYSTEM
3578,571,19,ASSIGNED,SYSTEM
3579,571,64,ASSIGNED,SYSTEM
3580,571,10,ASSIGNED,SYSTEM
3581,571,28,ASSIGNED,SYSTEM
3582,571,55,ASSIGNED,SYSTEM
3583,571,1,ASSIGNED,SYSTEM
3584,571,73,ASSIGNED,SYSTEM
3585,571,46,ASSIGNED,SYSTEM
3586,572,19,ASSIGNED,SYSTEM
3587,572,37,ASSIGNED,SYSTEM
3588,572,55,ASSIGNED,SYSTEM
3589,572,10,ASSIGNED,SYSTEM
3590,572,28,ASSIGNED,SYSTEM
3591,572,1,ASSIGNED,SYSTEM
3592,572,64,ASSIGNED,SYSTEM
3593,572,73,ASSIGNED,SYSTEM
3594,573,28,ASSIGNED,SYSTEM
3595,573,1,ASSIGNED,SYSTEM
3596,573,10,ASSIGNED,SYSTEM
3597,573,19,ASSIGNED,SYSTEM
3598,573,73,ASSIGNED,SYSTEM
3599,573,46,ASSIGNED,SYSTEM
3600,573,64,ASSIGNED,SYSTEM
3601,574,56,ASSIGNED,SYSTEM
3602,574,38,ASSIGNED,SYSTEM
3603,574,2,ASSIGNED,SYSTEM
3604,574,65,ASSIGNED,SYSTEM
3605,574,74,ASSIGNED,SYSTEM
3606,574,83,ASSIGNED,SYSTEM
3607,574,29,ASSIGNED,SYSTEM
3608,574,47,ASSIGNED,SYSTEM
3609,574,20,ASSIGNED,SYSTEM
3610,574,11,ASSIGNED,SYSTEM
3611,575,74,ASSIGNED,SYSTEM
3612,575,29,ASSIGNED,SYSTEM
3613,575,11,ASSIGNED,SYSTEM
3614,575,38,ASSIGNED,SYSTEM
3615,575,2,ASSIGNED,SYSTEM
3616,575,65,ASSIGNED,SYSTEM
3617,575,56,ASSIGNED,SYSTEM
3618,575,20,ASSIGNED,SYSTEM
3619,575,83,ASSIGNED,SYSTEM
3620,575,47,ASSIGNED,SYSTEM
3621,576,74,ASSIGNED,SYSTEM
3622,576,83,ASSIGNED,SYSTEM
3623,576,56,ASSIGNED,SYSTEM
3624,576,2,ASSIGNED,SYSTEM
3625,576,11,ASSIGNED,SYSTEM
3626,576,20,ASSIGNED,SYSTEM
3627,576,38,ASSIGNED,SYSTEM
3628,576,65,ASSIGNED,SYSTEM
3629,576,29,ASSIGNED,SYSTEM
3630,576,47,ASSIGNED,SYSTEM
3631,577,66,ASSIGNED,SYSTEM
3632,577,12,ASSIGNED,SYSTEM
3633,577,48,ASSIGNED,SYSTEM
3634,577,57,ASSIGNED,SYSTEM
3635,577,21,ASSIGNED,SYSTEM
3636,577,39,ASSIGNED,SYSTEM
3637,578,21,ASSIGNED,SYSTEM
3638,578,39,ASSIGNED,SYSTEM
3639,578,66,ASSIGNED,SYSTEM
3640,578,30,ASSIGNED,SYSTEM
3641,578,3,ASSIGNED,SYSTEM
3642,578,84,ASSIGNED,SYSTEM
3643,579,75,ASSIGNED,SYSTEM
3644,579,84,ASSIGNED,SYSTEM
3645,579,48,ASSIGNED,SYSTEM
3646,579,21,ASSIGNED,SYSTEM
3647,579,66,ASSIGNED,SYSTEM
3648,579,30,ASSIGNED,SYSTEM
3649,580,85,ASSIGNED,SYSTEM
3650,580,22,ASSIGNED,SYSTEM
3651,580,13,ASSIGNED,SYSTEM
3652,580,58,ASSIGNED,SYSTEM
3653,580,67,ASSIGNED,SYSTEM
3654,580,49,ASSIGNED,SYSTEM
3655,581,13,ASSIGNED,SYSTEM
3656,581,49,ASSIGNED,SYSTEM
3657,581,31,ASSIGNED,SYSTEM
3658,581,85,ASSIGNED,SYSTEM
3659,581,67,ASSIGNED,SYSTEM
3660,581,76,ASSIGNED,SYSTEM
3661,582,4,ASSIGNED,SYSTEM
3662,582,49,ASSIGNED,SYSTEM
3663,582,76,ASSIGNED,SYSTEM
3664,582,40,ASSIGNED,SYSTEM
3665,582,22,ASSIGNED,SYSTEM
3666,582,31,ASSIGNED,SYSTEM
3667,583,68,ASSIGNED,SYSTEM
3668,583,23,ASSIGNED,SYSTEM
3669,583,77,ASSIGNED,SYSTEM
3670,583,86,ASSIGNED,SYSTEM
3671,583,5,ASSIGNED,SYSTEM
3672,583,41,ASSIGNED,SYSTEM
3673,583,32,ASSIGNED,SYSTEM
3674,583,50,ASSIGNED,SYSTEM
3675,584,32,ASSIGNED,SYSTEM
3676,584,23,ASSIGNED,SYSTEM
3677,584,59,ASSIGNED,SYSTEM
3678,584,77,ASSIGNED,SYSTEM
3679,584,86,ASSIGNED,SYSTEM
3680,584,5,ASSIGNED,SYSTEM
3681,584,41,ASSIGNED,SYSTEM
3682,584,50,ASSIGNED,SYSTEM
3683,585,41,ASSIGNED,SYSTEM
3684,585,86,ASSIGNED,SYSTEM
3685,585,5,ASSIGNED,SYSTEM
3686,585,77,ASSIGNED,SYSTEM
3687,585,32,ASSIGNED,SYSTEM
3688,585,68,ASSIGNED,SYSTEM
3689,585,59,ASSIGNED,SYSTEM
3690,585,50,ASSIGNED,SYSTEM
3691,586,15,ASSIGNED,SYSTEM
3692,586,42,ASSIGNED,SYSTEM
3693,586,87,ASSIGNED,SYSTEM
3694,586,60,ASSIGNED,SYSTEM
3695,586,24,ASSIGNED,SYSTEM
3696,586,69,ASSIGNED,SYSTEM
3697,587,60,ASSIGNED,SYSTEM
3698,587,6,ASSIGNED,SYSTEM
3699,587,78,ASSIGNED,SYSTEM
3700,587,33,ASSIGNED,SYSTEM
3701,587,69,ASSIGNED,SYSTEM
3702,587,51,ASSIGNED,SYSTEM
3703,587,24,ASSIGNED,SYSTEM
3704,587,87,ASSIGNED,SYSTEM
3705,588,6,ASSIGNED,SYSTEM
3706,588,42,ASSIGNED,SYSTEM
3707,588,51,ASSIGNED,SYSTEM
3708,588,33,ASSIGNED,SYSTEM
3709,588,60,ASSIGNED,SYSTEM
3710,588,87,ASSIGNED,SYSTEM
3711,588,78,ASSIGNED,SYSTEM
3712,588,15,ASSIGNED,SYSTEM
3713,589,7,ASSIGNED,SYSTEM
3714,589,61,ASSIGNED,SYSTEM
3715,589,88,ASSIGNED,SYSTEM
3716,589,25,ASSIGNED,SYSTEM
3717,589,52,ASSIGNED,SYSTEM
3718,590,79,ASSIGNED,SYSTEM
3719,590,70,ASSIGNED,SYSTEM
3720,590,88,ASSIGNED,SYSTEM
3721,590,52,ASSIGNED,SYSTEM
3722,590,7,ASSIGNED,SYSTEM
3723,591,43,ASSIGNED,SYSTEM
3724,591,61,ASSIGNED,SYSTEM
3725,591,25,ASSIGNED,SYSTEM
3726,591,52,ASSIGNED,SYSTEM
3727,591,70,ASSIGNED,SYSTEM
3728,592,53,ASSIGNED,SYSTEM
3729,592,80,ASSIGNED,SYSTEM
3730,592,44,ASSIGNED,SYSTEM
3731,592,17,ASSIGNED,SYSTEM
3732,592,26,ASSIGNED,SYSTEM
3733,593,80,ASSIGNED,SYSTEM
3734,593,35,ASSIGNED,SYSTEM
3735,593,53,ASSIGNED,SYSTEM
3736,593,17,ASSIGNED,SYSTEM
3737,593,8,ASSIGNED,SYSTEM
3738,594,53,ASSIGNED,SYSTEM
3739,594,26,ASSIGNED,SYSTEM
3740,594,44,ASSIGNED,SYSTEM
3741,594,8,ASSIGNED,SYSTEM
3742,594,17,ASSIGNED,SYSTEM
3743,595,63,ASSIGNED,SYSTEM
3744,595,90,ASSIGNED,SYSTEM
3745,595,54,ASSIGNED,SYSTEM
3746,595,81,ASSIGNED,SYSTEM
3747,596,63,ASSIGNED,SYSTEM
3748,596,81,ASSIGNED,SYSTEM
3749,596,18,ASSIGNED,SYSTEM
3750,597,9,ASSIGNED,SYSTEM
3751,597,63,ASSIGNED,SYSTEM
3752,597,54,ASSIGNED,SYSTEM
3753,597,45,ASSIGNED,SYSTEM
3754,598,95,ASSIGNED,SYSTEM
3755,598,92,ASSIGNED,SYSTEM
3756,598,97,ASSIGNED,SYSTEM
3757,598,98,ASSIGNED,SYSTEM
3758,598,100,ASSIGNED,SYSTEM
3759,599,91,ASSIGNED,SYSTEM
3760,599,98,ASSIGNED,SYSTEM
3761,599,96,ASSIGNED,SYSTEM
3762,599,93,ASSIGNED,SYSTEM
3763,599,100,ASSIGNED,SYSTEM
3764,600,95,ASSIGNED,SYSTEM
3765,600,93,ASSIGNED,SYSTEM
3766,600,94,ASSIGNED,SYSTEM
3767,600,100,ASSIGNED,SYSTEM
3768,600,98,ASSIGNED,SYSTEM
3769,601,19,ASSIGNED,SYSTEM
3770,601,28,ASSIGNED,SYSTEM
3771,601,55,ASSIGNED,SYSTEM
3772,601,46,ASSIGNED,SYSTEM
3773,601,64,ASSIGNED,SYSTEM
3774,601,73,ASSIGNED,SYSTEM
3775,601,10,ASSIGNED,SYSTEM
3776,601,37,ASSIGNED,SYSTEM
3777,602,64,ASSIGNED,SYSTEM
3778,602,46,ASSIGNED,SYSTEM
3779,602,37,ASSIGNED,SYSTEM
3780,602,19,ASSIGNED,SYSTEM
3781,602,10,ASSIGNED,SYSTEM
3782,602,1,ASSIGNED,SYSTEM
3783,602,28,ASSIGNED,SYSTEM
3784,602,73,ASSIGNED,SYSTEM
3785,603,10,ASSIGNED,SYSTEM
3786,603,1,ASSIGNED,SYSTEM
3787,603,73,ASSIGNED,SYSTEM
3788,603,55,ASSIGNED,SYSTEM
3789,603,37,ASSIGNED,SYSTEM
3790,603,82,ASSIGNED,SYSTEM
3791,603,64,ASSIGNED,SYSTEM
3792,603,46,ASSIGNED,SYSTEM
3793,604,56,ASSIGNED,SYSTEM
3794,604,2,ASSIGNED,SYSTEM
3795,604,29,ASSIGNED,SYSTEM
3796,604,38,ASSIGNED,SYSTEM
3797,604,83,ASSIGNED,SYSTEM
3798,604,74,ASSIGNED,SYSTEM
3799,604,47,ASSIGNED,SYSTEM
3800,604,65,ASSIGNED,SYSTEM
3801,605,38,ASSIGNED,SYSTEM
3802,605,74,ASSIGNED,SYSTEM
3803,605,65,ASSIGNED,SYSTEM
3804,605,56,ASSIGNED,SYSTEM
3805,605,2,ASSIGNED,SYSTEM
3806,605,11,ASSIGNED,SYSTEM
3807,605,29,ASSIGNED,SYSTEM
3808,605,47,ASSIGNED,SYSTEM
3809,605,83,ASSIGNED,SYSTEM
3810,605,20,ASSIGNED,SYSTEM
3811,606,29,ASSIGNED,SYSTEM
3812,606,65,ASSIGNED,SYSTEM
3813,606,47,ASSIGNED,SYSTEM
3814,606,74,ASSIGNED,SYSTEM
3815,606,56,ASSIGNED,SYSTEM
3816,606,11,ASSIGNED,SYSTEM
3817,606,83,ASSIGNED,SYSTEM
3818,606,38,ASSIGNED,SYSTEM
3819,606,20,ASSIGNED,SYSTEM
3820,606,2,ASSIGNED,SYSTEM
3821,607,12,ASSIGNED,SYSTEM
3822,607,75,ASSIGNED,SYSTEM
3823,607,39,ASSIGNED,SYSTEM
3824,607,21,ASSIGNED,SYSTEM
3825,607,48,ASSIGNED,SYSTEM
3826,607,57,ASSIGNED,SYSTEM
3827,608,3,ASSIGNED,SYSTEM
3828,608,39,ASSIGNED,SYSTEM
3829,608,66,ASSIGNED,SYSTEM
3830,608,30,ASSIGNED,SYSTEM
3831,608,57,ASSIGNED,SYSTEM
3832,608,48,ASSIGNED,SYSTEM
3833,609,84,ASSIGNED,SYSTEM
3834,609,48,ASSIGNED,SYSTEM
3835,609,12,ASSIGNED,SYSTEM
3836,609,3,ASSIGNED,SYSTEM
3837,609,30,ASSIGNED,SYSTEM
3838,609,57,ASSIGNED,SYSTEM
3839,610,85,ASSIGNED,SYSTEM
3840,610,13,ASSIGNED,SYSTEM
3841,610,31,ASSIGNED,SYSTEM
3842,610,58,ASSIGNED,SYSTEM
3843,610,40,ASSIGNED,SYSTEM
3844,610,22,ASSIGNED,SYSTEM
3845,611,76,ASSIGNED,SYSTEM
3846,611,67,ASSIGNED,SYSTEM
3847,611,40,ASSIGNED,SYSTEM
3848,611,58,ASSIGNED,SYSTEM
3849,611,13,ASSIGNED,SYSTEM
3850,611,4,ASSIGNED,SYSTEM
3851,612,85,ASSIGNED,SYSTEM
3852,612,67,ASSIGNED,SYSTEM
3853,612,40,ASSIGNED,SYSTEM
3854,612,76,ASSIGNED,SYSTEM
3855,612,22,ASSIGNED,SYSTEM
3856,612,4,ASSIGNED,SYSTEM
3857,613,68,ASSIGNED,SYSTEM
3858,613,5,ASSIGNED,SYSTEM
3859,613,14,ASSIGNED,SYSTEM
3860,613,23,ASSIGNED,SYSTEM
3861,613,59,ASSIGNED,SYSTEM
3862,613,86,ASSIGNED,SYSTEM
3863,613,32,ASSIGNED,SYSTEM
3864,613,77,ASSIGNED,SYSTEM
3865,614,68,ASSIGNED,SYSTEM
3866,614,23,ASSIGNED,SYSTEM
3867,614,14,ASSIGNED,SYSTEM
3868,614,32,ASSIGNED,SYSTEM
3869,614,86,ASSIGNED,SYSTEM
3870,614,41,ASSIGNED,SYSTEM
3871,614,59,ASSIGNED,SYSTEM
3872,614,50,ASSIGNED,SYSTEM
3873,615,86,ASSIGNED,SYSTEM
3874,615,68,ASSIGNED,SYSTEM
3875,615,23,ASSIGNED,SYSTEM
3876,615,59,ASSIGNED,SYSTEM
3877,615,77,ASSIGNED,SYSTEM
3878,615,50,ASSIGNED,SYSTEM
3879,615,32,ASSIGNED,SYSTEM
3880,615,5,ASSIGNED,SYSTEM
3881,616,87,ASSIGNED,SYSTEM
3882,616,51,ASSIGNED,SYSTEM
3883,616,15,ASSIGNED,SYSTEM
3884,616,6,ASSIGNED,SYSTEM
3885,616,60,ASSIGNED,SYSTEM
3886,616,33,ASSIGNED,SYSTEM
3887,616,69,ASSIGNED,SYSTEM
3888,616,24,ASSIGNED,SYSTEM
3889,617,87,ASSIGNED,SYSTEM
3890,617,60,ASSIGNED,SYSTEM
3891,617,15,ASSIGNED,SYSTEM
3892,617,51,ASSIGNED,SYSTEM
3893,617,78,ASSIGNED,SYSTEM
3894,617,42,ASSIGNED,SYSTEM
3895,617,24,ASSIGNED,SYSTEM
3896,617,33,ASSIGNED,SYSTEM
3897,618,33,ASSIGNED,SYSTEM
3898,618,15,ASSIGNED,SYSTEM
3899,618,42,ASSIGNED,SYSTEM
3900,618,24,ASSIGNED,SYSTEM
3901,618,78,ASSIGNED,SYSTEM
3902,618,87,ASSIGNED,SYSTEM
3903,618,69,ASSIGNED,SYSTEM
3904,618,51,ASSIGNED,SYSTEM
3905,619,34,ASSIGNED,SYSTEM
3906,619,61,ASSIGNED,SYSTEM
3907,619,88,ASSIGNED,SYSTEM
3908,619,16,ASSIGNED,SYSTEM
3909,619,70,ASSIGNED,SYSTEM
3910,620,70,ASSIGNED,SYSTEM
3911,620,88,ASSIGNED,SYSTEM
3912,620,52,ASSIGNED,SYSTEM
3913,620,25,ASSIGNED,SYSTEM
3914,620,34,ASSIGNED,SYSTEM
3915,621,34,ASSIGNED,SYSTEM
3916,621,70,ASSIGNED,SYSTEM
3917,621,7,ASSIGNED,SYSTEM
3918,621,52,ASSIGNED,SYSTEM
3919,621,43,ASSIGNED,SYSTEM
3920,622,8,ASSIGNED,SYSTEM
3921,622,62,ASSIGNED,SYSTEM
3922,622,44,ASSIGNED,SYSTEM
3923,622,89,ASSIGNED,SYSTEM
3924,622,71,ASSIGNED,SYSTEM
3925,623,53,ASSIGNED,SYSTEM
3926,623,26,ASSIGNED,SYSTEM
3927,623,8,ASSIGNED,SYSTEM
3928,623,62,ASSIGNED,SYSTEM
3929,623,35,ASSIGNED,SYSTEM
3930,624,8,ASSIGNED,SYSTEM
3931,624,62,ASSIGNED,SYSTEM
3932,624,17,ASSIGNED,SYSTEM
3933,624,35,ASSIGNED,SYSTEM
3934,624,26,ASSIGNED,SYSTEM
3935,625,27,ASSIGNED,SYSTEM
3936,625,90,ASSIGNED,SYSTEM
3937,625,18,ASSIGNED,SYSTEM
3938,625,54,ASSIGNED,SYSTEM
3939,626,9,ASSIGNED,SYSTEM
3940,626,72,ASSIGNED,SYSTEM
3941,626,54,ASSIGNED,SYSTEM
3942,626,18,ASSIGNED,SYSTEM
3943,627,45,ASSIGNED,SYSTEM
3944,627,18,ASSIGNED,SYSTEM
3945,627,72,ASSIGNED,SYSTEM
3946,627,81,ASSIGNED,SYSTEM
3947,628,99,ASSIGNED,SYSTEM
3948,628,95,ASSIGNED,SYSTEM
3949,628,94,ASSIGNED,SYSTEM
3950,628,97,ASSIGNED,SYSTEM
3951,629,92,ASSIGNED,SYSTEM
3952,629,94,ASSIGNED,SYSTEM
3953,629,93,ASSIGNED,SYSTEM
3954,629,100,ASSIGNED,SYSTEM
3955,630,91,ASSIGNED,SYSTEM
3956,630,95,ASSIGNED,SYSTEM
3957,630,94,ASSIGNED,SYSTEM
3958,630,100,ASSIGNED,SYSTEM
3959,630,96,ASSIGNED,SYSTEM
3960,631,73,ASSIGNED,SYSTEM
3961,631,37,ASSIGNED,SYSTEM
3962,631,19,ASSIGNED,SYSTEM
3963,631,10,ASSIGNED,SYSTEM
3964,631,46,ASSIGNED,SYSTEM
3965,631,55,ASSIGNED,SYSTEM
3966,631,82,ASSIGNED,SYSTEM
3967,631,28,ASSIGNED,SYSTEM
3968,632,37,ASSIGNED,SYSTEM
3969,632,55,ASSIGNED,SYSTEM
3970,632,19,ASSIGNED,SYSTEM
3971,632,46,ASSIGNED,SYSTEM
3972,632,64,ASSIGNED,SYSTEM
3973,632,1,ASSIGNED,SYSTEM
3974,633,82,ASSIGNED,SYSTEM
3975,633,37,ASSIGNED,SYSTEM
3976,633,73,ASSIGNED,SYSTEM
3977,633,64,ASSIGNED,SYSTEM
3978,633,46,ASSIGNED,SYSTEM
3979,633,28,ASSIGNED,SYSTEM
3980,633,19,ASSIGNED,SYSTEM
3981,633,10,ASSIGNED,SYSTEM
3982,634,56,ASSIGNED,SYSTEM
3983,634,20,ASSIGNED,SYSTEM
3984,634,38,ASSIGNED,SYSTEM
3985,634,47,ASSIGNED,SYSTEM
3986,634,2,ASSIGNED,SYSTEM
3987,634,74,ASSIGNED,SYSTEM
3988,634,29,ASSIGNED,SYSTEM
3989,634,11,ASSIGNED,SYSTEM
3990,634,65,ASSIGNED,SYSTEM
3991,634,83,ASSIGNED,SYSTEM
3992,635,11,ASSIGNED,SYSTEM
3993,635,2,ASSIGNED,SYSTEM
3994,635,47,ASSIGNED,SYSTEM
3995,635,38,ASSIGNED,SYSTEM
3996,635,83,ASSIGNED,SYSTEM
3997,635,56,ASSIGNED,SYSTEM
3998,635,65,ASSIGNED,SYSTEM
3999,635,29,ASSIGNED,SYSTEM
4000,635,74,ASSIGNED,SYSTEM
4001,636,11,ASSIGNED,SYSTEM
4002,636,2,ASSIGNED,SYSTEM
4003,636,56,ASSIGNED,SYSTEM
4004,636,38,ASSIGNED,SYSTEM
4005,636,29,ASSIGNED,SYSTEM
4006,636,20,ASSIGNED,SYSTEM
4007,636,74,ASSIGNED,SYSTEM
4008,636,47,ASSIGNED,SYSTEM
4009,636,65,ASSIGNED,SYSTEM
4010,637,39,ASSIGNED,SYSTEM
4011,637,84,ASSIGNED,SYSTEM
4012,637,48,ASSIGNED,SYSTEM
4013,637,30,ASSIGNED,SYSTEM
4014,637,21,ASSIGNED,SYSTEM
4015,637,3,ASSIGNED,SYSTEM
4016,638,21,ASSIGNED,SYSTEM
4017,638,12,ASSIGNED,SYSTEM
4018,638,66,ASSIGNED,SYSTEM
4019,638,30,ASSIGNED,SYSTEM
4020,638,75,ASSIGNED,SYSTEM
4021,639,39,ASSIGNED,SYSTEM
4022,639,48,ASSIGNED,SYSTEM
4023,639,30,ASSIGNED,SYSTEM
4024,639,57,ASSIGNED,SYSTEM
4025,639,12,ASSIGNED,SYSTEM
4026,639,3,ASSIGNED,SYSTEM
4027,640,85,ASSIGNED,SYSTEM
4028,640,22,ASSIGNED,SYSTEM
4029,640,31,ASSIGNED,SYSTEM
4030,640,67,ASSIGNED,SYSTEM
4031,640,13,ASSIGNED,SYSTEM
4032,640,4,ASSIGNED,SYSTEM
4033,641,85,ASSIGNED,SYSTEM
4034,641,13,ASSIGNED,SYSTEM
4035,641,4,ASSIGNED,SYSTEM
4036,641,31,ASSIGNED,SYSTEM
4037,641,76,ASSIGNED,SYSTEM
4038,641,49,ASSIGNED,SYSTEM
4039,642,31,ASSIGNED,SYSTEM
4040,642,13,ASSIGNED,SYSTEM
4041,642,4,ASSIGNED,SYSTEM
4042,642,76,ASSIGNED,SYSTEM
4043,642,85,ASSIGNED,SYSTEM
4044,642,49,ASSIGNED,SYSTEM
4045,643,32,ASSIGNED,SYSTEM
4046,643,23,ASSIGNED,SYSTEM
4047,643,41,ASSIGNED,SYSTEM
4048,643,14,ASSIGNED,SYSTEM
4049,643,77,ASSIGNED,SYSTEM
4050,643,68,ASSIGNED,SYSTEM
4051,644,59,ASSIGNED,SYSTEM
4052,644,41,ASSIGNED,SYSTEM
4053,644,32,ASSIGNED,SYSTEM
4054,644,5,ASSIGNED,SYSTEM
4055,644,50,ASSIGNED,SYSTEM
4056,644,86,ASSIGNED,SYSTEM
4057,644,23,ASSIGNED,SYSTEM
4058,644,77,ASSIGNED,SYSTEM
4059,645,77,ASSIGNED,SYSTEM
4060,645,32,ASSIGNED,SYSTEM
4061,645,50,ASSIGNED,SYSTEM
4062,645,86,ASSIGNED,SYSTEM
4063,645,68,ASSIGNED,SYSTEM
4064,645,23,ASSIGNED,SYSTEM
4065,645,41,ASSIGNED,SYSTEM
4066,645,5,ASSIGNED,SYSTEM
4067,646,78,ASSIGNED,SYSTEM
4068,646,42,ASSIGNED,SYSTEM
4069,646,60,ASSIGNED,SYSTEM
4070,646,33,ASSIGNED,SYSTEM
4071,646,87,ASSIGNED,SYSTEM
4072,646,24,ASSIGNED,SYSTEM
4073,646,15,ASSIGNED,SYSTEM
4074,646,6,ASSIGNED,SYSTEM
4075,647,6,ASSIGNED,SYSTEM
4076,647,60,ASSIGNED,SYSTEM
4077,647,51,ASSIGNED,SYSTEM
4078,647,42,ASSIGNED,SYSTEM
4079,647,69,ASSIGNED,SYSTEM
4080,647,24,ASSIGNED,SYSTEM
4081,647,15,ASSIGNED,SYSTEM
4082,647,33,ASSIGNED,SYSTEM
4083,648,51,ASSIGNED,SYSTEM
4084,648,60,ASSIGNED,SYSTEM
4085,648,69,ASSIGNED,SYSTEM
4086,648,6,ASSIGNED,SYSTEM
4087,648,15,ASSIGNED,SYSTEM
4088,648,42,ASSIGNED,SYSTEM
4089,648,78,ASSIGNED,SYSTEM
4090,648,24,ASSIGNED,SYSTEM
4091,649,79,ASSIGNED,SYSTEM
4092,649,43,ASSIGNED,SYSTEM
4093,649,52,ASSIGNED,SYSTEM
4094,649,25,ASSIGNED,SYSTEM
4095,649,70,ASSIGNED,SYSTEM
4096,650,7,ASSIGNED,SYSTEM
4097,650,88,ASSIGNED,SYSTEM
4098,650,79,ASSIGNED,SYSTEM
4099,651,88,ASSIGNED,SYSTEM
4100,651,16,ASSIGNED,SYSTEM
4101,651,70,ASSIGNED,SYSTEM
4102,651,43,ASSIGNED,SYSTEM
4103,651,34,ASSIGNED,SYSTEM
4104,652,53,ASSIGNED,SYSTEM
4105,652,80,ASSIGNED,SYSTEM
4106,652,35,ASSIGNED,SYSTEM
4107,652,8,ASSIGNED,SYSTEM
4108,652,71,ASSIGNED,SYSTEM
4109,653,62,ASSIGNED,SYSTEM
4110,653,89,ASSIGNED,SYSTEM
4111,653,71,ASSIGNED,SYSTEM
4112,654,62,ASSIGNED,SYSTEM
4113,654,35,ASSIGNED,SYSTEM
4114,654,80,ASSIGNED,SYSTEM
4115,654,89,ASSIGNED,SYSTEM
4116,654,53,ASSIGNED,SYSTEM
4117,655,90,ASSIGNED,SYSTEM
4118,655,72,ASSIGNED,SYSTEM
4119,655,54,ASSIGNED,SYSTEM
4120,655,81,ASSIGNED,SYSTEM
4121,656,54,ASSIGNED,SYSTEM
4122,656,72,ASSIGNED,SYSTEM
4123,656,90,ASSIGNED,SYSTEM
4124,656,81,ASSIGNED,SYSTEM
4125,657,27,ASSIGNED,SYSTEM
4126,657,81,ASSIGNED,SYSTEM
4127,657,18,ASSIGNED,SYSTEM
4128,658,96,ASSIGNED,SYSTEM
4129,658,100,ASSIGNED,SYSTEM
4130,658,94,ASSIGNED,SYSTEM
4131,658,95,ASSIGNED,SYSTEM
4132,658,91,ASSIGNED,SYSTEM
4133,659,98,ASSIGNED,SYSTEM
4134,659,95,ASSIGNED,SYSTEM
4135,659,91,ASSIGNED,SYSTEM
4136,659,92,ASSIGNED,SYSTEM
4137,659,93,ASSIGNED,SYSTEM
4138,660,93,ASSIGNED,SYSTEM
4139,660,92,ASSIGNED,SYSTEM
4140,660,95,ASSIGNED,SYSTEM
4141,661,73,ASSIGNED,SYSTEM
4142,661,64,ASSIGNED,SYSTEM
4143,661,1,ASSIGNED,SYSTEM
4144,661,10,ASSIGNED,SYSTEM
4145,661,37,ASSIGNED,SYSTEM
4146,661,28,ASSIGNED,SYSTEM
4147,661,46,ASSIGNED,SYSTEM
4148,661,82,ASSIGNED,SYSTEM
4149,662,55,ASSIGNED,SYSTEM
4150,662,64,ASSIGNED,SYSTEM
4151,662,37,ASSIGNED,SYSTEM
4152,662,1,ASSIGNED,SYSTEM
4153,662,28,ASSIGNED,SYSTEM
4154,662,19,ASSIGNED,SYSTEM
4155,662,82,ASSIGNED,SYSTEM
4156,662,73,ASSIGNED,SYSTEM
4157,663,82,ASSIGNED,SYSTEM
4158,663,19,ASSIGNED,SYSTEM
4159,663,55,ASSIGNED,SYSTEM
4160,663,73,ASSIGNED,SYSTEM
4161,663,37,ASSIGNED,SYSTEM
4162,663,46,ASSIGNED,SYSTEM
4163,663,64,ASSIGNED,SYSTEM
4164,663,28,ASSIGNED,SYSTEM
4165,664,47,ASSIGNED,SYSTEM
4166,664,38,ASSIGNED,SYSTEM
4167,664,65,ASSIGNED,SYSTEM
4168,664,20,ASSIGNED,SYSTEM
4169,664,56,ASSIGNED,SYSTEM
4170,664,29,ASSIGNED,SYSTEM
4171,664,74,ASSIGNED,SYSTEM
4172,664,83,ASSIGNED,SYSTEM
4173,664,11,ASSIGNED,SYSTEM
4174,664,2,ASSIGNED,SYSTEM
4175,665,56,ASSIGNED,SYSTEM
4176,665,2,ASSIGNED,SYSTEM
4177,665,20,ASSIGNED,SYSTEM
4178,665,83,ASSIGNED,SYSTEM
4179,665,74,ASSIGNED,SYSTEM
4180,665,65,ASSIGNED,SYSTEM
4181,665,11,ASSIGNED,SYSTEM
4182,665,38,ASSIGNED,SYSTEM
4183,665,29,ASSIGNED,SYSTEM
4184,665,47,ASSIGNED,SYSTEM
4185,666,56,ASSIGNED,SYSTEM
4186,666,47,ASSIGNED,SYSTEM
4187,666,2,ASSIGNED,SYSTEM
4188,666,20,ASSIGNED,SYSTEM
4189,666,29,ASSIGNED,SYSTEM
4190,666,74,ASSIGNED,SYSTEM
4191,666,65,ASSIGNED,SYSTEM
4192,666,38,ASSIGNED,SYSTEM
4193,666,83,ASSIGNED,SYSTEM
4194,666,11,ASSIGNED,SYSTEM
4195,667,30,ASSIGNED,SYSTEM
4196,667,3,ASSIGNED,SYSTEM
4197,667,66,ASSIGNED,SYSTEM
4198,667,21,ASSIGNED,SYSTEM
4199,667,12,ASSIGNED,SYSTEM
4200,667,75,ASSIGNED,SYSTEM
4201,668,12,ASSIGNED,SYSTEM
4202,668,66,ASSIGNED,SYSTEM
4203,668,84,ASSIGNED,SYSTEM
4204,668,21,ASSIGNED,SYSTEM
4205,668,30,ASSIGNED,SYSTEM
4206,668,39,ASSIGNED,SYSTEM
4207,669,57,ASSIGNED,SYSTEM
4208,669,66,ASSIGNED,SYSTEM
4209,669,3,ASSIGNED,SYSTEM
4210,669,12,ASSIGNED,SYSTEM
4211,670,85,ASSIGNED,SYSTEM
4212,670,13,ASSIGNED,SYSTEM
4213,670,40,ASSIGNED,SYSTEM
4214,670,76,ASSIGNED,SYSTEM
4215,670,58,ASSIGNED,SYSTEM
4216,670,67,ASSIGNED,SYSTEM
4217,671,58,ASSIGNED,SYSTEM
4218,671,13,ASSIGNED,SYSTEM
4219,671,49,ASSIGNED,SYSTEM
4220,671,85,ASSIGNED,SYSTEM
4221,671,22,ASSIGNED,SYSTEM
4222,671,31,ASSIGNED,SYSTEM
4223,672,13,ASSIGNED,SYSTEM
4224,672,22,ASSIGNED,SYSTEM
4225,672,76,ASSIGNED,SYSTEM
4226,672,40,ASSIGNED,SYSTEM
4227,672,49,ASSIGNED,SYSTEM
4228,672,31,ASSIGNED,SYSTEM
4229,673,77,ASSIGNED,SYSTEM
4230,673,14,ASSIGNED,SYSTEM
4231,673,68,ASSIGNED,SYSTEM
4232,673,5,ASSIGNED,SYSTEM
4233,673,41,ASSIGNED,SYSTEM
4234,673,86,ASSIGNED,SYSTEM
4235,673,50,ASSIGNED,SYSTEM
4236,673,23,ASSIGNED,SYSTEM
4237,674,14,ASSIGNED,SYSTEM
4238,674,59,ASSIGNED,SYSTEM
4239,674,32,ASSIGNED,SYSTEM
4240,674,68,ASSIGNED,SYSTEM
4241,674,23,ASSIGNED,SYSTEM
4242,674,41,ASSIGNED,SYSTEM
4243,674,86,ASSIGNED,SYSTEM
4244,674,50,ASSIGNED,SYSTEM
4245,675,77,ASSIGNED,SYSTEM
4246,675,14,ASSIGNED,SYSTEM
4247,675,23,ASSIGNED,SYSTEM
4248,675,41,ASSIGNED,SYSTEM
4249,675,86,ASSIGNED,SYSTEM
4250,675,32,ASSIGNED,SYSTEM
4251,675,68,ASSIGNED,SYSTEM
4252,675,59,ASSIGNED,SYSTEM
4253,676,60,ASSIGNED,SYSTEM
4254,676,15,ASSIGNED,SYSTEM
4255,676,6,ASSIGNED,SYSTEM
4256,676,24,ASSIGNED,SYSTEM
4257,676,51,ASSIGNED,SYSTEM
4258,676,87,ASSIGNED,SYSTEM
4259,676,33,ASSIGNED,SYSTEM
4260,677,42,ASSIGNED,SYSTEM
4261,677,15,ASSIGNED,SYSTEM
4262,677,78,ASSIGNED,SYSTEM
4263,677,60,ASSIGNED,SYSTEM
4264,677,51,ASSIGNED,SYSTEM
4265,677,87,ASSIGNED,SYSTEM
4266,678,69,ASSIGNED,SYSTEM
4267,678,15,ASSIGNED,SYSTEM
4268,678,33,ASSIGNED,SYSTEM
4269,678,78,ASSIGNED,SYSTEM
4270,678,87,ASSIGNED,SYSTEM
4271,678,24,ASSIGNED,SYSTEM
4272,678,42,ASSIGNED,SYSTEM
4273,678,6,ASSIGNED,SYSTEM
4274,679,34,ASSIGNED,SYSTEM
4275,679,70,ASSIGNED,SYSTEM
4276,679,79,ASSIGNED,SYSTEM
4277,679,52,ASSIGNED,SYSTEM
4278,679,61,ASSIGNED,SYSTEM
4279,680,52,ASSIGNED,SYSTEM
4280,680,43,ASSIGNED,SYSTEM
4281,680,16,ASSIGNED,SYSTEM
4282,680,25,ASSIGNED,SYSTEM
4283,680,61,ASSIGNED,SYSTEM
4284,681,34,ASSIGNED,SYSTEM
4285,681,70,ASSIGNED,SYSTEM
4286,681,79,ASSIGNED,SYSTEM
4287,682,53,ASSIGNED,SYSTEM
4288,682,8,ASSIGNED,SYSTEM
4289,682,62,ASSIGNED,SYSTEM
4290,682,71,ASSIGNED,SYSTEM
4291,682,17,ASSIGNED,SYSTEM
4292,683,44,ASSIGNED,SYSTEM
4293,683,71,ASSIGNED,SYSTEM
4294,683,89,ASSIGNED,SYSTEM
4295,683,17,ASSIGNED,SYSTEM
4296,683,62,ASSIGNED,SYSTEM
4297,684,35,ASSIGNED,SYSTEM
4298,684,62,ASSIGNED,SYSTEM
4299,684,26,ASSIGNED,SYSTEM
4300,684,71,ASSIGNED,SYSTEM
4301,684,17,ASSIGNED,SYSTEM
4302,685,27,ASSIGNED,SYSTEM
4303,685,63,ASSIGNED,SYSTEM
4304,685,36,ASSIGNED,SYSTEM
4305,685,18,ASSIGNED,SYSTEM
4306,686,27,ASSIGNED,SYSTEM
4307,686,36,ASSIGNED,SYSTEM
4308,686,54,ASSIGNED,SYSTEM
4309,686,90,ASSIGNED,SYSTEM
4310,687,18,ASSIGNED,SYSTEM
4311,687,45,ASSIGNED,SYSTEM
4312,687,72,ASSIGNED,SYSTEM
4313,687,27,ASSIGNED,SYSTEM
4314,688,95,ASSIGNED,SYSTEM
4315,688,91,ASSIGNED,SYSTEM
4316,688,92,ASSIGNED,SYSTEM
4317,688,97,ASSIGNED,SYSTEM
4318,688,93,ASSIGNED,SYSTEM
4319,689,99,ASSIGNED,SYSTEM
4320,689,97,ASSIGNED,SYSTEM
4321,689,94,ASSIGNED,SYSTEM
4322,689,98,ASSIGNED,SYSTEM
4323,689,95,ASSIGNED,SYSTEM
4324,690,97,ASSIGNED,SYSTEM
4325,690,98,ASSIGNED,SYSTEM
4326,690,93,ASSIGNED,SYSTEM
4327,690,91,ASSIGNED,SYSTEM
4328,691,82,ASSIGNED,SYSTEM
4329,691,1,ASSIGNED,SYSTEM
4330,691,19,ASSIGNED,SYSTEM
4331,691,28,ASSIGNED,SYSTEM
4332,691,46,ASSIGNED,SYSTEM
4333,691,37,ASSIGNED,SYSTEM
4334,691,64,ASSIGNED,SYSTEM
4335,691,73,ASSIGNED,SYSTEM
4336,692,82,ASSIGNED,SYSTEM
4337,692,19,ASSIGNED,SYSTEM
4338,692,10,ASSIGNED,SYSTEM
4339,692,28,ASSIGNED,SYSTEM
4340,692,55,ASSIGNED,SYSTEM
4341,692,37,ASSIGNED,SYSTEM
4342,692,46,ASSIGNED,SYSTEM
4343,692,64,ASSIGNED,SYSTEM
4344,693,1,ASSIGNED,SYSTEM
4345,693,73,ASSIGNED,SYSTEM
4346,693,64,ASSIGNED,SYSTEM
4347,693,46,ASSIGNED,SYSTEM
4348,693,55,ASSIGNED,SYSTEM
4349,693,10,ASSIGNED,SYSTEM
4350,693,19,ASSIGNED,SYSTEM
4351,693,82,ASSIGNED,SYSTEM
4352,694,38,ASSIGNED,SYSTEM
4353,694,56,ASSIGNED,SYSTEM
4354,694,83,ASSIGNED,SYSTEM
4355,694,2,ASSIGNED,SYSTEM
4356,694,20,ASSIGNED,SYSTEM
4357,694,74,ASSIGNED,SYSTEM
4358,694,47,ASSIGNED,SYSTEM
4359,694,65,ASSIGNED,SYSTEM
4360,695,83,ASSIGNED,SYSTEM
4361,695,2,ASSIGNED,SYSTEM
4362,695,20,ASSIGNED,SYSTEM
4363,695,38,ASSIGNED,SYSTEM
4364,695,11,ASSIGNED,SYSTEM
4365,695,56,ASSIGNED,SYSTEM
4366,695,74,ASSIGNED,SYSTEM
4367,695,29,ASSIGNED,SYSTEM
4368,695,65,ASSIGNED,SYSTEM
4369,695,47,ASSIGNED,SYSTEM
4370,696,11,ASSIGNED,SYSTEM
4371,696,29,ASSIGNED,SYSTEM
4372,696,2,ASSIGNED,SYSTEM
4373,696,65,ASSIGNED,SYSTEM
4374,696,47,ASSIGNED,SYSTEM
4375,696,74,ASSIGNED,SYSTEM
4376,696,83,ASSIGNED,SYSTEM
4377,696,38,ASSIGNED,SYSTEM
4378,696,20,ASSIGNED,SYSTEM
4379,696,56,ASSIGNED,SYSTEM
4380,697,66,ASSIGNED,SYSTEM
4381,697,3,ASSIGNED,SYSTEM
4382,697,48,ASSIGNED,SYSTEM
4383,697,75,ASSIGNED,SYSTEM
4384,697,12,ASSIGNED,SYSTEM
4385,697,30,ASSIGNED,SYSTEM
4386,698,75,ASSIGNED,SYSTEM
4387,698,66,ASSIGNED,SYSTEM
4388,698,48,ASSIGNED,SYSTEM
4389,698,3,ASSIGNED,SYSTEM
4390,698,30,ASSIGNED,SYSTEM
4391,698,39,ASSIGNED,SYSTEM
4392,699,84,ASSIGNED,SYSTEM
4393,699,66,ASSIGNED,SYSTEM
4394,699,48,ASSIGNED,SYSTEM
4395,699,30,ASSIGNED,SYSTEM
4396,699,39,ASSIGNED,SYSTEM
4397,699,12,ASSIGNED,SYSTEM
4398,700,67,ASSIGNED,SYSTEM
4399,700,40,ASSIGNED,SYSTEM
4400,700,13,ASSIGNED,SYSTEM
4401,700,76,ASSIGNED,SYSTEM
4402,700,4,ASSIGNED,SYSTEM
4403,700,85,ASSIGNED,SYSTEM
4404,701,85,ASSIGNED,SYSTEM
4405,701,22,ASSIGNED,SYSTEM
4406,701,76,ASSIGNED,SYSTEM
4407,701,40,ASSIGNED,SYSTEM
4408,701,67,ASSIGNED,SYSTEM
4409,702,49,ASSIGNED,SYSTEM
4410,702,58,ASSIGNED,SYSTEM
4411,702,31,ASSIGNED,SYSTEM
4412,702,76,ASSIGNED,SYSTEM
4413,702,40,ASSIGNED,SYSTEM
4414,702,4,ASSIGNED,SYSTEM
4415,703,86,ASSIGNED,SYSTEM
4416,703,32,ASSIGNED,SYSTEM
4417,703,5,ASSIGNED,SYSTEM
4418,703,23,ASSIGNED,SYSTEM
4419,703,77,ASSIGNED,SYSTEM
4420,703,41,ASSIGNED,SYSTEM
4421,704,59,ASSIGNED,SYSTEM
4422,704,23,ASSIGNED,SYSTEM
4423,704,14,ASSIGNED,SYSTEM
4424,704,32,ASSIGNED,SYSTEM
4425,704,77,ASSIGNED,SYSTEM
4426,704,86,ASSIGNED,SYSTEM
4427,704,5,ASSIGNED,SYSTEM
4428,704,50,ASSIGNED,SYSTEM
4429,705,77,ASSIGNED,SYSTEM
4430,705,41,ASSIGNED,SYSTEM
4431,705,68,ASSIGNED,SYSTEM
4432,705,32,ASSIGNED,SYSTEM
4433,705,86,ASSIGNED,SYSTEM
4434,705,5,ASSIGNED,SYSTEM
4435,706,33,ASSIGNED,SYSTEM
4436,706,78,ASSIGNED,SYSTEM
4437,706,42,ASSIGNED,SYSTEM
4438,706,6,ASSIGNED,SYSTEM
4439,706,69,ASSIGNED,SYSTEM
4440,706,60,ASSIGNED,SYSTEM
4441,706,24,ASSIGNED,SYSTEM
4442,706,15,ASSIGNED,SYSTEM
4443,707,42,ASSIGNED,SYSTEM
4444,707,60,ASSIGNED,SYSTEM
4445,707,78,ASSIGNED,SYSTEM
4446,707,6,ASSIGNED,SYSTEM
4447,707,51,ASSIGNED,SYSTEM
4448,707,24,ASSIGNED,SYSTEM
4449,707,15,ASSIGNED,SYSTEM
4450,707,33,ASSIGNED,SYSTEM
4451,708,51,ASSIGNED,SYSTEM
4452,708,69,ASSIGNED,SYSTEM
4453,708,87,ASSIGNED,SYSTEM
4454,708,6,ASSIGNED,SYSTEM
4455,708,78,ASSIGNED,SYSTEM
4456,708,60,ASSIGNED,SYSTEM
4457,708,42,ASSIGNED,SYSTEM
4458,708,33,ASSIGNED,SYSTEM
4459,709,52,ASSIGNED,SYSTEM
4460,709,16,ASSIGNED,SYSTEM
4461,709,43,ASSIGNED,SYSTEM
4462,709,25,ASSIGNED,SYSTEM
4463,709,61,ASSIGNED,SYSTEM
4464,710,52,ASSIGNED,SYSTEM
4465,710,79,ASSIGNED,SYSTEM
4466,710,7,ASSIGNED,SYSTEM
4467,710,25,ASSIGNED,SYSTEM
4468,710,34,ASSIGNED,SYSTEM
4469,711,43,ASSIGNED,SYSTEM
4470,711,52,ASSIGNED,SYSTEM
4471,711,34,ASSIGNED,SYSTEM
4472,711,79,ASSIGNED,SYSTEM
4473,711,16,ASSIGNED,SYSTEM
4474,712,62,ASSIGNED,SYSTEM
4475,712,71,ASSIGNED,SYSTEM
4476,712,44,ASSIGNED,SYSTEM
4477,712,80,ASSIGNED,SYSTEM
4478,712,26,ASSIGNED,SYSTEM
4479,713,89,ASSIGNED,SYSTEM
4480,713,35,ASSIGNED,SYSTEM
4481,713,80,ASSIGNED,SYSTEM
4482,713,8,ASSIGNED,SYSTEM
4483,713,26,ASSIGNED,SYSTEM
4484,714,17,ASSIGNED,SYSTEM
4485,714,26,ASSIGNED,SYSTEM
4486,714,71,ASSIGNED,SYSTEM
4487,714,89,ASSIGNED,SYSTEM
4488,715,45,ASSIGNED,SYSTEM
4489,715,81,ASSIGNED,SYSTEM
4490,715,9,ASSIGNED,SYSTEM
4491,715,72,ASSIGNED,SYSTEM
4492,716,90,ASSIGNED,SYSTEM
4493,716,36,ASSIGNED,SYSTEM
4494,716,81,ASSIGNED,SYSTEM
4495,716,54,ASSIGNED,SYSTEM
4496,717,45,ASSIGNED,SYSTEM
4497,717,63,ASSIGNED,SYSTEM
4498,717,27,ASSIGNED,SYSTEM
4499,717,81,ASSIGNED,SYSTEM
4500,718,99,ASSIGNED,SYSTEM
4501,718,91,ASSIGNED,SYSTEM
4502,718,95,ASSIGNED,SYSTEM
4503,718,92,ASSIGNED,SYSTEM
4504,718,98,ASSIGNED,SYSTEM
4505,719,91,ASSIGNED,SYSTEM
4506,719,92,ASSIGNED,SYSTEM
4507,719,100,ASSIGNED,SYSTEM
4508,719,93,ASSIGNED,SYSTEM
4509,719,94,ASSIGNED,SYSTEM
4510,720,96,ASSIGNED,SYSTEM
4511,720,97,ASSIGNED,SYSTEM
4512,720,99,ASSIGNED,SYSTEM
4513,720,100,ASSIGNED,SYSTEM
4514,720,98,ASSIGNED,SYSTEM
4515,721,37,ASSIGNED,SYSTEM
4516,721,73,ASSIGNED,SYSTEM
4517,721,82,ASSIGNED,SYSTEM
4518,721,46,ASSIGNED,SYSTEM
4519,721,1,ASSIGNED,SYSTEM
4520,721,64,ASSIGNED,SYSTEM
4521,721,28,ASSIGNED,SYSTEM
4522,721,19,ASSIGNED,SYSTEM
4523,722,46,ASSIGNED,SYSTEM
4524,722,82,ASSIGNED,SYSTEM
4525,722,55,ASSIGNED,SYSTEM
4526,722,1,ASSIGNED,SYSTEM
4527,722,10,ASSIGNED,SYSTEM
4528,722,28,ASSIGNED,SYSTEM
4529,722,37,ASSIGNED,SYSTEM
4530,722,73,ASSIGNED,SYSTEM
4531,723,64,ASSIGNED,SYSTEM
4532,723,10,ASSIGNED,SYSTEM
4533,723,82,ASSIGNED,SYSTEM
4534,723,46,ASSIGNED,SYSTEM
4535,723,19,ASSIGNED,SYSTEM
4536,723,37,ASSIGNED,SYSTEM
4537,723,1,ASSIGNED,SYSTEM
4538,723,55,ASSIGNED,SYSTEM
4539,724,47,ASSIGNED,SYSTEM
4540,724,38,ASSIGNED,SYSTEM
4541,724,11,ASSIGNED,SYSTEM
4542,724,2,ASSIGNED,SYSTEM
4543,724,20,ASSIGNED,SYSTEM
4544,724,74,ASSIGNED,SYSTEM
4545,724,29,ASSIGNED,SYSTEM
4546,724,65,ASSIGNED,SYSTEM
4547,724,83,ASSIGNED,SYSTEM
4548,724,56,ASSIGNED,SYSTEM
4549,725,38,ASSIGNED,SYSTEM
4550,725,65,ASSIGNED,SYSTEM
4551,725,56,ASSIGNED,SYSTEM
4552,725,11,ASSIGNED,SYSTEM
4553,725,74,ASSIGNED,SYSTEM
4554,725,83,ASSIGNED,SYSTEM
4555,725,20,ASSIGNED,SYSTEM
4556,725,2,ASSIGNED,SYSTEM
4557,725,47,ASSIGNED,SYSTEM
4558,725,29,ASSIGNED,SYSTEM
4559,726,83,ASSIGNED,SYSTEM
4560,726,2,ASSIGNED,SYSTEM
4561,726,47,ASSIGNED,SYSTEM
4562,726,65,ASSIGNED,SYSTEM
4563,726,20,ASSIGNED,SYSTEM
4564,726,56,ASSIGNED,SYSTEM
4565,726,38,ASSIGNED,SYSTEM
4566,726,11,ASSIGNED,SYSTEM
4567,726,29,ASSIGNED,SYSTEM
4568,726,74,ASSIGNED,SYSTEM
4569,727,66,ASSIGNED,SYSTEM
4570,727,84,ASSIGNED,SYSTEM
4571,727,30,ASSIGNED,SYSTEM
4572,727,39,ASSIGNED,SYSTEM
4573,728,84,ASSIGNED,SYSTEM
4574,728,66,ASSIGNED,SYSTEM
4575,728,57,ASSIGNED,SYSTEM
4576,728,48,ASSIGNED,SYSTEM
4577,728,12,ASSIGNED,SYSTEM
4578,728,39,ASSIGNED,SYSTEM
4579,729,75,ASSIGNED,SYSTEM
4580,729,3,ASSIGNED,SYSTEM
4581,729,48,ASSIGNED,SYSTEM
4582,729,12,ASSIGNED,SYSTEM
4583,729,84,ASSIGNED,SYSTEM
4584,729,57,ASSIGNED,SYSTEM
4585,730,22,ASSIGNED,SYSTEM
4586,730,49,ASSIGNED,SYSTEM
4587,730,13,ASSIGNED,SYSTEM
4588,730,31,ASSIGNED,SYSTEM
4589,730,67,ASSIGNED,SYSTEM
4590,730,40,ASSIGNED,SYSTEM
4591,731,85,ASSIGNED,SYSTEM
4592,731,31,ASSIGNED,SYSTEM
4593,731,67,ASSIGNED,SYSTEM
4594,731,58,ASSIGNED,SYSTEM
4595,731,49,ASSIGNED,SYSTEM
4596,731,13,ASSIGNED,SYSTEM
4597,732,13,ASSIGNED,SYSTEM
4598,732,40,ASSIGNED,SYSTEM
4599,732,31,ASSIGNED,SYSTEM
4600,732,4,ASSIGNED,SYSTEM
4601,732,67,ASSIGNED,SYSTEM
4602,732,49,ASSIGNED,SYSTEM
4603,733,23,ASSIGNED,SYSTEM
4604,733,32,ASSIGNED,SYSTEM
4605,733,86,ASSIGNED,SYSTEM
4606,733,14,ASSIGNED,SYSTEM
4607,733,41,ASSIGNED,SYSTEM
4608,733,50,ASSIGNED,SYSTEM
4609,733,68,ASSIGNED,SYSTEM
4610,734,68,ASSIGNED,SYSTEM
4611,734,59,ASSIGNED,SYSTEM
4612,734,14,ASSIGNED,SYSTEM
4613,734,23,ASSIGNED,SYSTEM
4614,734,5,ASSIGNED,SYSTEM
4615,734,77,ASSIGNED,SYSTEM
4616,734,86,ASSIGNED,SYSTEM
4617,734,50,ASSIGNED,SYSTEM
4618,735,5,ASSIGNED,SYSTEM
4619,735,23,ASSIGNED,SYSTEM
4620,735,77,ASSIGNED,SYSTEM
4621,735,59,ASSIGNED,SYSTEM
4622,735,86,ASSIGNED,SYSTEM
4623,735,68,ASSIGNED,SYSTEM
4624,735,50,ASSIGNED,SYSTEM
4625,735,41,ASSIGNED,SYSTEM
4626,736,87,ASSIGNED,SYSTEM
4627,736,6,ASSIGNED,SYSTEM
4628,736,69,ASSIGNED,SYSTEM
4629,736,51,ASSIGNED,SYSTEM
4630,736,78,ASSIGNED,SYSTEM
4631,736,24,ASSIGNED,SYSTEM
4632,736,42,ASSIGNED,SYSTEM
4633,736,60,ASSIGNED,SYSTEM
4634,737,42,ASSIGNED,SYSTEM
4635,737,87,ASSIGNED,SYSTEM
4636,737,15,ASSIGNED,SYSTEM
4637,737,78,ASSIGNED,SYSTEM
4638,737,24,ASSIGNED,SYSTEM
4639,737,33,ASSIGNED,SYSTEM
4640,737,51,ASSIGNED,SYSTEM
4641,737,69,ASSIGNED,SYSTEM
4642,738,42,ASSIGNED,SYSTEM
4643,738,78,ASSIGNED,SYSTEM
4644,738,51,ASSIGNED,SYSTEM
4645,738,24,ASSIGNED,SYSTEM
4646,738,33,ASSIGNED,SYSTEM
4647,738,15,ASSIGNED,SYSTEM
4648,738,69,ASSIGNED,SYSTEM
4649,738,60,ASSIGNED,SYSTEM
4650,739,16,ASSIGNED,SYSTEM
4651,739,34,ASSIGNED,SYSTEM
4652,739,70,ASSIGNED,SYSTEM
4653,739,88,ASSIGNED,SYSTEM
4654,740,52,ASSIGNED,SYSTEM
4655,740,61,ASSIGNED,SYSTEM
4656,740,25,ASSIGNED,SYSTEM
4657,740,43,ASSIGNED,SYSTEM
4658,740,79,ASSIGNED,SYSTEM
4659,741,79,ASSIGNED,SYSTEM
4660,741,61,ASSIGNED,SYSTEM
4661,741,88,ASSIGNED,SYSTEM
4662,741,16,ASSIGNED,SYSTEM
4663,741,52,ASSIGNED,SYSTEM
4664,742,71,ASSIGNED,SYSTEM
4665,742,44,ASSIGNED,SYSTEM
4666,742,80,ASSIGNED,SYSTEM
4667,742,35,ASSIGNED,SYSTEM
4668,742,17,ASSIGNED,SYSTEM
4669,743,26,ASSIGNED,SYSTEM
4670,743,17,ASSIGNED,SYSTEM
4671,743,44,ASSIGNED,SYSTEM
4672,743,8,ASSIGNED,SYSTEM
4673,743,62,ASSIGNED,SYSTEM
4674,744,44,ASSIGNED,SYSTEM
4675,744,71,ASSIGNED,SYSTEM
4676,744,35,ASSIGNED,SYSTEM
4677,744,53,ASSIGNED,SYSTEM
4678,744,89,ASSIGNED,SYSTEM
4679,745,27,ASSIGNED,SYSTEM
4680,745,45,ASSIGNED,SYSTEM
4681,745,90,ASSIGNED,SYSTEM
4682,746,90,ASSIGNED,SYSTEM
4683,746,18,ASSIGNED,SYSTEM
4684,746,54,ASSIGNED,SYSTEM
4685,746,72,ASSIGNED,SYSTEM
4686,747,9,ASSIGNED,SYSTEM
4687,747,36,ASSIGNED,SYSTEM
4688,747,81,ASSIGNED,SYSTEM
4689,747,63,ASSIGNED,SYSTEM
4690,748,100,ASSIGNED,SYSTEM
4691,748,97,ASSIGNED,SYSTEM
4692,748,91,ASSIGNED,SYSTEM
4693,748,96,ASSIGNED,SYSTEM
4694,748,93,ASSIGNED,SYSTEM
4695,749,93,ASSIGNED,SYSTEM
4696,749,99,ASSIGNED,SYSTEM
4697,749,95,ASSIGNED,SYSTEM
4698,749,100,ASSIGNED,SYSTEM
4699,749,94,ASSIGNED,SYSTEM
4700,750,97,ASSIGNED,SYSTEM
4701,750,98,ASSIGNED,SYSTEM
4702,750,96,ASSIGNED,SYSTEM
4703,750,91,ASSIGNED,SYSTEM
4704,750,93,ASSIGNED,SYSTEM
4705,751,55,ASSIGNED,SYSTEM
4706,751,1,ASSIGNED,SYSTEM
4707,751,28,ASSIGNED,SYSTEM
4708,751,64,ASSIGNED,SYSTEM
4709,751,37,ASSIGNED,SYSTEM
4710,751,46,ASSIGNED,SYSTEM
4711,751,73,ASSIGNED,SYSTEM
4712,751,10,ASSIGNED,SYSTEM
4713,752,1,ASSIGNED,SYSTEM
4714,752,46,ASSIGNED,SYSTEM
4715,752,10,ASSIGNED,SYSTEM
4716,752,19,ASSIGNED,SYSTEM
4717,752,64,ASSIGNED,SYSTEM
4718,752,82,ASSIGNED,SYSTEM
4719,752,55,ASSIGNED,SYSTEM
4720,752,73,ASSIGNED,SYSTEM
4721,753,46,ASSIGNED,SYSTEM
4722,753,64,ASSIGNED,SYSTEM
4723,753,19,ASSIGNED,SYSTEM
4724,753,55,ASSIGNED,SYSTEM
4725,753,10,ASSIGNED,SYSTEM
4726,753,82,ASSIGNED,SYSTEM
4727,753,1,ASSIGNED,SYSTEM
4728,753,28,ASSIGNED,SYSTEM
4729,754,47,ASSIGNED,SYSTEM
4730,754,74,ASSIGNED,SYSTEM
4731,754,56,ASSIGNED,SYSTEM
4732,754,29,ASSIGNED,SYSTEM
4733,754,11,ASSIGNED,SYSTEM
4734,754,2,ASSIGNED,SYSTEM
4735,754,65,ASSIGNED,SYSTEM
4736,754,83,ASSIGNED,SYSTEM
4737,754,20,ASSIGNED,SYSTEM
4738,754,38,ASSIGNED,SYSTEM
4739,755,74,ASSIGNED,SYSTEM
4740,755,20,ASSIGNED,SYSTEM
4741,755,47,ASSIGNED,SYSTEM
4742,755,38,ASSIGNED,SYSTEM
4743,755,56,ASSIGNED,SYSTEM
4744,755,2,ASSIGNED,SYSTEM
4745,755,11,ASSIGNED,SYSTEM
4746,755,29,ASSIGNED,SYSTEM
4747,755,65,ASSIGNED,SYSTEM
4748,755,83,ASSIGNED,SYSTEM
4749,756,11,ASSIGNED,SYSTEM
4750,756,38,ASSIGNED,SYSTEM
4751,756,29,ASSIGNED,SYSTEM
4752,756,47,ASSIGNED,SYSTEM
4753,756,74,ASSIGNED,SYSTEM
4754,756,2,ASSIGNED,SYSTEM
4755,756,56,ASSIGNED,SYSTEM
4756,756,65,ASSIGNED,SYSTEM
4757,756,83,ASSIGNED,SYSTEM
4758,756,20,ASSIGNED,SYSTEM
4759,757,12,ASSIGNED,SYSTEM
4760,757,3,ASSIGNED,SYSTEM
4761,757,84,ASSIGNED,SYSTEM
4762,757,39,ASSIGNED,SYSTEM
4763,757,21,ASSIGNED,SYSTEM
4764,757,30,ASSIGNED,SYSTEM
4765,758,3,ASSIGNED,SYSTEM
4766,758,39,ASSIGNED,SYSTEM
4767,758,12,ASSIGNED,SYSTEM
4768,758,21,ASSIGNED,SYSTEM
4769,758,48,ASSIGNED,SYSTEM
4770,758,66,ASSIGNED,SYSTEM
4771,759,3,ASSIGNED,SYSTEM
4772,759,39,ASSIGNED,SYSTEM
4773,759,66,ASSIGNED,SYSTEM
4774,759,57,ASSIGNED,SYSTEM
4775,759,21,ASSIGNED,SYSTEM
4776,759,48,ASSIGNED,SYSTEM
4777,760,58,ASSIGNED,SYSTEM
4778,760,49,ASSIGNED,SYSTEM
4779,760,4,ASSIGNED,SYSTEM
4780,760,85,ASSIGNED,SYSTEM
4781,760,22,ASSIGNED,SYSTEM
4782,760,31,ASSIGNED,SYSTEM
4783,761,4,ASSIGNED,SYSTEM
4784,761,22,ASSIGNED,SYSTEM
4785,761,31,ASSIGNED,SYSTEM
4786,761,85,ASSIGNED,SYSTEM
4787,761,76,ASSIGNED,SYSTEM
4788,761,40,ASSIGNED,SYSTEM
4789,762,49,ASSIGNED,SYSTEM
4790,762,58,ASSIGNED,SYSTEM
4791,762,76,ASSIGNED,SYSTEM
4792,762,13,ASSIGNED,SYSTEM
4793,762,40,ASSIGNED,SYSTEM
4794,762,85,ASSIGNED,SYSTEM
4795,763,32,ASSIGNED,SYSTEM
4796,763,77,ASSIGNED,SYSTEM
4797,763,68,ASSIGNED,SYSTEM
4798,763,59,ASSIGNED,SYSTEM
4799,763,5,ASSIGNED,SYSTEM
4800,763,41,ASSIGNED,SYSTEM
4801,763,23,ASSIGNED,SYSTEM
4802,763,86,ASSIGNED,SYSTEM
4803,764,14,ASSIGNED,SYSTEM
4804,764,86,ASSIGNED,SYSTEM
4805,764,32,ASSIGNED,SYSTEM
4806,764,41,ASSIGNED,SYSTEM
4807,764,23,ASSIGNED,SYSTEM
4808,764,77,ASSIGNED,SYSTEM
4809,764,50,ASSIGNED,SYSTEM
4810,764,5,ASSIGNED,SYSTEM
4811,765,23,ASSIGNED,SYSTEM
4812,765,14,ASSIGNED,SYSTEM
4813,765,77,ASSIGNED,SYSTEM
4814,765,59,ASSIGNED,SYSTEM
4815,765,32,ASSIGNED,SYSTEM
4816,765,50,ASSIGNED,SYSTEM
4817,765,41,ASSIGNED,SYSTEM
4818,765,68,ASSIGNED,SYSTEM
4819,766,33,ASSIGNED,SYSTEM
4820,766,51,ASSIGNED,SYSTEM
4821,766,60,ASSIGNED,SYSTEM
4822,766,87,ASSIGNED,SYSTEM
4823,766,42,ASSIGNED,SYSTEM
4824,766,69,ASSIGNED,SYSTEM
4825,766,24,ASSIGNED,SYSTEM
4826,766,6,ASSIGNED,SYSTEM
4827,767,78,ASSIGNED,SYSTEM
4828,767,42,ASSIGNED,SYSTEM
4829,767,87,ASSIGNED,SYSTEM
4830,767,33,ASSIGNED,SYSTEM
4831,767,51,ASSIGNED,SYSTEM
4832,767,6,ASSIGNED,SYSTEM
4833,767,69,ASSIGNED,SYSTEM
4834,767,60,ASSIGNED,SYSTEM
4835,768,33,ASSIGNED,SYSTEM
4836,768,24,ASSIGNED,SYSTEM
4837,768,87,ASSIGNED,SYSTEM
4838,768,6,ASSIGNED,SYSTEM
4839,768,69,ASSIGNED,SYSTEM
4840,768,78,ASSIGNED,SYSTEM
4841,768,60,ASSIGNED,SYSTEM
4842,768,42,ASSIGNED,SYSTEM
4843,769,16,ASSIGNED,SYSTEM
4844,769,88,ASSIGNED,SYSTEM
4845,769,43,ASSIGNED,SYSTEM
4846,769,70,ASSIGNED,SYSTEM
4847,769,61,ASSIGNED,SYSTEM
4848,770,88,ASSIGNED,SYSTEM
4849,770,70,ASSIGNED,SYSTEM
4850,770,52,ASSIGNED,SYSTEM
4851,770,61,ASSIGNED,SYSTEM
4852,770,34,ASSIGNED,SYSTEM
4853,771,43,ASSIGNED,SYSTEM
4854,771,34,ASSIGNED,SYSTEM
4855,771,16,ASSIGNED,SYSTEM
4856,771,70,ASSIGNED,SYSTEM
4857,771,7,ASSIGNED,SYSTEM
4858,772,89,ASSIGNED,SYSTEM
4859,772,26,ASSIGNED,SYSTEM
4860,772,62,ASSIGNED,SYSTEM
4861,773,62,ASSIGNED,SYSTEM
4862,773,53,ASSIGNED,SYSTEM
4863,773,35,ASSIGNED,SYSTEM
4864,773,8,ASSIGNED,SYSTEM
4865,773,44,ASSIGNED,SYSTEM
4866,774,44,ASSIGNED,SYSTEM
4867,774,62,ASSIGNED,SYSTEM
4868,774,89,ASSIGNED,SYSTEM
4869,774,26,ASSIGNED,SYSTEM
4870,775,81,ASSIGNED,SYSTEM
4871,775,72,ASSIGNED,SYSTEM
4872,775,63,ASSIGNED,SYSTEM
4873,776,45,ASSIGNED,SYSTEM
4874,776,36,ASSIGNED,SYSTEM
4875,776,9,ASSIGNED,SYSTEM
4876,777,63,ASSIGNED,SYSTEM
4877,777,54,ASSIGNED,SYSTEM
4878,778,99,ASSIGNED,SYSTEM
4879,778,94,ASSIGNED,SYSTEM
4880,778,100,ASSIGNED,SYSTEM
4881,779,92,ASSIGNED,SYSTEM
4882,779,98,ASSIGNED,SYSTEM
4883,779,91,ASSIGNED,SYSTEM
4884,779,97,ASSIGNED,SYSTEM
4885,779,99,ASSIGNED,SYSTEM
4886,780,97,ASSIGNED,SYSTEM
4887,780,100,ASSIGNED,SYSTEM
4888,780,99,ASSIGNED,SYSTEM
4889,780,92,ASSIGNED,SYSTEM
4890,780,96,ASSIGNED,SYSTEM
4891,781,19,ASSIGNED,SYSTEM
4892,781,82,ASSIGNED,SYSTEM
4893,781,10,ASSIGNED,SYSTEM
4894,781,1,ASSIGNED,SYSTEM
4895,781,55,ASSIGNED,SYSTEM
4896,781,28,ASSIGNED,SYSTEM
4897,781,37,ASSIGNED,SYSTEM
4898,782,10,ASSIGNED,SYSTEM
4899,782,73,ASSIGNED,SYSTEM
4900,782,82,ASSIGNED,SYSTEM
4901,782,37,ASSIGNED,SYSTEM
4902,782,64,ASSIGNED,SYSTEM
4903,782,55,ASSIGNED,SYSTEM
4904,782,28,ASSIGNED,SYSTEM
4905,782,19,ASSIGNED,SYSTEM
4906,783,82,ASSIGNED,SYSTEM
4907,783,73,ASSIGNED,SYSTEM
4908,783,1,ASSIGNED,SYSTEM
4909,783,55,ASSIGNED,SYSTEM
4910,783,64,ASSIGNED,SYSTEM
4911,783,28,ASSIGNED,SYSTEM
4912,783,10,ASSIGNED,SYSTEM
4913,783,37,ASSIGNED,SYSTEM
4914,784,2,ASSIGNED,SYSTEM
4915,784,20,ASSIGNED,SYSTEM
4916,784,38,ASSIGNED,SYSTEM
4917,784,11,ASSIGNED,SYSTEM
4918,784,74,ASSIGNED,SYSTEM
4919,784,29,ASSIGNED,SYSTEM
4920,784,47,ASSIGNED,SYSTEM
4921,784,56,ASSIGNED,SYSTEM
4922,784,65,ASSIGNED,SYSTEM
4923,784,83,ASSIGNED,SYSTEM
4924,785,11,ASSIGNED,SYSTEM
4925,785,38,ASSIGNED,SYSTEM
4926,785,56,ASSIGNED,SYSTEM
4927,785,2,ASSIGNED,SYSTEM
4928,785,20,ASSIGNED,SYSTEM
4929,785,29,ASSIGNED,SYSTEM
4930,785,74,ASSIGNED,SYSTEM
4931,785,65,ASSIGNED,SYSTEM
4932,785,47,ASSIGNED,SYSTEM
4933,785,83,ASSIGNED,SYSTEM
4934,786,11,ASSIGNED,SYSTEM
4935,786,20,ASSIGNED,SYSTEM
4936,786,47,ASSIGNED,SYSTEM
4937,786,2,ASSIGNED,SYSTEM
4938,786,74,ASSIGNED,SYSTEM
4939,786,29,ASSIGNED,SYSTEM
4940,786,65,ASSIGNED,SYSTEM
4941,786,38,ASSIGNED,SYSTEM
4942,786,83,ASSIGNED,SYSTEM
4943,786,56,ASSIGNED,SYSTEM
4944,787,57,ASSIGNED,SYSTEM
4945,787,66,ASSIGNED,SYSTEM
4946,787,3,ASSIGNED,SYSTEM
4947,787,21,ASSIGNED,SYSTEM
4948,787,48,ASSIGNED,SYSTEM
4949,787,12,ASSIGNED,SYSTEM
4950,788,84,ASSIGNED,SYSTEM
4951,788,75,ASSIGNED,SYSTEM
4952,788,3,ASSIGNED,SYSTEM
4953,788,66,ASSIGNED,SYSTEM
4954,788,12,ASSIGNED,SYSTEM
4955,789,57,ASSIGNED,SYSTEM
4956,789,84,ASSIGNED,SYSTEM
4957,789,48,ASSIGNED,SYSTEM
4958,789,66,ASSIGNED,SYSTEM
4959,789,12,ASSIGNED,SYSTEM
4960,789,3,ASSIGNED,SYSTEM
4961,790,58,ASSIGNED,SYSTEM
4962,790,76,ASSIGNED,SYSTEM
4963,790,85,ASSIGNED,SYSTEM
4964,790,4,ASSIGNED,SYSTEM
4965,790,67,ASSIGNED,SYSTEM
4966,791,4,ASSIGNED,SYSTEM
4967,791,22,ASSIGNED,SYSTEM
4968,791,58,ASSIGNED,SYSTEM
4969,791,76,ASSIGNED,SYSTEM
4970,791,31,ASSIGNED,SYSTEM
4971,791,85,ASSIGNED,SYSTEM
4972,792,4,ASSIGNED,SYSTEM
4973,792,40,ASSIGNED,SYSTEM
4974,792,58,ASSIGNED,SYSTEM
4975,792,49,ASSIGNED,SYSTEM
4976,792,22,ASSIGNED,SYSTEM
4977,792,85,ASSIGNED,SYSTEM
4978,793,14,ASSIGNED,SYSTEM
4979,793,50,ASSIGNED,SYSTEM
4980,793,68,ASSIGNED,SYSTEM
4981,793,32,ASSIGNED,SYSTEM
4982,793,23,ASSIGNED,SYSTEM
4983,793,5,ASSIGNED,SYSTEM
4984,793,86,ASSIGNED,SYSTEM
4985,793,77,ASSIGNED,SYSTEM
4986,794,68,ASSIGNED,SYSTEM
4987,794,14,ASSIGNED,SYSTEM
4988,794,41,ASSIGNED,SYSTEM
4989,794,5,ASSIGNED,SYSTEM
4990,794,50,ASSIGNED,SYSTEM
4991,794,59,ASSIGNED,SYSTEM
4992,794,77,ASSIGNED,SYSTEM
4993,794,86,ASSIGNED,SYSTEM
4994,795,41,ASSIGNED,SYSTEM
4995,795,68,ASSIGNED,SYSTEM
4996,795,59,ASSIGNED,SYSTEM
4997,795,50,ASSIGNED,SYSTEM
4998,795,5,ASSIGNED,SYSTEM
4999,795,86,ASSIGNED,SYSTEM
5000,796,6,ASSIGNED,SYSTEM
5001,796,24,ASSIGNED,SYSTEM
5002,796,42,ASSIGNED,SYSTEM
5003,796,69,ASSIGNED,SYSTEM
5004,796,33,ASSIGNED,SYSTEM
5005,796,87,ASSIGNED,SYSTEM
5006,796,78,ASSIGNED,SYSTEM
5007,796,60,ASSIGNED,SYSTEM
5008,797,87,ASSIGNED,SYSTEM
5009,797,78,ASSIGNED,SYSTEM
5010,797,51,ASSIGNED,SYSTEM
5011,797,42,ASSIGNED,SYSTEM
5012,797,15,ASSIGNED,SYSTEM
5013,797,33,ASSIGNED,SYSTEM
5014,797,24,ASSIGNED,SYSTEM
5015,797,6,ASSIGNED,SYSTEM
5016,798,78,ASSIGNED,SYSTEM
5017,798,24,ASSIGNED,SYSTEM
5018,798,42,ASSIGNED,SYSTEM
5019,798,33,ASSIGNED,SYSTEM
5020,798,6,ASSIGNED,SYSTEM
5021,798,60,ASSIGNED,SYSTEM
5022,798,87,ASSIGNED,SYSTEM
5023,798,51,ASSIGNED,SYSTEM
5024,799,43,ASSIGNED,SYSTEM
5025,799,16,ASSIGNED,SYSTEM
5026,799,79,ASSIGNED,SYSTEM
5027,799,70,ASSIGNED,SYSTEM
5028,800,70,ASSIGNED,SYSTEM
5029,800,16,ASSIGNED,SYSTEM
5030,800,52,ASSIGNED,SYSTEM
5031,800,88,ASSIGNED,SYSTEM
5032,801,88,ASSIGNED,SYSTEM
5033,801,61,ASSIGNED,SYSTEM
5034,801,25,ASSIGNED,SYSTEM
5035,801,43,ASSIGNED,SYSTEM
5036,801,34,ASSIGNED,SYSTEM
5037,802,80,ASSIGNED,SYSTEM
5038,802,35,ASSIGNED,SYSTEM
5039,802,62,ASSIGNED,SYSTEM
5040,802,17,ASSIGNED,SYSTEM
5041,803,44,ASSIGNED,SYSTEM
5042,803,89,ASSIGNED,SYSTEM
5043,803,17,ASSIGNED,SYSTEM
5044,803,35,ASSIGNED,SYSTEM
5045,803,53,ASSIGNED,SYSTEM
5046,804,62,ASSIGNED,SYSTEM
5047,804,17,ASSIGNED,SYSTEM
5048,804,71,ASSIGNED,SYSTEM
5049,804,89,ASSIGNED,SYSTEM
5050,804,80,ASSIGNED,SYSTEM
5051,805,81,ASSIGNED,SYSTEM
5052,805,72,ASSIGNED,SYSTEM
5053,805,18,ASSIGNED,SYSTEM
5054,805,90,ASSIGNED,SYSTEM
5055,806,81,ASSIGNED,SYSTEM
5056,806,27,ASSIGNED,SYSTEM
5057,806,63,ASSIGNED,SYSTEM
5058,806,36,ASSIGNED,SYSTEM
5059,807,9,ASSIGNED,SYSTEM
5060,807,27,ASSIGNED,SYSTEM
5061,807,45,ASSIGNED,SYSTEM
5062,807,36,ASSIGNED,SYSTEM
5063,808,92,ASSIGNED,SYSTEM
5064,808,93,ASSIGNED,SYSTEM
5065,808,91,ASSIGNED,SYSTEM
5066,808,99,ASSIGNED,SYSTEM
5067,808,95,ASSIGNED,SYSTEM
5068,809,97,ASSIGNED,SYSTEM
5069,809,99,ASSIGNED,SYSTEM
5070,809,93,ASSIGNED,SYSTEM
5071,809,94,ASSIGNED,SYSTEM
5072,809,98,ASSIGNED,SYSTEM
5073,810,99,ASSIGNED,SYSTEM
5074,810,100,ASSIGNED,SYSTEM
5075,810,98,ASSIGNED,SYSTEM
5076,810,93,ASSIGNED,SYSTEM
5077,810,92,ASSIGNED,SYSTEM
5078,811,64,ASSIGNED,SYSTEM
5079,811,1,ASSIGNED,SYSTEM
5080,811,82,ASSIGNED,SYSTEM
5081,811,73,ASSIGNED,SYSTEM
5082,811,46,ASSIGNED,SYSTEM
5083,811,19,ASSIGNED,SYSTEM
5084,811,37,ASSIGNED,SYSTEM
5085,811,28,ASSIGNED,SYSTEM
5086,812,37,ASSIGNED,SYSTEM
5087,812,1,ASSIGNED,SYSTEM
5088,812,82,ASSIGNED,SYSTEM
5089,812,10,ASSIGNED,SYSTEM
5090,812,19,ASSIGNED,SYSTEM
5091,812,73,ASSIGNED,SYSTEM
5092,812,55,ASSIGNED,SYSTEM
5093,812,28,ASSIGNED,SYSTEM
5094,813,37,ASSIGNED,SYSTEM
5095,813,28,ASSIGNED,SYSTEM
5096,813,10,ASSIGNED,SYSTEM
5097,813,1,ASSIGNED,SYSTEM
5098,813,73,ASSIGNED,SYSTEM
5099,813,64,ASSIGNED,SYSTEM
5100,813,46,ASSIGNED,SYSTEM
5101,814,11,ASSIGNED,SYSTEM
5102,814,38,ASSIGNED,SYSTEM
5103,814,83,ASSIGNED,SYSTEM
5104,814,47,ASSIGNED,SYSTEM
5105,814,29,ASSIGNED,SYSTEM
5106,814,74,ASSIGNED,SYSTEM
5107,814,65,ASSIGNED,SYSTEM
5108,814,20,ASSIGNED,SYSTEM
5109,814,56,ASSIGNED,SYSTEM
5110,814,2,ASSIGNED,SYSTEM
5111,815,65,ASSIGNED,SYSTEM
5112,815,56,ASSIGNED,SYSTEM
5113,815,83,ASSIGNED,SYSTEM
5114,815,20,ASSIGNED,SYSTEM
5115,815,38,ASSIGNED,SYSTEM
5116,815,74,ASSIGNED,SYSTEM
5117,815,11,ASSIGNED,SYSTEM
5118,815,47,ASSIGNED,SYSTEM
5119,815,2,ASSIGNED,SYSTEM
5120,815,29,ASSIGNED,SYSTEM
5121,816,74,ASSIGNED,SYSTEM
5122,816,20,ASSIGNED,SYSTEM
5123,816,11,ASSIGNED,SYSTEM
5124,816,2,ASSIGNED,SYSTEM
5125,816,65,ASSIGNED,SYSTEM
5126,816,29,ASSIGNED,SYSTEM
5127,816,38,ASSIGNED,SYSTEM
5128,816,47,ASSIGNED,SYSTEM
5129,817,39,ASSIGNED,SYSTEM
5130,817,3,ASSIGNED,SYSTEM
5131,817,21,ASSIGNED,SYSTEM
5132,817,57,ASSIGNED,SYSTEM
5133,817,75,ASSIGNED,SYSTEM
5134,817,30,ASSIGNED,SYSTEM
5135,818,30,ASSIGNED,SYSTEM
5136,818,12,ASSIGNED,SYSTEM
5137,818,21,ASSIGNED,SYSTEM
5138,818,66,ASSIGNED,SYSTEM
5139,818,75,ASSIGNED,SYSTEM
5140,818,48,ASSIGNED,SYSTEM
5141,819,3,ASSIGNED,SYSTEM
5142,819,30,ASSIGNED,SYSTEM
5143,819,57,ASSIGNED,SYSTEM
5144,819,21,ASSIGNED,SYSTEM
5145,819,39,ASSIGNED,SYSTEM
5146,819,84,ASSIGNED,SYSTEM
5147,820,58,ASSIGNED,SYSTEM
5148,820,31,ASSIGNED,SYSTEM
5149,820,22,ASSIGNED,SYSTEM
5150,820,85,ASSIGNED,SYSTEM
5151,820,40,ASSIGNED,SYSTEM
5152,820,13,ASSIGNED,SYSTEM
5153,821,40,ASSIGNED,SYSTEM
5154,821,13,ASSIGNED,SYSTEM
5155,821,49,ASSIGNED,SYSTEM
5156,821,31,ASSIGNED,SYSTEM
5157,821,22,ASSIGNED,SYSTEM
5158,821,4,ASSIGNED,SYSTEM
5159,822,13,ASSIGNED,SYSTEM
5160,822,85,ASSIGNED,SYSTEM
5161,822,67,ASSIGNED,SYSTEM
5162,822,31,ASSIGNED,SYSTEM
5163,822,49,ASSIGNED,SYSTEM
5164,822,4,ASSIGNED,SYSTEM
5165,823,68,ASSIGNED,SYSTEM
5166,823,5,ASSIGNED,SYSTEM
5167,823,50,ASSIGNED,SYSTEM
5168,823,77,ASSIGNED,SYSTEM
5169,823,32,ASSIGNED,SYSTEM
5170,823,86,ASSIGNED,SYSTEM
5171,823,59,ASSIGNED,SYSTEM
5172,823,23,ASSIGNED,SYSTEM
5173,824,77,ASSIGNED,SYSTEM
5174,824,14,ASSIGNED,SYSTEM
5175,824,32,ASSIGNED,SYSTEM
5176,824,68,ASSIGNED,SYSTEM
5177,824,5,ASSIGNED,SYSTEM
5178,824,23,ASSIGNED,SYSTEM
5179,824,86,ASSIGNED,SYSTEM
5180,824,50,ASSIGNED,SYSTEM
5181,825,14,ASSIGNED,SYSTEM
5182,825,41,ASSIGNED,SYSTEM
5183,825,5,ASSIGNED,SYSTEM
5184,825,50,ASSIGNED,SYSTEM
5185,825,23,ASSIGNED,SYSTEM
5186,825,86,ASSIGNED,SYSTEM
5187,825,77,ASSIGNED,SYSTEM
5188,825,68,ASSIGNED,SYSTEM
5189,826,87,ASSIGNED,SYSTEM
5190,826,69,ASSIGNED,SYSTEM
5191,826,51,ASSIGNED,SYSTEM
5192,826,15,ASSIGNED,SYSTEM
5193,826,33,ASSIGNED,SYSTEM
5194,826,24,ASSIGNED,SYSTEM
5195,826,78,ASSIGNED,SYSTEM
5196,826,6,ASSIGNED,SYSTEM
5197,827,69,ASSIGNED,SYSTEM
5198,827,24,ASSIGNED,SYSTEM
5199,827,42,ASSIGNED,SYSTEM
5200,827,51,ASSIGNED,SYSTEM
5201,827,6,ASSIGNED,SYSTEM
5202,827,15,ASSIGNED,SYSTEM
5203,827,33,ASSIGNED,SYSTEM
5204,827,78,ASSIGNED,SYSTEM
5205,828,69,ASSIGNED,SYSTEM
5206,828,33,ASSIGNED,SYSTEM
5207,828,78,ASSIGNED,SYSTEM
5208,828,51,ASSIGNED,SYSTEM
5209,828,15,ASSIGNED,SYSTEM
5210,828,42,ASSIGNED,SYSTEM
5211,828,24,ASSIGNED,SYSTEM
5212,829,25,ASSIGNED,SYSTEM
5213,829,61,ASSIGNED,SYSTEM
5214,829,70,ASSIGNED,SYSTEM
5215,829,88,ASSIGNED,SYSTEM
5216,829,34,ASSIGNED,SYSTEM
5217,830,61,ASSIGNED,SYSTEM
5218,830,43,ASSIGNED,SYSTEM
5219,830,7,ASSIGNED,SYSTEM
5220,830,70,ASSIGNED,SYSTEM
5221,830,16,ASSIGNED,SYSTEM
5222,831,79,ASSIGNED,SYSTEM
5223,831,61,ASSIGNED,SYSTEM
5224,831,25,ASSIGNED,SYSTEM
5225,831,88,ASSIGNED,SYSTEM
5226,831,52,ASSIGNED,SYSTEM
5227,832,17,ASSIGNED,SYSTEM
5228,832,89,ASSIGNED,SYSTEM
5229,832,62,ASSIGNED,SYSTEM
5230,832,80,ASSIGNED,SYSTEM
5231,832,8,ASSIGNED,SYSTEM
5232,833,26,ASSIGNED,SYSTEM
5233,833,62,ASSIGNED,SYSTEM
5234,833,80,ASSIGNED,SYSTEM
5235,833,44,ASSIGNED,SYSTEM
5236,834,35,ASSIGNED,SYSTEM
5237,834,26,ASSIGNED,SYSTEM
5238,834,71,ASSIGNED,SYSTEM
5239,834,8,ASSIGNED,SYSTEM
5240,834,89,ASSIGNED,SYSTEM
5241,835,81,ASSIGNED,SYSTEM
5242,835,36,ASSIGNED,SYSTEM
5243,835,18,ASSIGNED,SYSTEM
5244,835,27,ASSIGNED,SYSTEM
5245,836,90,ASSIGNED,SYSTEM
5246,836,36,ASSIGNED,SYSTEM
5247,836,54,ASSIGNED,SYSTEM
5248,836,9,ASSIGNED,SYSTEM
5249,837,27,ASSIGNED,SYSTEM
5250,837,9,ASSIGNED,SYSTEM
5251,837,45,ASSIGNED,SYSTEM
5252,838,91,ASSIGNED,SYSTEM
5253,838,97,ASSIGNED,SYSTEM
5254,838,95,ASSIGNED,SYSTEM
5255,838,93,ASSIGNED,SYSTEM
5256,838,99,ASSIGNED,SYSTEM
5257,839,92,ASSIGNED,SYSTEM
5258,839,91,ASSIGNED,SYSTEM
5259,839,94,ASSIGNED,SYSTEM
5260,839,97,ASSIGNED,SYSTEM
5261,839,95,ASSIGNED,SYSTEM
5262,840,97,ASSIGNED,SYSTEM
5263,840,96,ASSIGNED,SYSTEM
5264,840,94,ASSIGNED,SYSTEM
5265,840,98,ASSIGNED,SYSTEM
5266,840,99,ASSIGNED,SYSTEM
5267,841,10,ASSIGNED,SYSTEM
5268,841,64,ASSIGNED,SYSTEM
5269,841,1,ASSIGNED,SYSTEM
5270,841,73,ASSIGNED,SYSTEM
5271,841,55,ASSIGNED,SYSTEM
5272,841,46,ASSIGNED,SYSTEM
5273,841,28,ASSIGNED,SYSTEM
5274,841,82,ASSIGNED,SYSTEM
5275,842,64,ASSIGNED,SYSTEM
5276,842,73,ASSIGNED,SYSTEM
5277,842,28,ASSIGNED,SYSTEM
5278,842,1,ASSIGNED,SYSTEM
5279,842,10,ASSIGNED,SYSTEM
5280,842,46,ASSIGNED,SYSTEM
5281,842,82,ASSIGNED,SYSTEM
5282,842,55,ASSIGNED,SYSTEM
5283,843,55,ASSIGNED,SYSTEM
5284,843,73,ASSIGNED,SYSTEM
5285,843,10,ASSIGNED,SYSTEM
5286,843,28,ASSIGNED,SYSTEM
5287,843,64,ASSIGNED,SYSTEM
5288,843,46,ASSIGNED,SYSTEM
5289,843,82,ASSIGNED,SYSTEM
5290,843,37,ASSIGNED,SYSTEM
5291,844,11,ASSIGNED,SYSTEM
5292,844,2,ASSIGNED,SYSTEM
5293,844,65,ASSIGNED,SYSTEM
5294,844,56,ASSIGNED,SYSTEM
5295,844,29,ASSIGNED,SYSTEM
5296,844,74,ASSIGNED,SYSTEM
5297,844,38,ASSIGNED,SYSTEM
5298,844,83,ASSIGNED,SYSTEM
5299,844,20,ASSIGNED,SYSTEM
5300,845,83,ASSIGNED,SYSTEM
5301,845,47,ASSIGNED,SYSTEM
5302,845,11,ASSIGNED,SYSTEM
5303,845,38,ASSIGNED,SYSTEM
5304,845,2,ASSIGNED,SYSTEM
5305,845,56,ASSIGNED,SYSTEM
5306,845,29,ASSIGNED,SYSTEM
5307,845,20,ASSIGNED,SYSTEM
5308,845,65,ASSIGNED,SYSTEM
5309,845,74,ASSIGNED,SYSTEM
5310,846,56,ASSIGNED,SYSTEM
5311,846,65,ASSIGNED,SYSTEM
5312,846,47,ASSIGNED,SYSTEM
5313,846,2,ASSIGNED,SYSTEM
5314,846,83,ASSIGNED,SYSTEM
5315,846,20,ASSIGNED,SYSTEM
5316,846,11,ASSIGNED,SYSTEM
5317,846,74,ASSIGNED,SYSTEM
5318,846,29,ASSIGNED,SYSTEM
5319,846,38,ASSIGNED,SYSTEM
5320,847,30,ASSIGNED,SYSTEM
5321,847,57,ASSIGNED,SYSTEM
5322,847,21,ASSIGNED,SYSTEM
5323,847,12,ASSIGNED,SYSTEM
5324,847,3,ASSIGNED,SYSTEM
5325,847,84,ASSIGNED,SYSTEM
5326,848,39,ASSIGNED,SYSTEM
5327,848,30,ASSIGNED,SYSTEM
5328,848,12,ASSIGNED,SYSTEM
5329,848,66,ASSIGNED,SYSTEM
5330,848,21,ASSIGNED,SYSTEM
5331,848,75,ASSIGNED,SYSTEM
5332,849,48,ASSIGNED,SYSTEM
5333,849,75,ASSIGNED,SYSTEM
5334,849,84,ASSIGNED,SYSTEM
5335,849,39,ASSIGNED,SYSTEM
5336,849,57,ASSIGNED,SYSTEM
5337,849,21,ASSIGNED,SYSTEM
5338,850,31,ASSIGNED,SYSTEM
5339,850,58,ASSIGNED,SYSTEM
5340,850,49,ASSIGNED,SYSTEM
5341,850,13,ASSIGNED,SYSTEM
5342,850,76,ASSIGNED,SYSTEM
5343,850,85,ASSIGNED,SYSTEM
5344,851,58,ASSIGNED,SYSTEM
5345,851,31,ASSIGNED,SYSTEM
5346,851,85,ASSIGNED,SYSTEM
5347,851,67,ASSIGNED,SYSTEM
5348,851,49,ASSIGNED,SYSTEM
5349,851,13,ASSIGNED,SYSTEM
5350,852,58,ASSIGNED,SYSTEM
5351,852,40,ASSIGNED,SYSTEM
5352,852,31,ASSIGNED,SYSTEM
5353,852,76,ASSIGNED,SYSTEM
5354,852,85,ASSIGNED,SYSTEM
5355,853,50,ASSIGNED,SYSTEM
5356,853,32,ASSIGNED,SYSTEM
5357,853,23,ASSIGNED,SYSTEM
5358,853,59,ASSIGNED,SYSTEM
5359,853,41,ASSIGNED,SYSTEM
5360,853,5,ASSIGNED,SYSTEM
5361,853,77,ASSIGNED,SYSTEM
5362,853,86,ASSIGNED,SYSTEM
5363,854,50,ASSIGNED,SYSTEM
5364,854,86,ASSIGNED,SYSTEM
5365,854,23,ASSIGNED,SYSTEM
5366,854,14,ASSIGNED,SYSTEM
5367,854,32,ASSIGNED,SYSTEM
5368,854,77,ASSIGNED,SYSTEM
5369,854,68,ASSIGNED,SYSTEM
5370,854,59,ASSIGNED,SYSTEM
5371,855,86,ASSIGNED,SYSTEM
5372,855,50,ASSIGNED,SYSTEM
5373,855,68,ASSIGNED,SYSTEM
5374,855,14,ASSIGNED,SYSTEM
5375,855,32,ASSIGNED,SYSTEM
5376,855,23,ASSIGNED,SYSTEM
5377,855,77,ASSIGNED,SYSTEM
5378,855,59,ASSIGNED,SYSTEM
5379,856,6,ASSIGNED,SYSTEM
5380,856,33,ASSIGNED,SYSTEM
5381,856,51,ASSIGNED,SYSTEM
5382,856,60,ASSIGNED,SYSTEM
5383,856,15,ASSIGNED,SYSTEM
5384,856,69,ASSIGNED,SYSTEM
5385,856,24,ASSIGNED,SYSTEM
5386,856,87,ASSIGNED,SYSTEM
5387,857,42,ASSIGNED,SYSTEM
5388,857,51,ASSIGNED,SYSTEM
5389,857,78,ASSIGNED,SYSTEM
5390,857,60,ASSIGNED,SYSTEM
5391,857,87,ASSIGNED,SYSTEM
5392,857,6,ASSIGNED,SYSTEM
5393,857,33,ASSIGNED,SYSTEM
5394,857,24,ASSIGNED,SYSTEM
5395,858,69,ASSIGNED,SYSTEM
5396,858,42,ASSIGNED,SYSTEM
5397,858,78,ASSIGNED,SYSTEM
5398,858,33,ASSIGNED,SYSTEM
5399,858,6,ASSIGNED,SYSTEM
5400,858,87,ASSIGNED,SYSTEM
5401,858,51,ASSIGNED,SYSTEM
5402,858,60,ASSIGNED,SYSTEM
5403,859,7,ASSIGNED,SYSTEM
5404,859,70,ASSIGNED,SYSTEM
5405,859,61,ASSIGNED,SYSTEM
5406,859,52,ASSIGNED,SYSTEM
5407,859,43,ASSIGNED,SYSTEM
5408,860,61,ASSIGNED,SYSTEM
5409,860,70,ASSIGNED,SYSTEM
5410,860,7,ASSIGNED,SYSTEM
5411,860,25,ASSIGNED,SYSTEM
5412,860,88,ASSIGNED,SYSTEM
5413,861,7,ASSIGNED,SYSTEM
5414,861,88,ASSIGNED,SYSTEM
5415,861,34,ASSIGNED,SYSTEM
5416,861,70,ASSIGNED,SYSTEM
5417,861,16,ASSIGNED,SYSTEM
5418,862,71,ASSIGNED,SYSTEM
5419,862,8,ASSIGNED,SYSTEM
5420,862,80,ASSIGNED,SYSTEM
5421,862,53,ASSIGNED,SYSTEM
5422,862,35,ASSIGNED,SYSTEM
5423,863,8,ASSIGNED,SYSTEM
5424,863,89,ASSIGNED,SYSTEM
5425,863,17,ASSIGNED,SYSTEM
5426,863,35,ASSIGNED,SYSTEM
5427,863,26,ASSIGNED,SYSTEM
5428,864,26,ASSIGNED,SYSTEM
5429,864,44,ASSIGNED,SYSTEM
5430,864,17,ASSIGNED,SYSTEM
5431,864,53,ASSIGNED,SYSTEM
5432,864,71,ASSIGNED,SYSTEM
5433,865,90,ASSIGNED,SYSTEM
5434,865,36,ASSIGNED,SYSTEM
5435,865,27,ASSIGNED,SYSTEM
5436,865,81,ASSIGNED,SYSTEM
5437,866,18,ASSIGNED,SYSTEM
5438,866,72,ASSIGNED,SYSTEM
5439,866,90,ASSIGNED,SYSTEM
5440,866,63,ASSIGNED,SYSTEM
5441,867,18,ASSIGNED,SYSTEM
5442,867,54,ASSIGNED,SYSTEM
5443,867,90,ASSIGNED,SYSTEM
5444,867,45,ASSIGNED,SYSTEM
5445,868,93,ASSIGNED,SYSTEM
5446,868,92,ASSIGNED,SYSTEM
5447,868,97,ASSIGNED,SYSTEM
5448,868,95,ASSIGNED,SYSTEM
5449,868,94,ASSIGNED,SYSTEM
5450,869,96,ASSIGNED,SYSTEM
5451,869,92,ASSIGNED,SYSTEM
5452,869,94,ASSIGNED,SYSTEM
5453,869,95,ASSIGNED,SYSTEM
5454,869,93,ASSIGNED,SYSTEM
5455,870,99,ASSIGNED,SYSTEM
5456,870,96,ASSIGNED,SYSTEM
5457,870,97,ASSIGNED,SYSTEM
5458,870,93,ASSIGNED,SYSTEM
5459,870,91,ASSIGNED,SYSTEM
5460,871,73,ASSIGNED,SYSTEM
5461,871,28,ASSIGNED,SYSTEM
5462,871,46,ASSIGNED,SYSTEM
5463,871,1,ASSIGNED,SYSTEM
5464,871,55,ASSIGNED,SYSTEM
5465,871,10,ASSIGNED,SYSTEM
5466,871,64,ASSIGNED,SYSTEM
5467,871,37,ASSIGNED,SYSTEM
5468,872,10,ASSIGNED,SYSTEM
5469,872,82,ASSIGNED,SYSTEM
5470,872,28,ASSIGNED,SYSTEM
5471,872,1,ASSIGNED,SYSTEM
5472,872,19,ASSIGNED,SYSTEM
5473,872,55,ASSIGNED,SYSTEM
5474,872,64,ASSIGNED,SYSTEM
5475,873,28,ASSIGNED,SYSTEM
5476,873,1,ASSIGNED,SYSTEM
5477,873,37,ASSIGNED,SYSTEM
5478,873,19,ASSIGNED,SYSTEM
5479,873,55,ASSIGNED,SYSTEM
5480,873,10,ASSIGNED,SYSTEM
5481,873,73,ASSIGNED,SYSTEM
5482,873,64,ASSIGNED,SYSTEM
5483,874,56,ASSIGNED,SYSTEM
5484,874,2,ASSIGNED,SYSTEM
5485,874,29,ASSIGNED,SYSTEM
5486,874,38,ASSIGNED,SYSTEM
5487,874,20,ASSIGNED,SYSTEM
5488,874,83,ASSIGNED,SYSTEM
5489,874,11,ASSIGNED,SYSTEM
5490,874,74,ASSIGNED,SYSTEM
5491,874,47,ASSIGNED,SYSTEM
5492,874,65,ASSIGNED,SYSTEM
5493,875,74,ASSIGNED,SYSTEM
5494,875,38,ASSIGNED,SYSTEM
5495,875,83,ASSIGNED,SYSTEM
5496,875,2,ASSIGNED,SYSTEM
5497,875,47,ASSIGNED,SYSTEM
5498,875,65,ASSIGNED,SYSTEM
5499,875,29,ASSIGNED,SYSTEM
5500,875,56,ASSIGNED,SYSTEM
5501,875,11,ASSIGNED,SYSTEM
5502,876,56,ASSIGNED,SYSTEM
5503,876,11,ASSIGNED,SYSTEM
5504,876,83,ASSIGNED,SYSTEM
5505,876,20,ASSIGNED,SYSTEM
5506,876,65,ASSIGNED,SYSTEM
5507,876,29,ASSIGNED,SYSTEM
5508,876,38,ASSIGNED,SYSTEM
5509,876,2,ASSIGNED,SYSTEM
5510,876,47,ASSIGNED,SYSTEM
5511,876,74,ASSIGNED,SYSTEM
5512,877,66,ASSIGNED,SYSTEM
5513,877,30,ASSIGNED,SYSTEM
5514,877,21,ASSIGNED,SYSTEM
5515,877,57,ASSIGNED,SYSTEM
5516,877,84,ASSIGNED,SYSTEM
5517,877,3,ASSIGNED,SYSTEM
5518,878,84,ASSIGNED,SYSTEM
5519,878,48,ASSIGNED,SYSTEM
5520,878,3,ASSIGNED,SYSTEM
5521,878,66,ASSIGNED,SYSTEM
5522,879,84,ASSIGNED,SYSTEM
5523,879,57,ASSIGNED,SYSTEM
5524,879,30,ASSIGNED,SYSTEM
5525,879,3,ASSIGNED,SYSTEM
5526,879,21,ASSIGNED,SYSTEM
5527,879,12,ASSIGNED,SYSTEM
5528,880,49,ASSIGNED,SYSTEM
5529,880,13,ASSIGNED,SYSTEM
5530,880,85,ASSIGNED,SYSTEM
5531,880,22,ASSIGNED,SYSTEM
5532,880,40,ASSIGNED,SYSTEM
5533,880,31,ASSIGNED,SYSTEM
5534,881,49,ASSIGNED,SYSTEM
5535,881,40,ASSIGNED,SYSTEM
5536,881,76,ASSIGNED,SYSTEM
5537,881,58,ASSIGNED,SYSTEM
5538,881,13,ASSIGNED,SYSTEM
5539,881,67,ASSIGNED,SYSTEM
5540,882,85,ASSIGNED,SYSTEM
5541,882,49,ASSIGNED,SYSTEM
5542,882,4,ASSIGNED,SYSTEM
5543,882,13,ASSIGNED,SYSTEM
5544,882,22,ASSIGNED,SYSTEM
5545,882,40,ASSIGNED,SYSTEM
5546,883,68,ASSIGNED,SYSTEM
5547,883,14,ASSIGNED,SYSTEM
5548,883,86,ASSIGNED,SYSTEM
5549,883,50,ASSIGNED,SYSTEM
5550,883,77,ASSIGNED,SYSTEM
5551,883,59,ASSIGNED,SYSTEM
5552,883,5,ASSIGNED,SYSTEM
5553,883,23,ASSIGNED,SYSTEM
5554,884,23,ASSIGNED,SYSTEM
5555,884,5,ASSIGNED,SYSTEM
5556,884,32,ASSIGNED,SYSTEM
5557,884,41,ASSIGNED,SYSTEM
5558,884,59,ASSIGNED,SYSTEM
5559,884,68,ASSIGNED,SYSTEM
5560,884,86,ASSIGNED,SYSTEM
5561,884,77,ASSIGNED,SYSTEM
5562,885,50,ASSIGNED,SYSTEM
5563,885,77,ASSIGNED,SYSTEM
5564,885,68,ASSIGNED,SYSTEM
5565,885,86,ASSIGNED,SYSTEM
5566,885,5,ASSIGNED,SYSTEM
5567,885,23,ASSIGNED,SYSTEM
5568,885,14,ASSIGNED,SYSTEM
5569,886,24,ASSIGNED,SYSTEM
5570,886,42,ASSIGNED,SYSTEM
5571,886,78,ASSIGNED,SYSTEM
5572,886,33,ASSIGNED,SYSTEM
5573,886,15,ASSIGNED,SYSTEM
5574,886,51,ASSIGNED,SYSTEM
5575,886,87,ASSIGNED,SYSTEM
5576,886,69,ASSIGNED,SYSTEM
5577,887,78,ASSIGNED,SYSTEM
5578,887,24,ASSIGNED,SYSTEM
5579,887,51,ASSIGNED,SYSTEM
5580,887,6,ASSIGNED,SYSTEM
5581,887,42,ASSIGNED,SYSTEM
5582,887,87,ASSIGNED,SYSTEM
5583,887,15,ASSIGNED,SYSTEM
5584,887,33,ASSIGNED,SYSTEM
5585,888,42,ASSIGNED,SYSTEM
5586,888,51,ASSIGNED,SYSTEM
5587,888,24,ASSIGNED,SYSTEM
5588,888,33,ASSIGNED,SYSTEM
5589,888,6,ASSIGNED,SYSTEM
5590,888,60,ASSIGNED,SYSTEM
5591,888,69,ASSIGNED,SYSTEM
5592,888,15,ASSIGNED,SYSTEM
5593,889,88,ASSIGNED,SYSTEM
5594,889,70,ASSIGNED,SYSTEM
5595,889,79,ASSIGNED,SYSTEM
5596,889,25,ASSIGNED,SYSTEM
5597,889,43,ASSIGNED,SYSTEM
5598,890,25,ASSIGNED,SYSTEM
5599,890,52,ASSIGNED,SYSTEM
5600,890,88,ASSIGNED,SYSTEM
5601,890,43,ASSIGNED,SYSTEM
5602,890,34,ASSIGNED,SYSTEM
5603,891,16,ASSIGNED,SYSTEM
5604,891,70,ASSIGNED,SYSTEM
5605,891,79,ASSIGNED,SYSTEM
5606,891,25,ASSIGNED,SYSTEM
5607,891,34,ASSIGNED,SYSTEM
5608,892,17,ASSIGNED,SYSTEM
5609,892,44,ASSIGNED,SYSTEM
5610,892,35,ASSIGNED,SYSTEM
5611,893,62,ASSIGNED,SYSTEM
5612,893,71,ASSIGNED,SYSTEM
5613,893,80,ASSIGNED,SYSTEM
5614,893,35,ASSIGNED,SYSTEM
5615,893,53,ASSIGNED,SYSTEM
5616,894,62,ASSIGNED,SYSTEM
5617,894,8,ASSIGNED,SYSTEM
5618,894,53,ASSIGNED,SYSTEM
5619,895,45,ASSIGNED,SYSTEM
5620,895,36,ASSIGNED,SYSTEM
5621,895,9,ASSIGNED,SYSTEM
5622,895,72,ASSIGNED,SYSTEM
5623,896,90,ASSIGNED,SYSTEM
5624,896,18,ASSIGNED,SYSTEM
5625,896,54,ASSIGNED,SYSTEM
5626,896,45,ASSIGNED,SYSTEM
5627,897,27,ASSIGNED,SYSTEM
5628,897,45,ASSIGNED,SYSTEM
5629,897,72,ASSIGNED,SYSTEM
5630,897,18,ASSIGNED,SYSTEM
5631,898,100,ASSIGNED,SYSTEM
5632,898,94,ASSIGNED,SYSTEM
5633,898,95,ASSIGNED,SYSTEM
5634,898,98,ASSIGNED,SYSTEM
5635,898,96,ASSIGNED,SYSTEM
5636,899,98,ASSIGNED,SYSTEM
5637,899,93,ASSIGNED,SYSTEM
5638,899,91,ASSIGNED,SYSTEM
5639,899,95,ASSIGNED,SYSTEM
5640,899,96,ASSIGNED,SYSTEM
5641,900,96,ASSIGNED,SYSTEM
5642,900,91,ASSIGNED,SYSTEM
5643,900,94,ASSIGNED,SYSTEM
5644,900,100,ASSIGNED,SYSTEM
5645,900,97,ASSIGNED,SYSTEM
