availability_id,staff_id,availability_date,status,available_from,available_to
1,1,2026-09-01,AVAILABLE,08:00,22:00
2,1,2026-09-02,UNAVAILABLE,08:00,22:00
3,1,2026-09-03,AVAILABLE,08:00,22:00
4,1,2026-09-04,AVAILABLE,08:00,22:00
5,1,2026-09-05,AVAILABLE,08:00,22:00
6,1,2026-09-06,UNAVAILABLE,08:00,22:00
7,1,2026-09-07,UNAVAILABLE,08:00,22:00
8,1,2026-09-08,LEAVE,08:00,22:00
9,1,2026-09-09,AVAILABLE,08:00,22:00
10,1,2026-09-10,UNAVAILABLE,08:00,22:00
11,1,2026-09-11,AVAILABLE,08:00,22:00
12,1,2026-09-12,AVAILABLE,08:00,22:00
13,1,2026-09-13,AVAILABLE,08:00,22:00
14,1,2026-09-14,UNAVAILABLE,08:00,22:00
15,1,2026-09-15,AVAILABLE,08:00,22:00
16,1,2026-09-16,UNAVAILABLE,08:00,22:00
17,1,2026-09-17,AVAILABLE,08:00,22:00
18,1,2026-09-18,AVAILABLE,08:00,22:00
19,1,2026-09-19,AVAILABLE,08:00,22:00
20,1,2026-09-20,AVAILABLE,08:00,22:00
21,1,2026-09-21,UNAVAILABLE,08:00,22:00
22,1,2026-09-22,UNAVAILABLE,08:00,22:00
23,1,2026-09-23,AVAILABLE,08:00,22:00
24,1,2026-09-24,AVAILABLE,08:00,22:00
25,1,2026-09-25,AVAILABLE,08:00,22:00
26,1,2026-09-26,AVAILABLE,08:00,22:00
27,1,2026-09-27,AVAILABLE,08:00,22:00
28,1,2026-09-28,AVAILABLE,08:00,22:00
29,1,2026-09-29,AVAILABLE,08:00,22:00
30,1,2026-09-30,AVAILABLE,08:00,22:00
31,2,2026-09-01,AVAILABLE,08:00,22:00
32,2,2026-09-02,UNAVAILABLE,08:00,22:00
33,2,2026-09-03,LEAVE,08:00,22:00
34,2,2026-09-04,AVAILABLE,08:00,22:00
35,2,2026-09-05,AVAILABLE,08:00,22:00
36,2,2026-09-06,AVAILABLE,08:00,22:00
37,2,2026-09-07,LEAVE,08:00,22:00
38,2,2026-09-08,AVAILABLE,08:00,22:00
39,2,2026-09-09,UNAVAILABLE,08:00,22:00
40,2,2026-09-10,AVAILABLE,08:00,22:00
41,2,2026-09-11,LEAVE,08:00,22:00
42,2,2026-09-12,AVAILABLE,08:00,22:00
43,2,2026-09-13,LEAVE,08:00,22:00
44,2,2026-09-14,AVAILABLE,08:00,22:00
45,2,2026-09-15,AVAILABLE,08:00,22:00
46,2,2026-09-16,AVAILABLE,08:00,22:00
47,2,2026-09-17,AVAILABLE,08:00,22:00
48,2,2026-09-18,AVAILABLE,08:00,22:00
49,2,2026-09-19,AVAILABLE,08:00,22:00
50,2,2026-09-20,AVAILABLE,08:00,22:00
51,2,2026-09-21,AVAILABLE,08:00,22:00
52,2,2026-09-22,AVAILABLE,08:00,22:00
53,2,2026-09-23,AVAILABLE,08:00,22:00
54,2,2026-09-24,AVAILABLE,08:00,22:00
55,2,2026-09-25,AVAILABLE,08:00,22:00
56,2,2026-09-26,UNAVAILABLE,08:00,22:00
57,2,2026-09-27,AVAILABLE,08:00,22:00
58,2,2026-09-28,AVAILABLE,08:00,22:00
59,2,2026-09-29,AVAILABLE,08:00,22:00
60,2,2026-09-30,AVAILABLE,08:00,22:00
61,3,2026-09-01,AVAILABLE,08:00,22:00
62,3,2026-09-02,AVAILABLE,08:00,22:00
63,3,2026-09-03,AVAILABLE,08:00,22:00
64,3,2026-09-04,AVAILABLE,08:00,22:00
65,3,2026-09-05,AVAILABLE,08:00,22:00
66,3,2026-09-06,UNAVAILABLE,08:00,22:00
67,3,2026-09-07,AVAILABLE,08:00,22:00
68,3,2026-09-08,AVAILABLE,08:00,22:00
69,3,2026-09-09,AVAILABLE,08:00,22:00
70,3,2026-09-10,AVAILABLE,08:00,22:00
71,3,2026-09-11,AVAILABLE,08:00,22:00
72,3,2026-09-12,AVAILABLE,08:00,22:00
73,3,2026-09-13,AVAILABLE,08:00,22:00
74,3,2026-09-14,AVAILABLE,08:00,22:00
75,3,2026-09-15,LEAVE,08:00,22:00
76,3,2026-09-16,AVAILABLE,08:00,22:00
77,3,2026-09-17,UNAVAILABLE,08:00,22:00
78,3,2026-09-18,AVAILABLE,08:00,22:00
79,3,2026-09-19,AVAILABLE,08:00,22:00
80,3,2026-09-20,AVAILABLE,08:00,22:00
81,3,2026-09-21,AVAILABLE,08:00,22:00
82,3,2026-09-22,AVAILABLE,08:00,22:00
83,3,2026-09-23,AVAILABLE,08:00,22:00
84,3,2026-09-24,AVAILABLE,08:00,22:00
85,3,2026-09-25,AVAILABLE,08:00,22:00
86,3,2026-09-26,AVAILABLE,08:00,22:00
87,3,2026-09-27,AVAILABLE,08:00,22:00
88,3,2026-09-28,AVAILABLE,08:00,22:00
89,3,2026-09-29,AVAILABLE,08:00,22:00
90,3,2026-09-30,UNAVAILABLE,08:00,22:00
91,4,2026-09-01,AVAILABLE,08:00,22:00
92,4,2026-09-02,AVAILABLE,08:00,22:00
93,4,2026-09-03,AVAILABLE,08:00,22:00
94,4,2026-09-04,AVAILABLE,08:00,22:00
95,4,2026-09-05,AVAILABLE,08:00,22:00
96,4,2026-09-06,AVAILABLE,08:00,22:00
97,4,2026-09-07,AVAILABLE,08:00,22:00
98,4,2026-09-08,AVAILABLE,08:00,22:00
99,4,2026-09-09,AVAILABLE,08:00,22:00
100,4,2026-09-10,AVAILABLE,08:00,22:00
101,4,2026-09-11,AVAILABLE,08:00,22:00
102,4,2026-09-12,AVAILABLE,08:00,22:00
103,4,2026-09-13,AVAILABLE,08:00,22:00
104,4,2026-09-14,AVAILABLE,08:00,22:00
105,4,2026-09-15,UNAVAILABLE,08:00,22:00
106,4,2026-09-16,AVAILABLE,08:00,22:00
107,4,2026-09-17,AVAILABLE,08:00,22:00
108,4,2026-09-18,AVAILABLE,08:00,22:00
109,4,2026-09-19,AVAILABLE,08:00,22:00
110,4,2026-09-20,AVAILABLE,08:00,22:00
111,4,2026-09-21,AVAILABLE,08:00,22:00
112,4,2026-09-22,AVAILABLE,08:00,22:00
113,4,2026-09-23,AVAILABLE,08:00,22:00
114,4,2026-09-24,AVAILABLE,08:00,22:00
115,4,2026-09-25,AVAILABLE,08:00,22:00
116,4,2026-09-26,AVAILABLE,08:00,22:00
117,4,2026-09-27,AVAILABLE,08:00,22:00
118,4,2026-09-28,AVAILABLE,08:00,22:00
119,4,2026-09-29,AVAILABLE,08:00,22:00
120,4,2026-09-30,LEAVE,08:00,22:00
121,5,2026-09-01,AVAILABLE,08:00,22:00
122,5,2026-09-02,AVAILABLE,08:00,22:00
123,5,2026-09-03,AVAILABLE,08:00,22:00
124,5,2026-09-04,UNAVAILABLE,08:00,22:00
125,5,2026-09-05,AVAILABLE,08:00,22:00
126,5,2026-09-06,AVAILABLE,08:00,22:00
127,5,2026-09-07,AVAILABLE,08:00,22:00
128,5,2026-09-08,LEAVE,08:00,22:00
129,5,2026-09-09,AVAILABLE,08:00,22:00
130,5,2026-09-10,LEAVE,08:00,22:00
131,5,2026-09-11,UNAVAILABLE,08:00,22:00
132,5,2026-09-12,AVAILABLE,08:00,22:00
133,5,2026-09-13,AVAILABLE,08:00,22:00
134,5,2026-09-14,AVAILABLE,08:00,22:00
135,5,2026-09-15,UNAVAILABLE,08:00,22:00
136,5,2026-09-16,AVAILABLE,08:00,22:00
137,5,2026-09-17,UNAVAILABLE,08:00,22:00
138,5,2026-09-18,AVAILABLE,08:00,22:00
139,5,2026-09-19,AVAILABLE,08:00,22:00
140,5,2026-09-20,AVAILABLE,08:00,22:00
141,5,2026-09-21,AVAILABLE,08:00,22:00
142,5,2026-09-22,AVAILABLE,08:00,22:00
143,5,2026-09-23,AVAILABLE,08:00,22:00
144,5,2026-09-24,AVAILABLE,08:00,22:00
145,5,2026-09-25,AVAILABLE,08:00,22:00
146,5,2026-09-26,AVAILABLE,08:00,22:00
147,5,2026-09-27,AVAILABLE,08:00,22:00
148,5,2026-09-28,AVAILABLE,08:00,22:00
149,5,2026-09-29,AVAILABLE,08:00,22:00
150,5,2026-09-30,AVAILABLE,08:00,22:00
151,6,2026-09-01,AVAILABLE,08:00,22:00
152,6,2026-09-02,AVAILABLE,08:00,22:00
153,6,2026-09-03,AVAILABLE,08:00,22:00
154,6,2026-09-04,AVAILABLE,08:00,22:00
155,6,2026-09-05,AVAILABLE,08:00,22:00
156,6,2026-09-06,AVAILABLE,08:00,22:00
157,6,2026-09-07,AVAILABLE,08:00,22:00
158,6,2026-09-08,AVAILABLE,08:00,22:00
159,6,2026-09-09,AVAILABLE,08:00,22:00
160,6,2026-09-10,AVAILABLE,08:00,22:00
161,6,2026-09-11,AVAILABLE,08:00,22:00
162,6,2026-09-12,UNAVAILABLE,08:00,22:00
163,6,2026-09-13,AVAILABLE,08:00,22:00
164,6,2026-09-14,AVAILABLE,08:00,22:00
165,6,2026-09-15,UNAVAILABLE,08:00,22:00
166,6,2026-09-16,AVAILABLE,08:00,22:00
167,6,2026-09-17,AVAILABLE,08:00,22:00
168,6,2026-09-18,AVAILABLE,08:00,22:00
169,6,2026-09-19,AVAILABLE,08:00,22:00
170,6,2026-09-20,AVAILABLE,08:00,22:00
171,6,2026-09-21,UNAVAILABLE,08:00,22:00
172,6,2026-09-22,LEAVE,08:00,22:00
173,6,2026-09-23,AVAILABLE,08:00,22:00
174,6,2026-09-24,AVAILABLE,08:00,22:00
175,6,2026-09-25,AVAILABLE,08:00,22:00
176,6,2026-09-26,AVAILABLE,08:00,22:00
177,6,2026-09-27,AVAILABLE,08:00,22:00
178,6,2026-09-28,AVAILABLE,08:00,22:00
179,6,2026-09-29,AVAILABLE,08:00,22:00
180,6,2026-09-30,AVAILABLE,08:00,22:00
181,7,2026-09-01,AVAILABLE,08:00,22:00
182,7,2026-09-02,AVAILABLE,08:00,22:00
183,7,2026-09-03,AVAILABLE,08:00,22:00
184,7,2026-09-04,AVAILABLE,08:00,22:00
185,7,2026-09-05,AVAILABLE,08:00,22:00
186,7,2026-09-06,AVAILABLE,08:00,22:00
187,7,2026-09-07,AVAILABLE,08:00,22:00
188,7,2026-09-08,AVAILABLE,08:00,22:00
189,7,2026-09-09,AVAILABLE,08:00,22:00
190,7,2026-09-10,AVAILABLE,08:00,22:00
191,7,2026-09-11,AVAILABLE,08:00,22:00
192,7,2026-09-12,AVAILABLE,08:00,22:00
193,7,2026-09-13,AVAILABLE,08:00,22:00
194,7,2026-09-14,AVAILABLE,08:00,22:00
195,7,2026-09-15,AVAILABLE,08:00,22:00
196,7,2026-09-16,AVAILABLE,08:00,22:00
197,7,2026-09-17,AVAILABLE,08:00,22:00
198,7,2026-09-18,AVAILABLE,08:00,22:00
199,7,2026-09-19,AVAILABLE,08:00,22:00
200,7,2026-09-20,AVAILABLE,08:00,22:00
201,7,2026-09-21,AVAILABLE,08:00,22:00
202,7,2026-09-22,UNAVAILABLE,08:00,22:00
203,7,2026-09-23,AVAILABLE,08:00,22:00
204,7,2026-09-24,AVAILABLE,08:00,22:00
205,7,2026-09-25,AVAILABLE,08:00,22:00
206,7,2026-09-26,AVAILABLE,08:00,22:00
207,7,2026-09-27,LEAVE,08:00,22:00
208,7,2026-09-28,AVAILABLE,08:00,22:00
209,7,2026-09-29,AVAILABLE,08:00,22:00
210,7,2026-09-30,AVAILABLE,08:00,22:00
211,8,2026-09-01,AVAILABLE,08:00,22:00
212,8,2026-09-02,AVAILABLE,08:00,22:00
213,8,2026-09-03,LEAVE,08:00,22:00
214,8,2026-09-04,AVAILABLE,08:00,22:00
215,8,2026-09-05,AVAILABLE,08:00,22:00
216,8,2026-09-06,AVAILABLE,08:00,22:00
217,8,2026-09-07,AVAILABLE,08:00,22:00
218,8,2026-09-08,AVAILABLE,08:00,22:00
219,8,2026-09-09,AVAILABLE,08:00,22:00
220,8,2026-09-10,AVAILABLE,08:00,22:00
221,8,2026-09-11,AVAILABLE,08:00,22:00
222,8,2026-09-12,AVAILABLE,08:00,22:00
223,8,2026-09-13,AVAILABLE,08:00,22:00
224,8,2026-09-14,AVAILABLE,08:00,22:00
225,8,2026-09-15,AVAILABLE,08:00,22:00
226,8,2026-09-16,AVAILABLE,08:00,22:00
227,8,2026-09-17,AVAILABLE,08:00,22:00
228,8,2026-09-18,LEAVE,08:00,22:00
229,8,2026-09-19,AVAILABLE,08:00,22:00
230,8,2026-09-20,AVAILABLE,08:00,22:00
231,8,2026-09-21,AVAILABLE,08:00,22:00
232,8,2026-09-22,AVAILABLE,08:00,22:00
233,8,2026-09-23,LEAVE,08:00,22:00
234,8,2026-09-24,AVAILABLE,08:00,22:00
235,8,2026-09-25,AVAILABLE,08:00,22:00
236,8,2026-09-26,AVAILABLE,08:00,22:00
237,8,2026-09-27,AVAILABLE,08:00,22:00
238,8,2026-09-28,AVAILABLE,08:00,22:00
239,8,2026-09-29,AVAILABLE,08:00,22:00
240,8,2026-09-30,AVAILABLE,08:00,22:00
241,9,2026-09-01,UNAVAILABLE,08:00,22:00
242,9,2026-09-02,AVAILABLE,08:00,22:00
243,9,2026-09-03,AVAILABLE,08:00,22:00
244,9,2026-09-04,LEAVE,08:00,22:00
245,9,2026-09-05,AVAILABLE,08:00,22:00
246,9,2026-09-06,AVAILABLE,08:00,22:00
247,9,2026-09-07,AVAILABLE,08:00,22:00
248,9,2026-09-08,AVAILABLE,08:00,22:00
249,9,2026-09-09,AVAILABLE,08:00,22:00
250,9,2026-09-10,AVAILABLE,08:00,22:00
251,9,2026-09-11,UNAVAILABLE,08:00,22:00
252,9,2026-09-12,UNAVAILABLE,08:00,22:00
253,9,2026-09-13,AVAILABLE,08:00,22:00
254,9,2026-09-14,LEAVE,08:00,22:00
255,9,2026-09-15,AVAILABLE,08:00,22:00
256,9,2026-09-16,UNAVAILABLE,08:00,22:00
257,9,2026-09-17,AVAILABLE,08:00,22:00
258,9,2026-09-18,AVAILABLE,08:00,22:00
259,9,2026-09-19,AVAILABLE,08:00,22:00
260,9,2026-09-20,LEAVE,08:00,22:00
261,9,2026-09-21,AVAILABLE,08:00,22:00
262,9,2026-09-22,AVAILABLE,08:00,22:00
263,9,2026-09-23,AVAILABLE,08:00,22:00
264,9,2026-09-24,AVAILABLE,08:00,22:00
265,9,2026-09-25,AVAILABLE,08:00,22:00
266,9,2026-09-26,AVAILABLE,08:00,22:00
267,9,2026-09-27,AVAILABLE,08:00,22:00
268,9,2026-09-28,UNAVAILABLE,08:00,22:00
269,9,2026-09-29,UNAVAILABLE,08:00,22:00
270,9,2026-09-30,AVAILABLE,08:00,22:00
271,10,2026-09-01,UNAVAILABLE,08:00,22:00
272,10,2026-09-02,AVAILABLE,08:00,22:00
273,10,2026-09-03,AVAILABLE,08:00,22:00
274,10,2026-09-04,AVAILABLE,08:00,22:00
275,10,2026-09-05,AVAILABLE,08:00,22:00
276,10,2026-09-06,AVAILABLE,08:00,22:00
277,10,2026-09-07,UNAVAILABLE,08:00,22:00
278,10,2026-09-08,AVAILABLE,08:00,22:00
279,10,2026-09-09,AVAILABLE,08:00,22:00
280,10,2026-09-10,AVAILABLE,08:00,22:00
281,10,2026-09-11,AVAILABLE,08:00,22:00
282,10,2026-09-12,UNAVAILABLE,08:00,22:00
283,10,2026-09-13,AVAILABLE,08:00,22:00
284,10,2026-09-14,AVAILABLE,08:00,22:00
285,10,2026-09-15,AVAILABLE,08:00,22:00
286,10,2026-09-16,LEAVE,08:00,22:00
287,10,2026-09-17,AVAILABLE,08:00,22:00
288,10,2026-09-18,AVAILABLE,08:00,22:00
289,10,2026-09-19,AVAILABLE,08:00,22:00
290,10,2026-09-20,AVAILABLE,08:00,22:00
291,10,2026-09-21,AVAILABLE,08:00,22:00
292,10,2026-09-22,AVAILABLE,08:00,22:00
293,10,2026-09-23,AVAILABLE,08:00,22:00
294,10,2026-09-24,AVAILABLE,08:00,22:00
295,10,2026-09-25,AVAILABLE,08:00,22:00
296,10,2026-09-26,AVAILABLE,08:00,22:00
297,10,2026-09-27,AVAILABLE,08:00,22:00
298,10,2026-09-28,AVAILABLE,08:00,22:00
299,10,2026-09-29,AVAILABLE,08:00,22:00
300,10,2026-09-30,AVAILABLE,08:00,22:00
301,11,2026-09-01,AVAILABLE,08:00,22:00
302,11,2026-09-02,AVAILABLE,08:00,22:00
303,11,2026-09-03,AVAILABLE,08:00,22:00
304,11,2026-09-04,AVAILABLE,08:00,22:00
305,11,2026-09-05,AVAILABLE,08:00,22:00
306,11,2026-09-06,AVAILABLE,08:00,22:00
307,11,2026-09-07,AVAILABLE,08:00,22:00
308,11,2026-09-08,AVAILABLE,08:00,22:00
309,11,2026-09-09,AVAILABLE,08:00,22:00
310,11,2026-09-10,AVAILABLE,08:00,22:00
311,11,2026-09-11,AVAILABLE,08:00,22:00
312,11,2026-09-12,AVAILABLE,08:00,22:00
313,11,2026-09-13,AVAILABLE,08:00,22:00
314,11,2026-09-14,AVAILABLE,08:00,22:00
315,11,2026-09-15,AVAILABLE,08:00,22:00
316,11,2026-09-16,AVAILABLE,08:00,22:00
317,11,2026-09-17,LEAVE,08:00,22:00
318,11,2026-09-18,AVAILABLE,08:00,22:00
319,11,2026-09-19,AVAILABLE,08:00,22:00
320,11,2026-09-20,AVAILABLE,08:00,22:00
321,11,2026-09-21,AVAILABLE,08:00,22:00
322,11,2026-09-22,AVAILABLE,08:00,22:00
323,11,2026-09-23,AVAILABLE,08:00,22:00
324,11,2026-09-24,AVAILABLE,08:00,22:00
325,11,2026-09-25,AVAILABLE,08:00,22:00
326,11,2026-09-26,AVAILABLE,08:00,22:00
327,11,2026-09-27,LEAVE,08:00,22:00
328,11,2026-09-28,AVAILABLE,08:00,22:00
329,11,2026-09-29,AVAILABLE,08:00,22:00
330,11,2026-09-30,AVAILABLE,08:00,22:00
331,12,2026-09-01,UNAVAILABLE,08:00,22:00
332,12,2026-09-02,AVAILABLE,08:00,22:00
333,12,2026-09-03,UNAVAILABLE,08:00,22:00
334,12,2026-09-04,AVAILABLE,08:00,22:00
335,12,2026-09-05,AVAILABLE,08:00,22:00
336,12,2026-09-06,AVAILABLE,08:00,22:00
337,12,2026-09-07,AVAILABLE,08:00,22:00
338,12,2026-09-08,AVAILABLE,08:00,22:00
339,12,2026-09-09,LEAVE,08:00,22:00
340,12,2026-09-10,AVAILABLE,08:00,22:00
341,12,2026-09-11,UNAVAILABLE,08:00,22:00
342,12,2026-09-12,AVAILABLE,08:00,22:00
343,12,2026-09-13,AVAILABLE,08:00,22:00
344,12,2026-09-14,AVAILABLE,08:00,22:00
345,12,2026-09-15,AVAILABLE,08:00,22:00
346,12,2026-09-16,AVAILABLE,08:00,22:00
347,12,2026-09-17,AVAILABLE,08:00,22:00
348,12,2026-09-18,AVAILABLE,08:00,22:00
349,12,2026-09-19,LEAVE,08:00,22:00
350,12,2026-09-20,AVAILABLE,08:00,22:00
351,12,2026-09-21,AVAILABLE,08:00,22:00
352,12,2026-09-22,AVAILABLE,08:00,22:00
353,12,2026-09-23,AVAILABLE,08:00,22:00
354,12,2026-09-24,AVAILABLE,08:00,22:00
355,12,2026-09-25,AVAILABLE,08:00,22:00
356,12,2026-09-26,AVAILABLE,08:00,22:00
357,12,2026-09-27,AVAILABLE,08:00,22:00
358,12,2026-09-28,UNAVAILABLE,08:00,22:00
359,12,2026-09-29,LEAVE,08:00,22:00
360,12,2026-09-30,AVAILABLE,08:00,22:00
361,13,2026-09-01,AVAILABLE,08:00,22:00
362,13,2026-09-02,AVAILABLE,08:00,22:00
363,13,2026-09-03,AVAILABLE,08:00,22:00
364,13,2026-09-04,LEAVE,08:00,22:00
365,13,2026-09-05,AVAILABLE,08:00,22:00
366,13,2026-09-06,AVAILABLE,08:00,22:00
367,13,2026-09-07,AVAILABLE,08:00,22:00
368,13,2026-09-08,AVAILABLE,08:00,22:00
369,13,2026-09-09,AVAILABLE,08:00,22:00
370,13,2026-09-10,AVAILABLE,08:00,22:00
371,13,2026-09-11,AVAILABLE,08:00,22:00
372,13,2026-09-12,AVAILABLE,08:00,22:00
373,13,2026-09-13,AVAILABLE,08:00,22:00
374,13,2026-09-14,AVAILABLE,08:00,22:00
375,13,2026-09-15,AVAILABLE,08:00,22:00
376,13,2026-09-16,AVAILABLE,08:00,22:00
377,13,2026-09-17,AVAILABLE,08:00,22:00
378,13,2026-09-18,AVAILABLE,08:00,22:00
379,13,2026-09-19,AVAILABLE,08:00,22:00
380,13,2026-09-20,UNAVAILABLE,08:00,22:00
381,13,2026-09-21,AVAILABLE,08:00,22:00
382,13,2026-09-22,AVAILABLE,08:00,22:00
383,13,2026-09-23,AVAILABLE,08:00,22:00
384,13,2026-09-24,UNAVAILABLE,08:00,22:00
385,13,2026-09-25,AVAILABLE,08:00,22:00
386,13,2026-09-26,AVAILABLE,08:00,22:00
387,13,2026-09-27,AVAILABLE,08:00,22:00
388,13,2026-09-28,UNAVAILABLE,08:00,22:00
389,13,2026-09-29,UNAVAILABLE,08:00,22:00
390,13,2026-09-30,AVAILABLE,08:00,22:00
391,14,2026-09-01,AVAILABLE,08:00,22:00
392,14,2026-09-02,AVAILABLE,08:00,22:00
393,14,2026-09-03,AVAILABLE,08:00,22:00
394,14,2026-09-04,AVAILABLE,08:00,22:00
395,14,2026-09-05,AVAILABLE,08:00,22:00
396,14,2026-09-06,AVAILABLE,08:00,22:00
397,14,2026-09-07,AVAILABLE,08:00,22:00
398,14,2026-09-08,AVAILABLE,08:00,22:00
399,14,2026-09-09,LEAVE,08:00,22:00
400,14,2026-09-10,AVAILABLE,08:00,22:00
401,14,2026-09-11,AVAILABLE,08:00,22:00
402,14,2026-09-12,AVAILABLE,08:00,22:00
403,14,2026-09-13,AVAILABLE,08:00,22:00
404,14,2026-09-14,AVAILABLE,08:00,22:00
405,14,2026-09-15,AVAILABLE,08:00,22:00
406,14,2026-09-16,AVAILABLE,08:00,22:00
407,14,2026-09-17,AVAILABLE,08:00,22:00
408,14,2026-09-18,LEAVE,08:00,22:00
409,14,2026-09-19,UNAVAILABLE,08:00,22:00
410,14,2026-09-20,AVAILABLE,08:00,22:00
411,14,2026-09-21,LEAVE,08:00,22:00
412,14,2026-09-22,LEAVE,08:00,22:00
413,14,2026-09-23,AVAILABLE,08:00,22:00
414,14,2026-09-24,AVAILABLE,08:00,22:00
415,14,2026-09-25,AVAILABLE,08:00,22:00
416,14,2026-09-26,AVAILABLE,08:00,22:00
417,14,2026-09-27,AVAILABLE,08:00,22:00
418,14,2026-09-28,AVAILABLE,08:00,22:00
419,14,2026-09-29,UNAVAILABLE,08:00,22:00
420,14,2026-09-30,AVAILABLE,08:00,22:00
421,15,2026-09-01,AVAILABLE,08:00,22:00
422,15,2026-09-02,AVAILABLE,08:00,22:00
423,15,2026-09-03,AVAILABLE,08:00,22:00
424,15,2026-09-04,AVAILABLE,08:00,22:00
425,15,2026-09-05,AVAILABLE,08:00,22:00
426,15,2026-09-06,AVAILABLE,08:00,22:00
427,15,2026-09-07,AVAILABLE,08:00,22:00
428,15,2026-09-08,UNAVAILABLE,08:00,22:00
429,15,2026-09-09,AVAILABLE,08:00,22:00
430,15,2026-09-10,AVAILABLE,08:00,22:00
431,15,2026-09-11,AVAILABLE,08:00,22:00
432,15,2026-09-12,LEAVE,08:00,22:00
433,15,2026-09-13,AVAILABLE,08:00,22:00
434,15,2026-09-14,AVAILABLE,08:00,22:00
435,15,2026-09-15,AVAILABLE,08:00,22:00
436,15,2026-09-16,AVAILABLE,08:00,22:00
437,15,2026-09-17,AVAILABLE,08:00,22:00
438,15,2026-09-18,LEAVE,08:00,22:00
439,15,2026-09-19,AVAILABLE,08:00,22:00
440,15,2026-09-20,AVAILABLE,08:00,22:00
441,15,2026-09-21,LEAVE,08:00,22:00
442,15,2026-09-22,AVAILABLE,08:00,22:00
443,15,2026-09-23,AVAILABLE,08:00,22:00
444,15,2026-09-24,AVAILABLE,08:00,22:00
445,15,2026-09-25,AVAILABLE,08:00,22:00
446,15,2026-09-26,AVAILABLE,08:00,22:00
447,15,2026-09-27,AVAILABLE,08:00,22:00
448,15,2026-09-28,AVAILABLE,08:00,22:00
449,15,2026-09-29,AVAILABLE,08:00,22:00
450,15,2026-09-30,AVAILABLE,08:00,22:00
451,16,2026-09-01,AVAILABLE,08:00,22:00
452,16,2026-09-02,UNAVAILABLE,08:00,22:00
453,16,2026-09-03,AVAILABLE,08:00,22:00
454,16,2026-09-04,AVAILABLE,08:00,22:00
455,16,2026-09-05,AVAILABLE,08:00,22:00
456,16,2026-09-06,LEAVE,08:00,22:00
457,16,2026-09-07,AVAILABLE,08:00,22:00
458,16,2026-09-08,AVAILABLE,08:00,22:00
459,16,2026-09-09,AVAILABLE,08:00,22:00
460,16,2026-09-10,AVAILABLE,08:00,22:00
461,16,2026-09-11,AVAILABLE,08:00,22:00
462,16,2026-09-12,AVAILABLE,08:00,22:00
463,16,2026-09-13,LEAVE,08:00,22:00
464,16,2026-09-14,UNAVAILABLE,08:00,22:00
465,16,2026-09-15,AVAILABLE,08:00,22:00
466,16,2026-09-16,AVAILABLE,08:00,22:00
467,16,2026-09-17,UNAVAILABLE,08:00,22:00
468,16,2026-09-18,AVAILABLE,08:00,22:00
469,16,2026-09-19,AVAILABLE,08:00,22:00
470,16,2026-09-20,AVAILABLE,08:00,22:00
471,16,2026-09-21,AVAILABLE,08:00,22:00
472,16,2026-09-22,UNAVAILABLE,08:00,22:00
473,16,2026-09-23,LEAVE,08:00,22:00
474,16,2026-09-24,AVAILABLE,08:00,22:00
475,16,2026-09-25,AVAILABLE,08:00,22:00
476,16,2026-09-26,AVAILABLE,08:00,22:00
477,16,2026-09-27,UNAVAILABLE,08:00,22:00
478,16,2026-09-28,AVAILABLE,08:00,22:00
479,16,2026-09-29,UNAVAILABLE,08:00,22:00
480,16,2026-09-30,UNAVAILABLE,08:00,22:00
481,17,2026-09-01,AVAILABLE,08:00,22:00
482,17,2026-09-02,AVAILABLE,08:00,22:00
483,17,2026-09-03,AVAILABLE,08:00,22:00
484,17,2026-09-04,UNAVAILABLE,08:00,22:00
485,17,2026-09-05,AVAILABLE,08:00,22:00
486,17,2026-09-06,UNAVAILABLE,08:00,22:00
487,17,2026-09-07,AVAILABLE,08:00,22:00
488,17,2026-09-08,AVAILABLE,08:00,22:00
489,17,2026-09-09,AVAILABLE,08:00,22:00
490,17,2026-09-10,LEAVE,08:00,22:00
491,17,2026-09-11,AVAILABLE,08:00,22:00
492,17,2026-09-12,AVAILABLE,08:00,22:00
493,17,2026-09-13,AVAILABLE,08:00,22:00
494,17,2026-09-14,AVAILABLE,08:00,22:00
495,17,2026-09-15,AVAILABLE,08:00,22:00
496,17,2026-09-16,AVAILABLE,08:00,22:00
497,17,2026-09-17,AVAILABLE,08:00,22:00
498,17,2026-09-18,AVAILABLE,08:00,22:00
499,17,2026-09-19,AVAILABLE,08:00,22:00
500,17,2026-09-20,AVAILABLE,08:00,22:00
501,17,2026-09-21,AVAILABLE,08:00,22:00
502,17,2026-09-22,AVAILABLE,08:00,22:00
503,17,2026-09-23,AVAILABLE,08:00,22:00
504,17,2026-09-24,AVAILABLE,08:00,22:00
505,17,2026-09-25,AVAILABLE,08:00,22:00
506,17,2026-09-26,AVAILABLE,08:00,22:00
507,17,2026-09-27,AVAILABLE,08:00,22:00
508,17,2026-09-28,AVAILABLE,08:00,22:00
509,17,2026-09-29,AVAILABLE,08:00,22:00
510,17,2026-09-30,UNAVAILABLE,08:00,22:00
511,18,2026-09-01,LEAVE,08:00,22:00
512,18,2026-09-02,AVAILABLE,08:00,22:00
513,18,2026-09-03,AVAILABLE,08:00,22:00
514,18,2026-09-04,AVAILABLE,08:00,22:00
515,18,2026-09-05,AVAILABLE,08:00,22:00
516,18,2026-09-06,UNAVAILABLE,08:00,22:00
517,18,2026-09-07,UNAVAILABLE,08:00,22:00
518,18,2026-09-08,AVAILABLE,08:00,22:00
519,18,2026-09-09,AVAILABLE,08:00,22:00
520,18,2026-09-10,AVAILABLE,08:00,22:00
521,18,2026-09-11,AVAILABLE,08:00,22:00
522,18,2026-09-12,AVAILABLE,08:00,22:00
523,18,2026-09-13,AVAILABLE,08:00,22:00
524,18,2026-09-14,AVAILABLE,08:00,22:00
525,18,2026-09-15,AVAILABLE,08:00,22:00
526,18,2026-09-16,LEAVE,08:00,22:00
527,18,2026-09-17,AVAILABLE,08:00,22:00
528,18,2026-09-18,AVAILABLE,08:00,22:00
529,18,2026-09-19,AVAILABLE,08:00,22:00
530,18,2026-09-20,UNAVAILABLE,08:00,22:00
531,18,2026-09-21,UNAVAILABLE,08:00,22:00
532,18,2026-09-22,UNAVAILABLE,08:00,22:00
533,18,2026-09-23,AVAILABLE,08:00,22:00
534,18,2026-09-24,AVAILABLE,08:00,22:00
535,18,2026-09-25,AVAILABLE,08:00,22:00
536,18,2026-09-26,AVAILABLE,08:00,22:00
537,18,2026-09-27,UNAVAILABLE,08:00,22:00
538,18,2026-09-28,AVAILABLE,08:00,22:00
539,18,2026-09-29,AVAILABLE,08:00,22:00
540,18,2026-09-30,AVAILABLE,08:00,22:00
541,19,2026-09-01,UNAVAILABLE,08:00,22:00
542,19,2026-09-02,LEAVE,08:00,22:00
543,19,2026-09-03,AVAILABLE,08:00,22:00
544,19,2026-09-04,AVAILABLE,08:00,22:00
545,19,2026-09-05,AVAILABLE,08:00,22:00
546,19,2026-09-06,AVAILABLE,08:00,22:00
547,19,2026-09-07,UNAVAILABLE,08:00,22:00
548,19,2026-09-08,AVAILABLE,08:00,22:00
549,19,2026-09-09,AVAILABLE,08:00,22:00
550,19,2026-09-10,UNAVAILABLE,08:00,22:00
551,19,2026-09-11,AVAILABLE,08:00,22:00
552,19,2026-09-12,AVAILABLE,08:00,22:00
553,19,2026-09-13,AVAILABLE,08:00,22:00
554,19,2026-09-14,AVAILABLE,08:00,22:00
555,19,2026-09-15,AVAILABLE,08:00,22:00
556,19,2026-09-16,AVAILABLE,08:00,22:00
557,19,2026-09-17,AVAILABLE,08:00,22:00
558,19,2026-09-18,AVAILABLE,08:00,22:00
559,19,2026-09-19,AVAILABLE,08:00,22:00
560,19,2026-09-20,AVAILABLE,08:00,22:00
561,19,2026-09-21,UNAVAILABLE,08:00,22:00
562,19,2026-09-22,AVAILABLE,08:00,22:00
563,19,2026-09-23,AVAILABLE,08:00,22:00
564,19,2026-09-24,UNAVAILABLE,08:00,22:00
565,19,2026-09-25,AVAILABLE,08:00,22:00
566,19,2026-09-26,AVAILABLE,08:00,22:00
567,19,2026-09-27,AVAILABLE,08:00,22:00
568,19,2026-09-28,AVAILABLE,08:00,22:00
569,19,2026-09-29,AVAILABLE,08:00,22:00
570,19,2026-09-30,AVAILABLE,08:00,22:00
571,20,2026-09-01,UNAVAILABLE,08:00,22:00
572,20,2026-09-02,AVAILABLE,08:00,22:00
573,20,2026-09-03,AVAILABLE,08:00,22:00
574,20,2026-09-04,AVAILABLE,08:00,22:00
575,20,2026-09-05,AVAILABLE,08:00,22:00
576,20,2026-09-06,AVAILABLE,08:00,22:00
577,20,2026-09-07,AVAILABLE,08:00,22:00
578,20,2026-09-08,AVAILABLE,08:00,22:00
579,20,2026-09-09,AVAILABLE,08:00,22:00
580,20,2026-09-10,UNAVAILABLE,08:00,22:00
581,20,2026-09-11,AVAILABLE,08:00,22:00
582,20,2026-09-12,AVAILABLE,08:00,22:00
583,20,2026-09-13,AVAILABLE,08:00,22:00
584,20,2026-09-14,AVAILABLE,08:00,22:00
585,20,2026-09-15,AVAILABLE,08:00,22:00
586,20,2026-09-16,AVAILABLE,08:00,22:00
587,20,2026-09-17,LEAVE,08:00,22:00
588,20,2026-09-18,AVAILABLE,08:00,22:00
589,20,2026-09-19,LEAVE,08:00,22:00
590,20,2026-09-20,AVAILABLE,08:00,22:00
591,20,2026-09-21,AVAILABLE,08:00,22:00
592,20,2026-09-22,AVAILABLE,08:00,22:00
593,20,2026-09-23,AVAILABLE,08:00,22:00
594,20,2026-09-24,AVAILABLE,08:00,22:00
595,20,2026-09-25,AVAILABLE,08:00,22:00
596,20,2026-09-26,AVAILABLE,08:00,22:00
597,20,2026-09-27,AVAILABLE,08:00,22:00
598,20,2026-09-28,UNAVAILABLE,08:00,22:00
599,20,2026-09-29,AVAILABLE,08:00,22:00
600,20,2026-09-30,AVAILABLE,08:00,22:00
601,21,2026-09-01,AVAILABLE,08:00,22:00
602,21,2026-09-02,AVAILABLE,08:00,22:00
603,21,2026-09-03,AVAILABLE,08:00,22:00
604,21,2026-09-04,AVAILABLE,08:00,22:00
605,21,2026-09-05,AVAILABLE,08:00,22:00
606,21,2026-09-06,AVAILABLE,08:00,22:00
607,21,2026-09-07,AVAILABLE,08:00,22:00
608,21,2026-09-08,UNAVAILABLE,08:00,22:00
609,21,2026-09-09,AVAILABLE,08:00,22:00
610,21,2026-09-10,UNAVAILABLE,08:00,22:00
611,21,2026-09-11,AVAILABLE,08:00,22:00
612,21,2026-09-12,AVAILABLE,08:00,22:00
613,21,2026-09-13,AVAILABLE,08:00,22:00
614,21,2026-09-14,AVAILABLE,08:00,22:00
615,21,2026-09-15,AVAILABLE,08:00,22:00
616,21,2026-09-16,AVAILABLE,08:00,22:00
617,21,2026-09-17,AVAILABLE,08:00,22:00
618,21,2026-09-18,AVAILABLE,08:00,22:00
619,21,2026-09-19,AVAILABLE,08:00,22:00
620,21,2026-09-20,AVAILABLE,08:00,22:00
621,21,2026-09-21,AVAILABLE,08:00,22:00
622,21,2026-09-22,LEAVE,08:00,22:00
623,21,2026-09-23,AVAILABLE,08:00,22:00
624,21,2026-09-24,UNAVAILABLE,08:00,22:00
625,21,2026-09-25,UNAVAILABLE,08:00,22:00
626,21,2026-09-26,AVAILABLE,08:00,22:00
627,21,2026-09-27,UNAVAILABLE,08:00,22:00
628,21,2026-09-28,AVAILABLE,08:00,22:00
629,21,2026-09-29,AVAILABLE,08:00,22:00
630,21,2026-09-30,AVAILABLE,08:00,22:00
631,22,2026-09-01,AVAILABLE,08:00,22:00
632,22,2026-09-02,AVAILABLE,08:00,22:00
633,22,2026-09-03,LEAVE,08:00,22:00
634,22,2026-09-04,AVAILABLE,08:00,22:00
635,22,2026-09-05,LEAVE,08:00,22:00
636,22,2026-09-06,UNAVAILABLE,08:00,22:00
637,22,2026-09-07,AVAILABLE,08:00,22:00
638,22,2026-09-08,LEAVE,08:00,22:00
639,22,2026-09-09,LEAVE,08:00,22:00
640,22,2026-09-10,AVAILABLE,08:00,22:00
641,22,2026-09-11,AVAILABLE,08:00,22:00
642,22,2026-09-12,AVAILABLE,08:00,22:00
643,22,2026-09-13,AVAILABLE,08:00,22:00
644,22,2026-09-14,AVAILABLE,08:00,22:00
645,22,2026-09-15,AVAILABLE,08:00,22:00
646,22,2026-09-16,AVAILABLE,08:00,22:00
647,22,2026-09-17,AVAILABLE,08:00,22:00
648,22,2026-09-18,AVAILABLE,08:00,22:00
649,22,2026-09-19,UNAVAILABLE,08:00,22:00
650,22,2026-09-20,LEAVE,08:00,22:00
651,22,2026-09-21,AVAILABLE,08:00,22:00
652,22,2026-09-22,AVAILABLE,08:00,22:00
653,22,2026-09-23,AVAILABLE,08:00,22:00
654,22,2026-09-24,UNAVAILABLE,08:00,22:00
655,22,2026-09-25,AVAILABLE,08:00,22:00
656,22,2026-09-26,UNAVAILABLE,08:00,22:00
657,22,2026-09-27,AVAILABLE,08:00,22:00
658,22,2026-09-28,AVAILABLE,08:00,22:00
659,22,2026-09-29,UNAVAILABLE,08:00,22:00
660,22,2026-09-30,UNAVAILABLE,08:00,22:00
661,23,2026-09-01,AVAILABLE,08:00,22:00
662,23,2026-09-02,AVAILABLE,08:00,22:00
663,23,2026-09-03,AVAILABLE,08:00,22:00
664,23,2026-09-04,LEAVE,08:00,22:00
665,23,2026-09-05,AVAILABLE,08:00,22:00
666,23,2026-09-06,AVAILABLE,08:00,22:00
667,23,2026-09-07,AVAILABLE,08:00,22:00
668,23,2026-09-08,UNAVAILABLE,08:00,22:00
669,23,2026-09-09,AVAILABLE,08:00,22:00
670,23,2026-09-10,AVAILABLE,08:00,22:00
671,23,2026-09-11,AVAILABLE,08:00,22:00
672,23,2026-09-12,AVAILABLE,08:00,22:00
673,23,2026-09-13,LEAVE,08:00,22:00
674,23,2026-09-14,AVAILABLE,08:00,22:00
675,23,2026-09-15,AVAILABLE,08:00,22:00
676,23,2026-09-16,AVAILABLE,08:00,22:00
677,23,2026-09-17,AVAILABLE,08:00,22:00
678,23,2026-09-18,AVAILABLE,08:00,22:00
679,23,2026-09-19,AVAILABLE,08:00,22:00
680,23,2026-09-20,AVAILABLE,08:00,22:00
681,23,2026-09-21,LEAVE,08:00,22:00
682,23,2026-09-22,AVAILABLE,08:00,22:00
683,23,2026-09-23,AVAILABLE,08:00,22:00
684,23,2026-09-24,AVAILABLE,08:00,22:00
685,23,2026-09-25,LEAVE,08:00,22:00
686,23,2026-09-26,UNAVAILABLE,08:00,22:00
687,23,2026-09-27,AVAILABLE,08:00,22:00
688,23,2026-09-28,AVAILABLE,08:00,22:00
689,23,2026-09-29,AVAILABLE,08:00,22:00
690,23,2026-09-30,LEAVE,08:00,22:00
691,24,2026-09-01,AVAILABLE,08:00,22:00
692,24,2026-09-02,AVAILABLE,08:00,22:00
693,24,2026-09-03,AVAILABLE,08:00,22:00
694,24,2026-09-04,AVAILABLE,08:00,22:00
695,24,2026-09-05,UNAVAILABLE,08:00,22:00
696,24,2026-09-06,AVAILABLE,08:00,22:00
697,24,2026-09-07,AVAILABLE,08:00,22:00
698,24,2026-09-08,AVAILABLE,08:00,22:00
699,24,2026-09-09,AVAILABLE,08:00,22:00
700,24,2026-09-10,AVAILABLE,08:00,22:00
701,24,2026-09-11,AVAILABLE,08:00,22:00
702,24,2026-09-12,AVAILABLE,08:00,22:00
703,24,2026-09-13,AVAILABLE,08:00,22:00
704,24,2026-09-14,AVAILABLE,08:00,22:00
705,24,2026-09-15,AVAILABLE,08:00,22:00
706,24,2026-09-16,AVAILABLE,08:00,22:00
707,24,2026-09-17,AVAILABLE,08:00,22:00
708,24,2026-09-18,AVAILABLE,08:00,22:00
709,24,2026-09-19,UNAVAILABLE,08:00,22:00
710,24,2026-09-20,AVAILABLE,08:00,22:00
711,24,2026-09-21,AVAILABLE,08:00,22:00
712,24,2026-09-22,UNAVAILABLE,08:00,22:00
713,24,2026-09-23,AVAILABLE,08:00,22:00
714,24,2026-09-24,UNAVAILABLE,08:00,22:00
715,24,2026-09-25,AVAILABLE,08:00,22:00
716,24,2026-09-26,AVAILABLE,08:00,22:00
717,24,2026-09-27,AVAILABLE,08:00,22:00
718,24,2026-09-28,AVAILABLE,08:00,22:00
719,24,2026-09-29,AVAILABLE,08:00,22:00
720,24,2026-09-30,AVAILABLE,08:00,22:00
721,25,2026-09-01,AVAILABLE,08:00,22:00
722,25,2026-09-02,AVAILABLE,08:00,22:00
723,25,2026-09-03,AVAILABLE,08:00,22:00
724,25,2026-09-04,AVAILABLE,08:00,22:00
725,25,2026-09-05,AVAILABLE,08:00,22:00
726,25,2026-09-06,AVAILABLE,08:00,22:00
727,25,2026-09-07,AVAILABLE,08:00,22:00
728,25,2026-09-08,AVAILABLE,08:00,22:00
729,25,2026-09-09,AVAILABLE,08:00,22:00
730,25,2026-09-10,AVAILABLE,08:00,22:00
731,25,2026-09-11,AVAILABLE,08:00,22:00
732,25,2026-09-12,AVAILABLE,08:00,22:00
733,25,2026-09-13,AVAILABLE,08:00,22:00
734,25,2026-09-14,AVAILABLE,08:00,22:00
735,25,2026-09-15,LEAVE,08:00,22:00
736,25,2026-09-16,AVAILABLE,08:00,22:00
737,25,2026-09-17,AVAILABLE,08:00,22:00
738,25,2026-09-18,UNAVAILABLE,08:00,22:00
739,25,2026-09-19,AVAILABLE,08:00,22:00
740,25,2026-09-20,AVAILABLE,08:00,22:00
741,25,2026-09-21,LEAVE,08:00,22:00
742,25,2026-09-22,AVAILABLE,08:00,22:00
743,25,2026-09-23,AVAILABLE,08:00,22:00
744,25,2026-09-24,AVAILABLE,08:00,22:00
745,25,2026-09-25,AVAILABLE,08:00,22:00
746,25,2026-09-26,AVAILABLE,08:00,22:00
747,25,2026-09-27,UNAVAILABLE,08:00,22:00
748,25,2026-09-28,AVAILABLE,08:00,22:00
749,25,2026-09-29,AVAILABLE,08:00,22:00
750,25,2026-09-30,AVAILABLE,08:00,22:00
751,26,2026-09-01,AVAILABLE,08:00,22:00
752,26,2026-09-02,AVAILABLE,08:00,22:00
753,26,2026-09-03,AVAILABLE,08:00,22:00
754,26,2026-09-04,AVAILABLE,08:00,22:00
755,26,2026-09-05,AVAILABLE,08:00,22:00
756,26,2026-09-06,LEAVE,08:00,22:00
757,26,2026-09-07,AVAILABLE,08:00,22:00
758,26,2026-09-08,AVAILABLE,08:00,22:00
759,26,2026-09-09,AVAILABLE,08:00,22:00
760,26,2026-09-10,AVAILABLE,08:00,22:00
761,26,2026-09-11,AVAILABLE,08:00,22:00
762,26,2026-09-12,UNAVAILABLE,08:00,22:00
763,26,2026-09-13,AVAILABLE,08:00,22:00
764,26,2026-09-14,AVAILABLE,08:00,22:00
765,26,2026-09-15,AVAILABLE,08:00,22:00
766,26,2026-09-16,AVAILABLE,08:00,22:00
767,26,2026-09-17,AVAILABLE,08:00,22:00
768,26,2026-09-18,AVAILABLE,08:00,22:00
769,26,2026-09-19,AVAILABLE,08:00,22:00
770,26,2026-09-20,AVAILABLE,08:00,22:00
771,26,2026-09-21,AVAILABLE,08:00,22:00
772,26,2026-09-22,AVAILABLE,08:00,22:00
773,26,2026-09-23,AVAILABLE,08:00,22:00
774,26,2026-09-24,AVAILABLE,08:00,22:00
775,26,2026-09-25,AVAILABLE,08:00,22:00
776,26,2026-09-26,AVAILABLE,08:00,22:00
777,26,2026-09-27,UNAVAILABLE,08:00,22:00
778,26,2026-09-28,AVAILABLE,08:00,22:00
779,26,2026-09-29,UNAVAILABLE,08:00,22:00
780,26,2026-09-30,AVAILABLE,08:00,22:00
781,27,2026-09-01,AVAILABLE,08:00,22:00
782,27,2026-09-02,AVAILABLE,08:00,22:00
783,27,2026-09-03,AVAILABLE,08:00,22:00
784,27,2026-09-04,AVAILABLE,08:00,22:00
785,27,2026-09-05,AVAILABLE,08:00,22:00
786,27,2026-09-06,AVAILABLE,08:00,22:00
787,27,2026-09-07,AVAILABLE,08:00,22:00
788,27,2026-09-08,AVAILABLE,08:00,22:00
789,27,2026-09-09,AVAILABLE,08:00,22:00
790,27,2026-09-10,AVAILABLE,08:00,22:00
791,27,2026-09-11,AVAILABLE,08:00,22:00
792,27,2026-09-12,UNAVAILABLE,08:00,22:00
793,27,2026-09-13,AVAILABLE,08:00,22:00
794,27,2026-09-14,LEAVE,08:00,22:00
795,27,2026-09-15,AVAILABLE,08:00,22:00
796,27,2026-09-16,AVAILABLE,08:00,22:00
797,27,2026-09-17,AVAILABLE,08:00,22:00
798,27,2026-09-18,AVAILABLE,08:00,22:00
799,27,2026-09-19,AVAILABLE,08:00,22:00
800,27,2026-09-20,AVAILABLE,08:00,22:00
801,27,2026-09-21,AVAILABLE,08:00,22:00
802,27,2026-09-22,UNAVAILABLE,08:00,22:00
803,27,2026-09-23,AVAILABLE,08:00,22:00
804,27,2026-09-24,AVAILABLE,08:00,22:00
805,27,2026-09-25,AVAILABLE,08:00,22:00
806,27,2026-09-26,AVAILABLE,08:00,22:00
807,27,2026-09-27,UNAVAILABLE,08:00,22:00
808,27,2026-09-28,LEAVE,08:00,22:00
809,27,2026-09-29,AVAILABLE,08:00,22:00
810,27,2026-09-30,AVAILABLE,08:00,22:00
811,28,2026-09-01,AVAILABLE,08:00,22:00
812,28,2026-09-02,AVAILABLE,08:00,22:00
813,28,2026-09-03,UNAVAILABLE,08:00,22:00
814,28,2026-09-04,UNAVAILABLE,08:00,22:00
815,28,2026-09-05,AVAILABLE,08:00,22:00
816,28,2026-09-06,AVAILABLE,08:00,22:00
817,28,2026-09-07,AVAILABLE,08:00,22:00
818,28,2026-09-08,AVAILABLE,08:00,22:00
819,28,2026-09-09,AVAILABLE,08:00,22:00
820,28,2026-09-10,AVAILABLE,08:00,22:00
821,28,2026-09-11,UNAVAILABLE,08:00,22:00
822,28,2026-09-12,AVAILABLE,08:00,22:00
823,28,2026-09-13,AVAILABLE,08:00,22:00
824,28,2026-09-14,AVAILABLE,08:00,22:00
825,28,2026-09-15,AVAILABLE,08:00,22:00
826,28,2026-09-16,AVAILABLE,08:00,22:00
827,28,2026-09-17,AVAILABLE,08:00,22:00
828,28,2026-09-18,AVAILABLE,08:00,22:00
829,28,2026-09-19,AVAILABLE,08:00,22:00
830,28,2026-09-20,AVAILABLE,08:00,22:00
831,28,2026-09-21,AVAILABLE,08:00,22:00
832,28,2026-09-22,AVAILABLE,08:00,22:00
833,28,2026-09-23,AVAILABLE,08:00,22:00
834,28,2026-09-24,AVAILABLE,08:00,22:00
835,28,2026-09-25,AVAILABLE,08:00,22:00
836,28,2026-09-26,AVAILABLE,08:00,22:00
837,28,2026-09-27,AVAILABLE,08:00,22:00
838,28,2026-09-28,AVAILABLE,08:00,22:00
839,28,2026-09-29,AVAILABLE,08:00,22:00
840,28,2026-09-30,AVAILABLE,08:00,22:00
841,29,2026-09-01,AVAILABLE,08:00,22:00
842,29,2026-09-02,AVAILABLE,08:00,22:00
843,29,2026-09-03,AVAILABLE,08:00,22:00
844,29,2026-09-04,AVAILABLE,08:00,22:00
845,29,2026-09-05,AVAILABLE,08:00,22:00
846,29,2026-09-06,AVAILABLE,08:00,22:00
847,29,2026-09-07,AVAILABLE,08:00,22:00
848,29,2026-09-08,AVAILABLE,08:00,22:00
849,29,2026-09-09,AVAILABLE,08:00,22:00
850,29,2026-09-10,AVAILABLE,08:00,22:00
851,29,2026-09-11,AVAILABLE,08:00,22:00
852,29,2026-09-12,AVAILABLE,08:00,22:00
853,29,2026-09-13,AVAILABLE,08:00,22:00
854,29,2026-09-14,AVAILABLE,08:00,22:00
855,29,2026-09-15,AVAILABLE,08:00,22:00
856,29,2026-09-16,AVAILABLE,08:00,22:00
857,29,2026-09-17,AVAILABLE,08:00,22:00
858,29,2026-09-18,AVAILABLE,08:00,22:00
859,29,2026-09-19,AVAILABLE,08:00,22:00
860,29,2026-09-20,AVAILABLE,08:00,22:00
861,29,2026-09-21,AVAILABLE,08:00,22:00
862,29,2026-09-22,AVAILABLE,08:00,22:00
863,29,2026-09-23,AVAILABLE,08:00,22:00
864,29,2026-09-24,AVAILABLE,08:00,22:00
865,29,2026-09-25,AVAILABLE,08:00,22:00
866,29,2026-09-26,AVAILABLE,08:00,22:00
867,29,2026-09-27,UNAVAILABLE,08:00,22:00
868,29,2026-09-28,AVAILABLE,08:00,22:00
869,29,2026-09-29,AVAILABLE,08:00,22:00
870,29,2026-09-30,UNAVAILABLE,08:00,22:00
871,30,2026-09-01,AVAILABLE,08:00,22:00
872,30,2026-09-02,AVAILABLE,08:00,22:00
873,30,2026-09-03,UNAVAILABLE,08:00,22:00
874,30,2026-09-04,UNAVAILABLE,08:00,22:00
875,30,2026-09-05,AVAILABLE,08:00,22:00
876,30,2026-09-06,AVAILABLE,08:00,22:00
877,30,2026-09-07,AVAILABLE,08:00,22:00
878,30,2026-09-08,AVAILABLE,08:00,22:00
879,30,2026-09-09,AVAILABLE,08:00,22:00
880,30,2026-09-10,AVAILABLE,08:00,22:00
881,30,2026-09-11,AVAILABLE,08:00,22:00
882,30,2026-09-12,AVAILABLE,08:00,22:00
883,30,2026-09-13,AVAILABLE,08:00,22:00
884,30,2026-09-14,UNAVAILABLE,08:00,22:00
885,30,2026-09-15,UNAVAILABLE,08:00,22:00
886,30,2026-09-16,AVAILABLE,08:00,22:00
887,30,2026-09-17,UNAVAILABLE,08:00,22:00
888,30,2026-09-18,AVAILABLE,08:00,22:00
889,30,2026-09-19,AVAILABLE,08:00,22:00
890,30,2026-09-20,AVAILABLE,08:00,22:00
891,30,2026-09-21,AVAILABLE,08:00,22:00
892,30,2026-09-22,AVAILABLE,08:00,22:00
893,30,2026-09-23,AVAILABLE,08:00,22:00
894,30,2026-09-24,AVAILABLE,08:00,22:00
895,30,2026-09-25,AVAILABLE,08:00,22:00
896,30,2026-09-26,AVAILABLE,08:00,22:00
897,30,2026-09-27,AVAILABLE,08:00,22:00
898,30,2026-09-28,AVAILABLE,08:00,22:00
899,30,2026-09-29,UNAVAILABLE,08:00,22:00
900,30,2026-09-30,AVAILABLE,08:00,22:00
901,31,2026-09-01,AVAILABLE,08:00,22:00
902,31,2026-09-02,AVAILABLE,08:00,22:00
903,31,2026-09-03,AVAILABLE,08:00,22:00
904,31,2026-09-04,AVAILABLE,08:00,22:00
905,31,2026-09-05,AVAILABLE,08:00,22:00
906,31,2026-09-06,AVAILABLE,08:00,22:00
907,31,2026-09-07,AVAILABLE,08:00,22:00
908,31,2026-09-08,AVAILABLE,08:00,22:00
909,31,2026-09-09,AVAILABLE,08:00,22:00
910,31,2026-09-10,AVAILABLE,08:00,22:00
911,31,2026-09-11,AVAILABLE,08:00,22:00
912,31,2026-09-12,AVAILABLE,08:00,22:00
913,31,2026-09-13,AVAILABLE,08:00,22:00
914,31,2026-09-14,AVAILABLE,08:00,22:00
915,31,2026-09-15,AVAILABLE,08:00,22:00
916,31,2026-09-16,UNAVAILABLE,08:00,22:00
917,31,2026-09-17,AVAILABLE,08:00,22:00
918,31,2026-09-18,AVAILABLE,08:00,22:00
919,31,2026-09-19,AVAILABLE,08:00,22:00
920,31,2026-09-20,UNAVAILABLE,08:00,22:00
921,31,2026-09-21,AVAILABLE,08:00,22:00
922,31,2026-09-22,AVAILABLE,08:00,22:00
923,31,2026-09-23,AVAILABLE,08:00,22:00
924,31,2026-09-24,AVAILABLE,08:00,22:00
925,31,2026-09-25,AVAILABLE,08:00,22:00
926,31,2026-09-26,AVAILABLE,08:00,22:00
927,31,2026-09-27,AVAILABLE,08:00,22:00
928,31,2026-09-28,AVAILABLE,08:00,22:00
929,31,2026-09-29,AVAILABLE,08:00,22:00
930,31,2026-09-30,AVAILABLE,08:00,22:00
931,32,2026-09-01,AVAILABLE,08:00,22:00
932,32,2026-09-02,UNAVAILABLE,08:00,22:00
933,32,2026-09-03,AVAILABLE,08:00,22:00
934,32,2026-09-04,UNAVAILABLE,08:00,22:00
935,32,2026-09-05,UNAVAILABLE,08:00,22:00
936,32,2026-09-06,AVAILABLE,08:00,22:00
937,32,2026-09-07,AVAILABLE,08:00,22:00
938,32,2026-09-08,AVAILABLE,08:00,22:00
939,32,2026-09-09,AVAILABLE,08:00,22:00
940,32,2026-09-10,AVAILABLE,08:00,22:00
941,32,2026-09-11,UNAVAILABLE,08:00,22:00
942,32,2026-09-12,AVAILABLE,08:00,22:00
943,32,2026-09-13,AVAILABLE,08:00,22:00
944,32,2026-09-14,AVAILABLE,08:00,22:00
945,32,2026-09-15,AVAILABLE,08:00,22:00
946,32,2026-09-16,AVAILABLE,08:00,22:00
947,32,2026-09-17,AVAILABLE,08:00,22:00
948,32,2026-09-18,AVAILABLE,08:00,22:00
949,32,2026-09-19,AVAILABLE,08:00,22:00
950,32,2026-09-20,UNAVAILABLE,08:00,22:00
951,32,2026-09-21,AVAILABLE,08:00,22:00
952,32,2026-09-22,AVAILABLE,08:00,22:00
953,32,2026-09-23,AVAILABLE,08:00,22:00
954,32,2026-09-24,AVAILABLE,08:00,22:00
955,32,2026-09-25,AVAILABLE,08:00,22:00
956,32,2026-09-26,AVAILABLE,08:00,22:00
957,32,2026-09-27,AVAILABLE,08:00,22:00
958,32,2026-09-28,AVAILABLE,08:00,22:00
959,32,2026-09-29,AVAILABLE,08:00,22:00
960,32,2026-09-30,AVAILABLE,08:00,22:00
961,33,2026-09-01,AVAILABLE,08:00,22:00
962,33,2026-09-02,AVAILABLE,08:00,22:00
963,33,2026-09-03,AVAILABLE,08:00,22:00
964,33,2026-09-04,AVAILABLE,08:00,22:00
965,33,2026-09-05,AVAILABLE,08:00,22:00
966,33,2026-09-06,AVAILABLE,08:00,22:00
967,33,2026-09-07,AVAILABLE,08:00,22:00
968,33,2026-09-08,AVAILABLE,08:00,22:00
969,33,2026-09-09,AVAILABLE,08:00,22:00
970,33,2026-09-10,AVAILABLE,08:00,22:00
971,33,2026-09-11,AVAILABLE,08:00,22:00
972,33,2026-09-12,AVAILABLE,08:00,22:00
973,33,2026-09-13,UNAVAILABLE,08:00,22:00
974,33,2026-09-14,UNAVAILABLE,08:00,22:00
975,33,2026-09-15,AVAILABLE,08:00,22:00
976,33,2026-09-16,AVAILABLE,08:00,22:00
977,33,2026-09-17,AVAILABLE,08:00,22:00
978,33,2026-09-18,AVAILABLE,08:00,22:00
979,33,2026-09-19,LEAVE,08:00,22:00
980,33,2026-09-20,AVAILABLE,08:00,22:00
981,33,2026-09-21,AVAILABLE,08:00,22:00
982,33,2026-09-22,AVAILABLE,08:00,22:00
983,33,2026-09-23,UNAVAILABLE,08:00,22:00
984,33,2026-09-24,AVAILABLE,08:00,22:00
985,33,2026-09-25,AVAILABLE,08:00,22:00
986,33,2026-09-26,AVAILABLE,08:00,22:00
987,33,2026-09-27,AVAILABLE,08:00,22:00
988,33,2026-09-28,AVAILABLE,08:00,22:00
989,33,2026-09-29,UNAVAILABLE,08:00,22:00
990,33,2026-09-30,AVAILABLE,08:00,22:00
991,34,2026-09-01,AVAILABLE,08:00,22:00
992,34,2026-09-02,AVAILABLE,08:00,22:00
993,34,2026-09-03,AVAILABLE,08:00,22:00
994,34,2026-09-04,AVAILABLE,08:00,22:00
995,34,2026-09-05,AVAILABLE,08:00,22:00
996,34,2026-09-06,AVAILABLE,08:00,22:00
997,34,2026-09-07,AVAILABLE,08:00,22:00
998,34,2026-09-08,AVAILABLE,08:00,22:00
999,34,2026-09-09,LEAVE,08:00,22:00
1000,34,2026-09-10,AVAILABLE,08:00,22:00
1001,34,2026-09-11,AVAILABLE,08:00,22:00
1002,34,2026-09-12,AVAILABLE,08:00,22:00
1003,34,2026-09-13,AVAILABLE,08:00,22:00
1004,34,2026-09-14,UNAVAILABLE,08:00,22:00
1005,34,2026-09-15,AVAILABLE,08:00,22:00
1006,34,2026-09-16,AVAILABLE,08:00,22:00
1007,34,2026-09-17,UNAVAILABLE,08:00,22:00
1008,34,2026-09-18,UNAVAILABLE,08:00,22:00
1009,34,2026-09-19,AVAILABLE,08:00,22:00
1010,34,2026-09-20,AVAILABLE,08:00,22:00
1011,34,2026-09-21,AVAILABLE,08:00,22:00
1012,34,2026-09-22,AVAILABLE,08:00,22:00
1013,34,2026-09-23,AVAILABLE,08:00,22:00
1014,34,2026-09-24,AVAILABLE,08:00,22:00
1015,34,2026-09-25,UNAVAILABLE,08:00,22:00
1016,34,2026-09-26,AVAILABLE,08:00,22:00
1017,34,2026-09-27,AVAILABLE,08:00,22:00
1018,34,2026-09-28,AVAILABLE,08:00,22:00
1019,34,2026-09-29,AVAILABLE,08:00,22:00
1020,34,2026-09-30,AVAILABLE,08:00,22:00
1021,35,2026-09-01,AVAILABLE,08:00,22:00
1022,35,2026-09-02,AVAILABLE,08:00,22:00
1023,35,2026-09-03,AVAILABLE,08:00,22:00
1024,35,2026-09-04,AVAILABLE,08:00,22:00
1025,35,2026-09-05,AVAILABLE,08:00,22:00
1026,35,2026-09-06,AVAILABLE,08:00,22:00
1027,35,2026-09-07,AVAILABLE,08:00,22:00
1028,35,2026-09-08,AVAILABLE,08:00,22:00
1029,35,2026-09-09,AVAILABLE,08:00,22:00
1030,35,2026-09-10,AVAILABLE,08:00,22:00
1031,35,2026-09-11,UNAVAILABLE,08:00,22:00
1032,35,2026-09-12,AVAILABLE,08:00,22:00
1033,35,2026-09-13,LEAVE,08:00,22:00
1034,35,2026-09-14,LEAVE,08:00,22:00
1035,35,2026-09-15,AVAILABLE,08:00,22:00
1036,35,2026-09-16,AVAILABLE,08:00,22:00
1037,35,2026-09-17,AVAILABLE,08:00,22:00
1038,35,2026-09-18,AVAILABLE,08:00,22:00
1039,35,2026-09-19,LEAVE,08:00,22:00
1040,35,2026-09-20,AVAILABLE,08:00,22:00
1041,35,2026-09-21,AVAILABLE,08:00,22:00
1042,35,2026-09-22,AVAILABLE,08:00,22:00
1043,35,2026-09-23,AVAILABLE,08:00,22:00
1044,35,2026-09-24,AVAILABLE,08:00,22:00
1045,35,2026-09-25,UNAVAILABLE,08:00,22:00
1046,35,2026-09-26,AVAILABLE,08:00,22:00
1047,35,2026-09-27,AVAILABLE,08:00,22:00
1048,35,2026-09-28,UNAVAILABLE,08:00,22:00
1049,35,2026-09-29,UNAVAILABLE,08:00,22:00
1050,35,2026-09-30,AVAILABLE,08:00,22:00
1051,36,2026-09-01,AVAILABLE,08:00,22:00
1052,36,2026-09-02,AVAILABLE,08:00,22:00
1053,36,2026-09-03,UNAVAILABLE,08:00,22:00
1054,36,2026-09-04,AVAILABLE,08:00,22:00
1055,36,2026-09-05,AVAILABLE,08:00,22:00
1056,36,2026-09-06,LEAVE,08:00,22:00
1057,36,2026-09-07,AVAILABLE,08:00,22:00
1058,36,2026-09-08,AVAILABLE,08:00,22:00
1059,36,2026-09-09,AVAILABLE,08:00,22:00
1060,36,2026-09-10,AVAILABLE,08:00,22:00
1061,36,2026-09-11,AVAILABLE,08:00,22:00
1062,36,2026-09-12,AVAILABLE,08:00,22:00
1063,36,2026-09-13,AVAILABLE,08:00,22:00
1064,36,2026-09-14,LEAVE,08:00,22:00
1065,36,2026-09-15,AVAILABLE,08:00,22:00
1066,36,2026-09-16,AVAILABLE,08:00,22:00
1067,36,2026-09-17,UNAVAILABLE,08:00,22:00
1068,36,2026-09-18,UNAVAILABLE,08:00,22:00
1069,36,2026-09-19,AVAILABLE,08:00,22:00
1070,36,2026-09-20,AVAILABLE,08:00,22:00
1071,36,2026-09-21,AVAILABLE,08:00,22:00
1072,36,2026-09-22,AVAILABLE,08:00,22:00
1073,36,2026-09-23,UNAVAILABLE,08:00,22:00
1074,36,2026-09-24,AVAILABLE,08:00,22:00
1075,36,2026-09-25,AVAILABLE,08:00,22:00
1076,36,2026-09-26,AVAILABLE,08:00,22:00
1077,36,2026-09-27,AVAILABLE,08:00,22:00
1078,36,2026-09-28,AVAILABLE,08:00,22:00
1079,36,2026-09-29,AVAILABLE,08:00,22:00
1080,36,2026-09-30,AVAILABLE,08:00,22:00
1081,37,2026-09-01,UNAVAILABLE,08:00,22:00
1082,37,2026-09-02,AVAILABLE,08:00,22:00
1083,37,2026-09-03,AVAILABLE,08:00,22:00
1084,37,2026-09-04,AVAILABLE,08:00,22:00
1085,37,2026-09-05,AVAILABLE,08:00,22:00
1086,37,2026-09-06,AVAILABLE,08:00,22:00
1087,37,2026-09-07,AVAILABLE,08:00,22:00
1088,37,2026-09-08,AVAILABLE,08:00,22:00
1089,37,2026-09-09,AVAILABLE,08:00,22:00
1090,37,2026-09-10,AVAILABLE,08:00,22:00
1091,37,2026-09-11,AVAILABLE,08:00,22:00
1092,37,2026-09-12,AVAILABLE,08:00,22:00
1093,37,2026-09-13,UNAVAILABLE,08:00,22:00
1094,37,2026-09-14,AVAILABLE,08:00,22:00
1095,37,2026-09-15,AVAILABLE,08:00,22:00
1096,37,2026-09-16,AVAILABLE,08:00,22:00
1097,37,2026-09-17,AVAILABLE,08:00,22:00
1098,37,2026-09-18,AVAILABLE,08:00,22:00
1099,37,2026-09-19,AVAILABLE,08:00,22:00
1100,37,2026-09-20,AVAILABLE,08:00,22:00
1101,37,2026-09-21,AVAILABLE,08:00,22:00
1102,37,2026-09-22,AVAILABLE,08:00,22:00
1103,37,2026-09-23,AVAILABLE,08:00,22:00
1104,37,2026-09-24,AVAILABLE,08:00,22:00
1105,37,2026-09-25,LEAVE,08:00,22:00
1106,37,2026-09-26,AVAILABLE,08:00,22:00
1107,37,2026-09-27,AVAILABLE,08:00,22:00
1108,37,2026-09-28,AVAILABLE,08:00,22:00
1109,37,2026-09-29,LEAVE,08:00,22:00
1110,37,2026-09-30,AVAILABLE,08:00,22:00
1111,38,2026-09-01,AVAILABLE,08:00,22:00
1112,38,2026-09-02,AVAILABLE,08:00,22:00
1113,38,2026-09-03,AVAILABLE,08:00,22:00
1114,38,2026-09-04,LEAVE,08:00,22:00
1115,38,2026-09-05,AVAILABLE,08:00,22:00
1116,38,2026-09-06,AVAILABLE,08:00,22:00
1117,38,2026-09-07,AVAILABLE,08:00,22:00
1118,38,2026-09-08,AVAILABLE,08:00,22:00
1119,38,2026-09-09,AVAILABLE,08:00,22:00
1120,38,2026-09-10,AVAILABLE,08:00,22:00
1121,38,2026-09-11,AVAILABLE,08:00,22:00
1122,38,2026-09-12,AVAILABLE,08:00,22:00
1123,38,2026-09-13,AVAILABLE,08:00,22:00
1124,38,2026-09-14,AVAILABLE,08:00,22:00
1125,38,2026-09-15,AVAILABLE,08:00,22:00
1126,38,2026-09-16,AVAILABLE,08:00,22:00
1127,38,2026-09-17,AVAILABLE,08:00,22:00
1128,38,2026-09-18,AVAILABLE,08:00,22:00
1129,38,2026-09-19,AVAILABLE,08:00,22:00
1130,38,2026-09-20,AVAILABLE,08:00,22:00
1131,38,2026-09-21,AVAILABLE,08:00,22:00
1132,38,2026-09-22,AVAILABLE,08:00,22:00
1133,38,2026-09-23,AVAILABLE,08:00,22:00
1134,38,2026-09-24,AVAILABLE,08:00,22:00
1135,38,2026-09-25,AVAILABLE,08:00,22:00
1136,38,2026-09-26,AVAILABLE,08:00,22:00
1137,38,2026-09-27,AVAILABLE,08:00,22:00
1138,38,2026-09-28,AVAILABLE,08:00,22:00
1139,38,2026-09-29,AVAILABLE,08:00,22:00
1140,38,2026-09-30,UNAVAILABLE,08:00,22:00
1141,39,2026-09-01,AVAILABLE,08:00,22:00
1142,39,2026-09-02,LEAVE,08:00,22:00
1143,39,2026-09-03,AVAILABLE,08:00,22:00
1144,39,2026-09-04,AVAILABLE,08:00,22:00
1145,39,2026-09-05,AVAILABLE,08:00,22:00
1146,39,2026-09-06,AVAILABLE,08:00,22:00
1147,39,2026-09-07,AVAILABLE,08:00,22:00
1148,39,2026-09-08,AVAILABLE,08:00,22:00
1149,39,2026-09-09,UNAVAILABLE,08:00,22:00
1150,39,2026-09-10,AVAILABLE,08:00,22:00
1151,39,2026-09-11,AVAILABLE,08:00,22:00
1152,39,2026-09-12,AVAILABLE,08:00,22:00
1153,39,2026-09-13,UNAVAILABLE,08:00,22:00
1154,39,2026-09-14,AVAILABLE,08:00,22:00
1155,39,2026-09-15,UNAVAILABLE,08:00,22:00
1156,39,2026-09-16,AVAILABLE,08:00,22:00
1157,39,2026-09-17,LEAVE,08:00,22:00
1158,39,2026-09-18,AVAILABLE,08:00,22:00
1159,39,2026-09-19,AVAILABLE,08:00,22:00
1160,39,2026-09-20,UNAVAILABLE,08:00,22:00
1161,39,2026-09-21,AVAILABLE,08:00,22:00
1162,39,2026-09-22,AVAILABLE,08:00,22:00
1163,39,2026-09-23,AVAILABLE,08:00,22:00
1164,39,2026-09-24,AVAILABLE,08:00,22:00
1165,39,2026-09-25,AVAILABLE,08:00,22:00
1166,39,2026-09-26,UNAVAILABLE,08:00,22:00
1167,39,2026-09-27,AVAILABLE,08:00,22:00
1168,39,2026-09-28,AVAILABLE,08:00,22:00
1169,39,2026-09-29,AVAILABLE,08:00,22:00
1170,39,2026-09-30,AVAILABLE,08:00,22:00
1171,40,2026-09-01,AVAILABLE,08:00,22:00
1172,40,2026-09-02,AVAILABLE,08:00,22:00
1173,40,2026-09-03,AVAILABLE,08:00,22:00
1174,40,2026-09-04,AVAILABLE,08:00,22:00
1175,40,2026-09-05,AVAILABLE,08:00,22:00
1176,40,2026-09-06,AVAILABLE,08:00,22:00
1177,40,2026-09-07,UNAVAILABLE,08:00,22:00
1178,40,2026-09-08,AVAILABLE,08:00,22:00
1179,40,2026-09-09,LEAVE,08:00,22:00
1180,40,2026-09-10,AVAILABLE,08:00,22:00
1181,40,2026-09-11,LEAVE,08:00,22:00
1182,40,2026-09-12,LEAVE,08:00,22:00
1183,40,2026-09-13,AVAILABLE,08:00,22:00
1184,40,2026-09-14,AVAILABLE,08:00,22:00
1185,40,2026-09-15,AVAILABLE,08:00,22:00
1186,40,2026-09-16,AVAILABLE,08:00,22:00
1187,40,2026-09-17,AVAILABLE,08:00,22:00
1188,40,2026-09-18,LEAVE,08:00,22:00
1189,40,2026-09-19,AVAILABLE,08:00,22:00
1190,40,2026-09-20,AVAILABLE,08:00,22:00
1191,40,2026-09-21,AVAILABLE,08:00,22:00
1192,40,2026-09-22,AVAILABLE,08:00,22:00
1193,40,2026-09-23,AVAILABLE,08:00,22:00
1194,40,2026-09-24,AVAILABLE,08:00,22:00
1195,40,2026-09-25,AVAILABLE,08:00,22:00
1196,40,2026-09-26,AVAILABLE,08:00,22:00
1197,40,2026-09-27,AVAILABLE,08:00,22:00
1198,40,2026-09-28,AVAILABLE,08:00,22:00
1199,40,2026-09-29,AVAILABLE,08:00,22:00
1200,40,2026-09-30,LEAVE,08:00,22:00
1201,41,2026-09-01,AVAILABLE,08:00,22:00
1202,41,2026-09-02,AVAILABLE,08:00,22:00
1203,41,2026-09-03,AVAILABLE,08:00,22:00
1204,41,2026-09-04,AVAILABLE,08:00,22:00
1205,41,2026-09-05,AVAILABLE,08:00,22:00
1206,41,2026-09-06,AVAILABLE,08:00,22:00
1207,41,2026-09-07,AVAILABLE,08:00,22:00
1208,41,2026-09-08,AVAILABLE,08:00,22:00
1209,41,2026-09-09,AVAILABLE,08:00,22:00
1210,41,2026-09-10,AVAILABLE,08:00,22:00
1211,41,2026-09-11,AVAILABLE,08:00,22:00
1212,41,2026-09-12,AVAILABLE,08:00,22:00
1213,41,2026-09-13,AVAILABLE,08:00,22:00
1214,41,2026-09-14,AVAILABLE,08:00,22:00
1215,41,2026-09-15,AVAILABLE,08:00,22:00
1216,41,2026-09-16,LEAVE,08:00,22:00
1217,41,2026-09-17,AVAILABLE,08:00,22:00
1218,41,2026-09-18,UNAVAILABLE,08:00,22:00
1219,41,2026-09-19,AVAILABLE,08:00,22:00
1220,41,2026-09-20,AVAILABLE,08:00,22:00
1221,41,2026-09-21,UNAVAILABLE,08:00,22:00
1222,41,2026-09-22,AVAILABLE,08:00,22:00
1223,41,2026-09-23,UNAVAILABLE,08:00,22:00
1224,41,2026-09-24,AVAILABLE,08:00,22:00
1225,41,2026-09-25,AVAILABLE,08:00,22:00
1226,41,2026-09-26,AVAILABLE,08:00,22:00
1227,41,2026-09-27,UNAVAILABLE,08:00,22:00
1228,41,2026-09-28,AVAILABLE,08:00,22:00
1229,41,2026-09-29,AVAILABLE,08:00,22:00
1230,41,2026-09-30,AVAILABLE,08:00,22:00
1231,42,2026-09-01,AVAILABLE,08:00,22:00
1232,42,2026-09-02,UNAVAILABLE,08:00,22:00
1233,42,2026-09-03,UNAVAILABLE,08:00,22:00
1234,42,2026-09-04,AVAILABLE,08:00,22:00
1235,42,2026-09-05,UNAVAILABLE,08:00,22:00
1236,42,2026-09-06,AVAILABLE,08:00,22:00
1237,42,2026-09-07,AVAILABLE,08:00,22:00
1238,42,2026-09-08,AVAILABLE,08:00,22:00
1239,42,2026-09-09,AVAILABLE,08:00,22:00
1240,42,2026-09-10,AVAILABLE,08:00,22:00
1241,42,2026-09-11,AVAILABLE,08:00,22:00
1242,42,2026-09-12,AVAILABLE,08:00,22:00
1243,42,2026-09-13,AVAILABLE,08:00,22:00
1244,42,2026-09-14,AVAILABLE,08:00,22:00
1245,42,2026-09-15,AVAILABLE,08:00,22:00
1246,42,2026-09-16,AVAILABLE,08:00,22:00
1247,42,2026-09-17,AVAILABLE,08:00,22:00
1248,42,2026-09-18,AVAILABLE,08:00,22:00
1249,42,2026-09-19,AVAILABLE,08:00,22:00
1250,42,2026-09-20,AVAILABLE,08:00,22:00
1251,42,2026-09-21,LEAVE,08:00,22:00
1252,42,2026-09-22,AVAILABLE,08:00,22:00
1253,42,2026-09-23,AVAILABLE,08:00,22:00
1254,42,2026-09-24,AVAILABLE,08:00,22:00
1255,42,2026-09-25,UNAVAILABLE,08:00,22:00
1256,42,2026-09-26,AVAILABLE,08:00,22:00
1257,42,2026-09-27,LEAVE,08:00,22:00
1258,42,2026-09-28,AVAILABLE,08:00,22:00
1259,42,2026-09-29,AVAILABLE,08:00,22:00
1260,42,2026-09-30,AVAILABLE,08:00,22:00
1261,43,2026-09-01,AVAILABLE,08:00,22:00
1262,43,2026-09-02,UNAVAILABLE,08:00,22:00
1263,43,2026-09-03,AVAILABLE,08:00,22:00
1264,43,2026-09-04,AVAILABLE,08:00,22:00
1265,43,2026-09-05,AVAILABLE,08:00,22:00
1266,43,2026-09-06,LEAVE,08:00,22:00
1267,43,2026-09-07,AVAILABLE,08:00,22:00
1268,43,2026-09-08,UNAVAILABLE,08:00,22:00
1269,43,2026-09-09,AVAILABLE,08:00,22:00
1270,43,2026-09-10,AVAILABLE,08:00,22:00
1271,43,2026-09-11,AVAILABLE,08:00,22:00
1272,43,2026-09-12,AVAILABLE,08:00,22:00
1273,43,2026-09-13,AVAILABLE,08:00,22:00
1274,43,2026-09-14,AVAILABLE,08:00,22:00
1275,43,2026-09-15,AVAILABLE,08:00,22:00
1276,43,2026-09-16,LEAVE,08:00,22:00
1277,43,2026-09-17,UNAVAILABLE,08:00,22:00
1278,43,2026-09-18,UNAVAILABLE,08:00,22:00
1279,43,2026-09-19,AVAILABLE,08:00,22:00
1280,43,2026-09-20,AVAILABLE,08:00,22:00
1281,43,2026-09-21,AVAILABLE,08:00,22:00
1282,43,2026-09-22,AVAILABLE,08:00,22:00
1283,43,2026-09-23,AVAILABLE,08:00,22:00
1284,43,2026-09-24,AVAILABLE,08:00,22:00
1285,43,2026-09-25,AVAILABLE,08:00,22:00
1286,43,2026-09-26,AVAILABLE,08:00,22:00
1287,43,2026-09-27,LEAVE,08:00,22:00
1288,43,2026-09-28,AVAILABLE,08:00,22:00
1289,43,2026-09-29,AVAILABLE,08:00,22:00
1290,43,2026-09-30,AVAILABLE,08:00,22:00
1291,44,2026-09-01,AVAILABLE,08:00,22:00
1292,44,2026-09-02,UNAVAILABLE,08:00,22:00
1293,44,2026-09-03,AVAILABLE,08:00,22:00
1294,44,2026-09-04,UNAVAILABLE,08:00,22:00
1295,44,2026-09-05,AVAILABLE,08:00,22:00
1296,44,2026-09-06,AVAILABLE,08:00,22:00
1297,44,2026-09-07,AVAILABLE,08:00,22:00
1298,44,2026-09-08,AVAILABLE,08:00,22:00
1299,44,2026-09-09,AVAILABLE,08:00,22:00
1300,44,2026-09-10,AVAILABLE,08:00,22:00
1301,44,2026-09-11,AVAILABLE,08:00,22:00
1302,44,2026-09-12,AVAILABLE,08:00,22:00
1303,44,2026-09-13,AVAILABLE,08:00,22:00
1304,44,2026-09-14,AVAILABLE,08:00,22:00
1305,44,2026-09-15,AVAILABLE,08:00,22:00
1306,44,2026-09-16,LEAVE,08:00,22:00
1307,44,2026-09-17,AVAILABLE,08:00,22:00
1308,44,2026-09-18,AVAILABLE,08:00,22:00
1309,44,2026-09-19,AVAILABLE,08:00,22:00
1310,44,2026-09-20,AVAILABLE,08:00,22:00
1311,44,2026-09-21,AVAILABLE,08:00,22:00
1312,44,2026-09-22,AVAILABLE,08:00,22:00
1313,44,2026-09-23,AVAILABLE,08:00,22:00
1314,44,2026-09-24,AVAILABLE,08:00,22:00
1315,44,2026-09-25,AVAILABLE,08:00,22:00
1316,44,2026-09-26,AVAILABLE,08:00,22:00
1317,44,2026-09-27,AVAILABLE,08:00,22:00
1318,44,2026-09-28,AVAILABLE,08:00,22:00
1319,44,2026-09-29,AVAILABLE,08:00,22:00
1320,44,2026-09-30,UNAVAILABLE,08:00,22:00
1321,45,2026-09-01,LEAVE,08:00,22:00
1322,45,2026-09-02,AVAILABLE,08:00,22:00
1323,45,2026-09-03,AVAILABLE,08:00,22:00
1324,45,2026-09-04,AVAILABLE,08:00,22:00
1325,45,2026-09-05,AVAILABLE,08:00,22:00
1326,45,2026-09-06,AVAILABLE,08:00,22:00
1327,45,2026-09-07,AVAILABLE,08:00,22:00
1328,45,2026-09-08,AVAILABLE,08:00,22:00
1329,45,2026-09-09,AVAILABLE,08:00,22:00
1330,45,2026-09-10,AVAILABLE,08:00,22:00
1331,45,2026-09-11,AVAILABLE,08:00,22:00
1332,45,2026-09-12,AVAILABLE,08:00,22:00
1333,45,2026-09-13,AVAILABLE,08:00,22:00
1334,45,2026-09-14,UNAVAILABLE,08:00,22:00
1335,45,2026-09-15,AVAILABLE,08:00,22:00
1336,45,2026-09-16,AVAILABLE,08:00,22:00
1337,45,2026-09-17,AVAILABLE,08:00,22:00
1338,45,2026-09-18,AVAILABLE,08:00,22:00
1339,45,2026-09-19,AVAILABLE,08:00,22:00
1340,45,2026-09-20,AVAILABLE,08:00,22:00
1341,45,2026-09-21,AVAILABLE,08:00,22:00
1342,45,2026-09-22,AVAILABLE,08:00,22:00
1343,45,2026-09-23,AVAILABLE,08:00,22:00
1344,45,2026-09-24,AVAILABLE,08:00,22:00
1345,45,2026-09-25,LEAVE,08:00,22:00
1346,45,2026-09-26,AVAILABLE,08:00,22:00
1347,45,2026-09-27,LEAVE,08:00,22:00
1348,45,2026-09-28,AVAILABLE,08:00,22:00
1349,45,2026-09-29,AVAILABLE,08:00,22:00
1350,45,2026-09-30,AVAILABLE,08:00,22:00
1351,46,2026-09-01,AVAILABLE,08:00,22:00
1352,46,2026-09-02,UNAVAILABLE,08:00,22:00
1353,46,2026-09-03,AVAILABLE,08:00,22:00
1354,46,2026-09-04,AVAILABLE,08:00,22:00
1355,46,2026-09-05,AVAILABLE,08:00,22:00
1356,46,2026-09-06,UNAVAILABLE,08:00,22:00
1357,46,2026-09-07,AVAILABLE,08:00,22:00
1358,46,2026-09-08,UNAVAILABLE,08:00,22:00
1359,46,2026-09-09,AVAILABLE,08:00,22:00
1360,46,2026-09-10,AVAILABLE,08:00,22:00
1361,46,2026-09-11,AVAILABLE,08:00,22:00
1362,46,2026-09-12,AVAILABLE,08:00,22:00
1363,46,2026-09-13,AVAILABLE,08:00,22:00
1364,46,2026-09-14,AVAILABLE,08:00,22:00
1365,46,2026-09-15,AVAILABLE,08:00,22:00
1366,46,2026-09-16,AVAILABLE,08:00,22:00
1367,46,2026-09-17,AVAILABLE,08:00,22:00
1368,46,2026-09-18,AVAILABLE,08:00,22:00
1369,46,2026-09-19,AVAILABLE,08:00,22:00
1370,46,2026-09-20,LEAVE,08:00,22:00
1371,46,2026-09-21,AVAILABLE,08:00,22:00
1372,46,2026-09-22,AVAILABLE,08:00,22:00
1373,46,2026-09-23,LEAVE,08:00,22:00
1374,46,2026-09-24,AVAILABLE,08:00,22:00
1375,46,2026-09-25,AVAILABLE,08:00,22:00
1376,46,2026-09-26,AVAILABLE,08:00,22:00
1377,46,2026-09-27,UNAVAILABLE,08:00,22:00
1378,46,2026-09-28,AVAILABLE,08:00,22:00
1379,46,2026-09-29,AVAILABLE,08:00,22:00
1380,46,2026-09-30,AVAILABLE,08:00,22:00
1381,47,2026-09-01,AVAILABLE,08:00,22:00
1382,47,2026-09-02,AVAILABLE,08:00,22:00
1383,47,2026-09-03,AVAILABLE,08:00,22:00
1384,47,2026-09-04,AVAILABLE,08:00,22:00
1385,47,2026-09-05,AVAILABLE,08:00,22:00
1386,47,2026-09-06,AVAILABLE,08:00,22:00
1387,47,2026-09-07,AVAILABLE,08:00,22:00
1388,47,2026-09-08,AVAILABLE,08:00,22:00
1389,47,2026-09-09,AVAILABLE,08:00,22:00
1390,47,2026-09-10,AVAILABLE,08:00,22:00
1391,47,2026-09-11,AVAILABLE,08:00,22:00
1392,47,2026-09-12,LEAVE,08:00,22:00
1393,47,2026-09-13,AVAILABLE,08:00,22:00
1394,47,2026-09-14,AVAILABLE,08:00,22:00
1395,47,2026-09-15,AVAILABLE,08:00,22:00
1396,47,2026-09-16,UNAVAILABLE,08:00,22:00
1397,47,2026-09-17,AVAILABLE,08:00,22:00
1398,47,2026-09-18,AVAILABLE,08:00,22:00
1399,47,2026-09-19,AVAILABLE,08:00,22:00
1400,47,2026-09-20,AVAILABLE,08:00,22:00
1401,47,2026-09-21,AVAILABLE,08:00,22:00
1402,47,2026-09-22,AVAILABLE,08:00,22:00
1403,47,2026-09-23,LEAVE,08:00,22:00
1404,47,2026-09-24,AVAILABLE,08:00,22:00
1405,47,2026-09-25,AVAILABLE,08:00,22:00
1406,47,2026-09-26,AVAILABLE,08:00,22:00
1407,47,2026-09-27,AVAILABLE,08:00,22:00
1408,47,2026-09-28,AVAILABLE,08:00,22:00
1409,47,2026-09-29,AVAILABLE,08:00,22:00
1410,47,2026-09-30,LEAVE,08:00,22:00
1411,48,2026-09-01,AVAILABLE,08:00,22:00
1412,48,2026-09-02,AVAILABLE,08:00,22:00
1413,48,2026-09-03,AVAILABLE,08:00,22:00
1414,48,2026-09-04,AVAILABLE,08:00,22:00
1415,48,2026-09-05,AVAILABLE,08:00,22:00
1416,48,2026-09-06,AVAILABLE,08:00,22:00
1417,48,2026-09-07,AVAILABLE,08:00,22:00
1418,48,2026-09-08,AVAILABLE,08:00,22:00
1419,48,2026-09-09,UNAVAILABLE,08:00,22:00
1420,48,2026-09-10,AVAILABLE,08:00,22:00
1421,48,2026-09-11,AVAILABLE,08:00,22:00
1422,48,2026-09-12,AVAILABLE,08:00,22:00
1423,48,2026-09-13,LEAVE,08:00,22:00
1424,48,2026-09-14,AVAILABLE,08:00,22:00
1425,48,2026-09-15,AVAILABLE,08:00,22:00
1426,48,2026-09-16,AVAILABLE,08:00,22:00
1427,48,2026-09-17,AVAILABLE,08:00,22:00
1428,48,2026-09-18,AVAILABLE,08:00,22:00
1429,48,2026-09-19,AVAILABLE,08:00,22:00
1430,48,2026-09-20,AVAILABLE,08:00,22:00
1431,48,2026-09-21,UNAVAILABLE,08:00,22:00
1432,48,2026-09-22,UNAVAILABLE,08:00,22:00
1433,48,2026-09-23,AVAILABLE,08:00,22:00
1434,48,2026-09-24,AVAILABLE,08:00,22:00
1435,48,2026-09-25,AVAILABLE,08:00,22:00
1436,48,2026-09-26,AVAILABLE,08:00,22:00
1437,48,2026-09-27,AVAILABLE,08:00,22:00
1438,48,2026-09-28,AVAILABLE,08:00,22:00
1439,48,2026-09-29,AVAILABLE,08:00,22:00
1440,48,2026-09-30,AVAILABLE,08:00,22:00
1441,49,2026-09-01,AVAILABLE,08:00,22:00
1442,49,2026-09-02,UNAVAILABLE,08:00,22:00
1443,49,2026-09-03,AVAILABLE,08:00,22:00
1444,49,2026-09-04,AVAILABLE,08:00,22:00
1445,49,2026-09-05,AVAILABLE,08:00,22:00
1446,49,2026-09-06,AVAILABLE,08:00,22:00
1447,49,2026-09-07,AVAILABLE,08:00,22:00
1448,49,2026-09-08,AVAILABLE,08:00,22:00
1449,49,2026-09-09,AVAILABLE,08:00,22:00
1450,49,2026-09-10,AVAILABLE,08:00,22:00
1451,49,2026-09-11,AVAILABLE,08:00,22:00
1452,49,2026-09-12,AVAILABLE,08:00,22:00
1453,49,2026-09-13,AVAILABLE,08:00,22:00
1454,49,2026-09-14,LEAVE,08:00,22:00
1455,49,2026-09-15,AVAILABLE,08:00,22:00
1456,49,2026-09-16,AVAILABLE,08:00,22:00
1457,49,2026-09-17,AVAILABLE,08:00,22:00
1458,49,2026-09-18,AVAILABLE,08:00,22:00
1459,49,2026-09-19,AVAILABLE,08:00,22:00
1460,49,2026-09-20,AVAILABLE,08:00,22:00
1461,49,2026-09-21,UNAVAILABLE,08:00,22:00
1462,49,2026-09-22,AVAILABLE,08:00,22:00
1463,49,2026-09-23,AVAILABLE,08:00,22:00
1464,49,2026-09-24,AVAILABLE,08:00,22:00
1465,49,2026-09-25,AVAILABLE,08:00,22:00
1466,49,2026-09-26,AVAILABLE,08:00,22:00
1467,49,2026-09-27,LEAVE,08:00,22:00
1468,49,2026-09-28,AVAILABLE,08:00,22:00
1469,49,2026-09-29,LEAVE,08:00,22:00
1470,49,2026-09-30,AVAILABLE,08:00,22:00
1471,50,2026-09-01,AVAILABLE,08:00,22:00
1472,50,2026-09-02,AVAILABLE,08:00,22:00
1473,50,2026-09-03,AVAILABLE,08:00,22:00
1474,50,2026-09-04,AVAILABLE,08:00,22:00
1475,50,2026-09-05,AVAILABLE,08:00,22:00
1476,50,2026-09-06,AVAILABLE,08:00,22:00
1477,50,2026-09-07,AVAILABLE,08:00,22:00
1478,50,2026-09-08,AVAILABLE,08:00,22:00
1479,50,2026-09-09,AVAILABLE,08:00,22:00
1480,50,2026-09-10,UNAVAILABLE,08:00,22:00
1481,50,2026-09-11,AVAILABLE,08:00,22:00
1482,50,2026-09-12,AVAILABLE,08:00,22:00
1483,50,2026-09-13,AVAILABLE,08:00,22:00
1484,50,2026-09-14,AVAILABLE,08:00,22:00
1485,50,2026-09-15,AVAILABLE,08:00,22:00
1486,50,2026-09-16,AVAILABLE,08:00,22:00
1487,50,2026-09-17,AVAILABLE,08:00,22:00
1488,50,2026-09-18,AVAILABLE,08:00,22:00
1489,50,2026-09-19,AVAILABLE,08:00,22:00
1490,50,2026-09-20,AVAILABLE,08:00,22:00
1491,50,2026-09-21,AVAILABLE,08:00,22:00
1492,50,2026-09-22,AVAILABLE,08:00,22:00
1493,50,2026-09-23,AVAILABLE,08:00,22:00
1494,50,2026-09-24,AVAILABLE,08:00,22:00
1495,50,2026-09-25,AVAILABLE,08:00,22:00
1496,50,2026-09-26,UNAVAILABLE,08:00,22:00
1497,50,2026-09-27,AVAILABLE,08:00,22:00
1498,50,2026-09-28,UNAVAILABLE,08:00,22:00
1499,50,2026-09-29,UNAVAILABLE,08:00,22:00
1500,50,2026-09-30,AVAILABLE,08:00,22:00
1501,51,2026-09-01,AVAILABLE,08:00,22:00
1502,51,2026-09-02,LEAVE,08:00,22:00
1503,51,2026-09-03,AVAILABLE,08:00,22:00
1504,51,2026-09-04,AVAILABLE,08:00,22:00
1505,51,2026-09-05,UNAVAILABLE,08:00,22:00
1506,51,2026-09-06,AVAILABLE,08:00,22:00
1507,51,2026-09-07,AVAILABLE,08:00,22:00
1508,51,2026-09-08,AVAILABLE,08:00,22:00
1509,51,2026-09-09,AVAILABLE,08:00,22:00
1510,51,2026-09-10,UNAVAILABLE,08:00,22:00
1511,51,2026-09-11,UNAVAILABLE,08:00,22:00
1512,51,2026-09-12,AVAILABLE,08:00,22:00
1513,51,2026-09-13,UNAVAILABLE,08:00,22:00
1514,51,2026-09-14,AVAILABLE,08:00,22:00
1515,51,2026-09-15,UNAVAILABLE,08:00,22:00
1516,51,2026-09-16,LEAVE,08:00,22:00
1517,51,2026-09-17,AVAILABLE,08:00,22:00
1518,51,2026-09-18,AVAILABLE,08:00,22:00
1519,51,2026-09-19,UNAVAILABLE,08:00,22:00
1520,51,2026-09-20,LEAVE,08:00,22:00
1521,51,2026-09-21,UNAVAILABLE,08:00,22:00
1522,51,2026-09-22,UNAVAILABLE,08:00,22:00
1523,51,2026-09-23,AVAILABLE,08:00,22:00
1524,51,2026-09-24,AVAILABLE,08:00,22:00
1525,51,2026-09-25,AVAILABLE,08:00,22:00
1526,51,2026-09-26,LEAVE,08:00,22:00
1527,51,2026-09-27,AVAILABLE,08:00,22:00
1528,51,2026-09-28,LEAVE,08:00,22:00
1529,51,2026-09-29,AVAILABLE,08:00,22:00
1530,51,2026-09-30,AVAILABLE,08:00,22:00
1531,52,2026-09-01,UNAVAILABLE,08:00,22:00
1532,52,2026-09-02,UNAVAILABLE,08:00,22:00
1533,52,2026-09-03,AVAILABLE,08:00,22:00
1534,52,2026-09-04,AVAILABLE,08:00,22:00
1535,52,2026-09-05,AVAILABLE,08:00,22:00
1536,52,2026-09-06,AVAILABLE,08:00,22:00
1537,52,2026-09-07,AVAILABLE,08:00,22:00
1538,52,2026-09-08,AVAILABLE,08:00,22:00
1539,52,2026-09-09,AVAILABLE,08:00,22:00
1540,52,2026-09-10,AVAILABLE,08:00,22:00
1541,52,2026-09-11,AVAILABLE,08:00,22:00
1542,52,2026-09-12,AVAILABLE,08:00,22:00
1543,52,2026-09-13,AVAILABLE,08:00,22:00
1544,52,2026-09-14,AVAILABLE,08:00,22:00
1545,52,2026-09-15,UNAVAILABLE,08:00,22:00
1546,52,2026-09-16,UNAVAILABLE,08:00,22:00
1547,52,2026-09-17,UNAVAILABLE,08:00,22:00
1548,52,2026-09-18,AVAILABLE,08:00,22:00
1549,52,2026-09-19,AVAILABLE,08:00,22:00
1550,52,2026-09-20,AVAILABLE,08:00,22:00
1551,52,2026-09-21,AVAILABLE,08:00,22:00
1552,52,2026-09-22,AVAILABLE,08:00,22:00
1553,52,2026-09-23,AVAILABLE,08:00,22:00
1554,52,2026-09-24,AVAILABLE,08:00,22:00
1555,52,2026-09-25,AVAILABLE,08:00,22:00
1556,52,2026-09-26,AVAILABLE,08:00,22:00
1557,52,2026-09-27,AVAILABLE,08:00,22:00
1558,52,2026-09-28,LEAVE,08:00,22:00
1559,52,2026-09-29,AVAILABLE,08:00,22:00
1560,52,2026-09-30,AVAILABLE,08:00,22:00
1561,53,2026-09-01,AVAILABLE,08:00,22:00
1562,53,2026-09-02,AVAILABLE,08:00,22:00
1563,53,2026-09-03,AVAILABLE,08:00,22:00
1564,53,2026-09-04,AVAILABLE,08:00,22:00
1565,53,2026-09-05,AVAILABLE,08:00,22:00
1566,53,2026-09-06,AVAILABLE,08:00,22:00
1567,53,2026-09-07,AVAILABLE,08:00,22:00
1568,53,2026-09-08,AVAILABLE,08:00,22:00
1569,53,2026-09-09,UNAVAILABLE,08:00,22:00
1570,53,2026-09-10,AVAILABLE,08:00,22:00
1571,53,2026-09-11,AVAILABLE,08:00,22:00
1572,53,2026-09-12,AVAILABLE,08:00,22:00
1573,53,2026-09-13,UNAVAILABLE,08:00,22:00
1574,53,2026-09-14,AVAILABLE,08:00,22:00
1575,53,2026-09-15,AVAILABLE,08:00,22:00
1576,53,2026-09-16,AVAILABLE,08:00,22:00
1577,53,2026-09-17,AVAILABLE,08:00,22:00
1578,53,2026-09-18,AVAILABLE,08:00,22:00
1579,53,2026-09-19,AVAILABLE,08:00,22:00
1580,53,2026-09-20,AVAILABLE,08:00,22:00
1581,53,2026-09-21,AVAILABLE,08:00,22:00
1582,53,2026-09-22,AVAILABLE,08:00,22:00
1583,53,2026-09-23,AVAILABLE,08:00,22:00
1584,53,2026-09-24,AVAILABLE,08:00,22:00
1585,53,2026-09-25,AVAILABLE,08:00,22:00
1586,53,2026-09-26,AVAILABLE,08:00,22:00
1587,53,2026-09-27,AVAILABLE,08:00,22:00
1588,53,2026-09-28,AVAILABLE,08:00,22:00
1589,53,2026-09-29,UNAVAILABLE,08:00,22:00
1590,53,2026-09-30,AVAILABLE,08:00,22:00
1591,54,2026-09-01,AVAILABLE,08:00,22:00
1592,54,2026-09-02,AVAILABLE,08:00,22:00
1593,54,2026-09-03,AVAILABLE,08:00,22:00
1594,54,2026-09-04,AVAILABLE,08:00,22:00
1595,54,2026-09-05,AVAILABLE,08:00,22:00
1596,54,2026-09-06,AVAILABLE,08:00,22:00
1597,54,2026-09-07,AVAILABLE,08:00,22:00
1598,54,2026-09-08,AVAILABLE,08:00,22:00
1599,54,2026-09-09,AVAILABLE,08:00,22:00
1600,54,2026-09-10,AVAILABLE,08:00,22:00
1601,54,2026-09-11,AVAILABLE,08:00,22:00
1602,54,2026-09-12,AVAILABLE,08:00,22:00
1603,54,2026-09-13,AVAILABLE,08:00,22:00
1604,54,2026-09-14,AVAILABLE,08:00,22:00
1605,54,2026-09-15,AVAILABLE,08:00,22:00
1606,54,2026-09-16,AVAILABLE,08:00,22:00
1607,54,2026-09-17,AVAILABLE,08:00,22:00
1608,54,2026-09-18,AVAILABLE,08:00,22:00
1609,54,2026-09-19,AVAILABLE,08:00,22:00
1610,54,2026-09-20,AVAILABLE,08:00,22:00
1611,54,2026-09-21,AVAILABLE,08:00,22:00
1612,54,2026-09-22,AVAILABLE,08:00,22:00
1613,54,2026-09-23,AVAILABLE,08:00,22:00
1614,54,2026-09-24,AVAILABLE,08:00,22:00
1615,54,2026-09-25,AVAILABLE,08:00,22:00
1616,54,2026-09-26,AVAILABLE,08:00,22:00
1617,54,2026-09-27,AVAILABLE,08:00,22:00
1618,54,2026-09-28,AVAILABLE,08:00,22:00
1619,54,2026-09-29,AVAILABLE,08:00,22:00
1620,54,2026-09-30,AVAILABLE,08:00,22:00
1621,55,2026-09-01,AVAILABLE,08:00,22:00
1622,55,2026-09-02,LEAVE,08:00,22:00
1623,55,2026-09-03,UNAVAILABLE,08:00,22:00
1624,55,2026-09-04,AVAILABLE,08:00,22:00
1625,55,2026-09-05,UNAVAILABLE,08:00,22:00
1626,55,2026-09-06,AVAILABLE,08:00,22:00
1627,55,2026-09-07,AVAILABLE,08:00,22:00
1628,55,2026-09-08,AVAILABLE,08:00,22:00
1629,55,2026-09-09,AVAILABLE,08:00,22:00
1630,55,2026-09-10,LEAVE,08:00,22:00
1631,55,2026-09-11,AVAILABLE,08:00,22:00
1632,55,2026-09-12,AVAILABLE,08:00,22:00
1633,55,2026-09-13,LEAVE,08:00,22:00
1634,55,2026-09-14,AVAILABLE,08:00,22:00
1635,55,2026-09-15,UNAVAILABLE,08:00,22:00
1636,55,2026-09-16,UNAVAILABLE,08:00,22:00
1637,55,2026-09-17,AVAILABLE,08:00,22:00
1638,55,2026-09-18,AVAILABLE,08:00,22:00
1639,55,2026-09-19,AVAILABLE,08:00,22:00
1640,55,2026-09-20,AVAILABLE,08:00,22:00
1641,55,2026-09-21,AVAILABLE,08:00,22:00
1642,55,2026-09-22,AVAILABLE,08:00,22:00
1643,55,2026-09-23,AVAILABLE,08:00,22:00
1644,55,2026-09-24,AVAILABLE,08:00,22:00
1645,55,2026-09-25,AVAILABLE,08:00,22:00
1646,55,2026-09-26,AVAILABLE,08:00,22:00
1647,55,2026-09-27,AVAILABLE,08:00,22:00
1648,55,2026-09-28,AVAILABLE,08:00,22:00
1649,55,2026-09-29,AVAILABLE,08:00,22:00
1650,55,2026-09-30,AVAILABLE,08:00,22:00
1651,56,2026-09-01,AVAILABLE,08:00,22:00
1652,56,2026-09-02,AVAILABLE,08:00,22:00
1653,56,2026-09-03,AVAILABLE,08:00,22:00
1654,56,2026-09-04,UNAVAILABLE,08:00,22:00
1655,56,2026-09-05,AVAILABLE,08:00,22:00
1656,56,2026-09-06,AVAILABLE,08:00,22:00
1657,56,2026-09-07,AVAILABLE,08:00,22:00
1658,56,2026-09-08,UNAVAILABLE,08:00,22:00
1659,56,2026-09-09,AVAILABLE,08:00,22:00
1660,56,2026-09-10,AVAILABLE,08:00,22:00
1661,56,2026-09-11,AVAILABLE,08:00,22:00
1662,56,2026-09-12,AVAILABLE,08:00,22:00
1663,56,2026-09-13,AVAILABLE,08:00,22:00
1664,56,2026-09-14,UNAVAILABLE,08:00,22:00
1665,56,2026-09-15,AVAILABLE,08:00,22:00
1666,56,2026-09-16,AVAILABLE,08:00,22:00
1667,56,2026-09-17,AVAILABLE,08:00,22:00
1668,56,2026-09-18,AVAILABLE,08:00,22:00
1669,56,2026-09-19,AVAILABLE,08:00,22:00
1670,56,2026-09-20,AVAILABLE,08:00,22:00
1671,56,2026-09-21,AVAILABLE,08:00,22:00
1672,56,2026-09-22,AVAILABLE,08:00,22:00
1673,56,2026-09-23,AVAILABLE,08:00,22:00
1674,56,2026-09-24,AVAILABLE,08:00,22:00
1675,56,2026-09-25,AVAILABLE,08:00,22:00
1676,56,2026-09-26,UNAVAILABLE,08:00,22:00
1677,56,2026-09-27,AVAILABLE,08:00,22:00
1678,56,2026-09-28,AVAILABLE,08:00,22:00
1679,56,2026-09-29,AVAILABLE,08:00,22:00
1680,56,2026-09-30,AVAILABLE,08:00,22:00
1681,57,2026-09-01,AVAILABLE,08:00,22:00
1682,57,2026-09-02,AVAILABLE,08:00,22:00
1683,57,2026-09-03,AVAILABLE,08:00,22:00
1684,57,2026-09-04,AVAILABLE,08:00,22:00
1685,57,2026-09-05,AVAILABLE,08:00,22:00
1686,57,2026-09-06,AVAILABLE,08:00,22:00
1687,57,2026-09-07,AVAILABLE,08:00,22:00
1688,57,2026-09-08,AVAILABLE,08:00,22:00
1689,57,2026-09-09,AVAILABLE,08:00,22:00
1690,57,2026-09-10,AVAILABLE,08:00,22:00
1691,57,2026-09-11,AVAILABLE,08:00,22:00
1692,57,2026-09-12,LEAVE,08:00,22:00
1693,57,2026-09-13,UNAVAILABLE,08:00,22:00
1694,57,2026-09-14,UNAVAILABLE,08:00,22:00
1695,57,2026-09-15,AVAILABLE,08:00,22:00
1696,57,2026-09-16,AVAILABLE,08:00,22:00
1697,57,2026-09-17,AVAILABLE,08:00,22:00
1698,57,2026-09-18,LEAVE,08:00,22:00
1699,57,2026-09-19,LEAVE,08:00,22:00
1700,57,2026-09-20,AVAILABLE,08:00,22:00
1701,57,2026-09-21,AVAILABLE,08:00,22:00
1702,57,2026-09-22,AVAILABLE,08:00,22:00
1703,57,2026-09-23,AVAILABLE,08:00,22:00
1704,57,2026-09-24,AVAILABLE,08:00,22:00
1705,57,2026-09-25,AVAILABLE,08:00,22:00
1706,57,2026-09-26,AVAILABLE,08:00,22:00
1707,57,2026-09-27,AVAILABLE,08:00,22:00
1708,57,2026-09-28,UNAVAILABLE,08:00,22:00
1709,57,2026-09-29,AVAILABLE,08:00,22:00
1710,57,2026-09-30,AVAILABLE,08:00,22:00
1711,58,2026-09-01,AVAILABLE,08:00,22:00
1712,58,2026-09-02,UNAVAILABLE,08:00,22:00
1713,58,2026-09-03,AVAILABLE,08:00,22:00
1714,58,2026-09-04,LEAVE,08:00,22:00
1715,58,2026-09-05,AVAILABLE,08:00,22:00
1716,58,2026-09-06,AVAILABLE,08:00,22:00
1717,58,2026-09-07,AVAILABLE,08:00,22:00
1718,58,2026-09-08,AVAILABLE,08:00,22:00
1719,58,2026-09-09,AVAILABLE,08:00,22:00
1720,58,2026-09-10,UNAVAILABLE,08:00,22:00
1721,58,2026-09-11,UNAVAILABLE,08:00,22:00
1722,58,2026-09-12,AVAILABLE,08:00,22:00
1723,58,2026-09-13,AVAILABLE,08:00,22:00
1724,58,2026-09-14,AVAILABLE,08:00,22:00
1725,58,2026-09-15,AVAILABLE,08:00,22:00
1726,58,2026-09-16,AVAILABLE,08:00,22:00
1727,58,2026-09-17,AVAILABLE,08:00,22:00
1728,58,2026-09-18,UNAVAILABLE,08:00,22:00
1729,58,2026-09-19,AVAILABLE,08:00,22:00
1730,58,2026-09-20,AVAILABLE,08:00,22:00
1731,58,2026-09-21,AVAILABLE,08:00,22:00
1732,58,2026-09-22,AVAILABLE,08:00,22:00
1733,58,2026-09-23,AVAILABLE,08:00,22:00
1734,58,2026-09-24,UNAVAILABLE,08:00,22:00
1735,58,2026-09-25,AVAILABLE,08:00,22:00
1736,58,2026-09-26,LEAVE,08:00,22:00
1737,58,2026-09-27,AVAILABLE,08:00,22:00
1738,58,2026-09-28,UNAVAILABLE,08:00,22:00
1739,58,2026-09-29,LEAVE,08:00,22:00
1740,58,2026-09-30,AVAILABLE,08:00,22:00
1741,59,2026-09-01,LEAVE,08:00,22:00
1742,59,2026-09-02,AVAILABLE,08:00,22:00
1743,59,2026-09-03,AVAILABLE,08:00,22:00
1744,59,2026-09-04,AVAILABLE,08:00,22:00
1745,59,2026-09-05,AVAILABLE,08:00,22:00
1746,59,2026-09-06,UNAVAILABLE,08:00,22:00
1747,59,2026-09-07,AVAILABLE,08:00,22:00
1748,59,2026-09-08,AVAILABLE,08:00,22:00
1749,59,2026-09-09,AVAILABLE,08:00,22:00
1750,59,2026-09-10,AVAILABLE,08:00,22:00
1751,59,2026-09-11,AVAILABLE,08:00,22:00
1752,59,2026-09-12,AVAILABLE,08:00,22:00
1753,59,2026-09-13,AVAILABLE,08:00,22:00
1754,59,2026-09-14,AVAILABLE,08:00,22:00
1755,59,2026-09-15,AVAILABLE,08:00,22:00
1756,59,2026-09-16,LEAVE,08:00,22:00
1757,59,2026-09-17,AVAILABLE,08:00,22:00
1758,59,2026-09-18,UNAVAILABLE,08:00,22:00
1759,59,2026-09-19,UNAVAILABLE,08:00,22:00
1760,59,2026-09-20,AVAILABLE,08:00,22:00
1761,59,2026-09-21,AVAILABLE,08:00,22:00
1762,59,2026-09-22,AVAILABLE,08:00,22:00
1763,59,2026-09-23,AVAILABLE,08:00,22:00
1764,59,2026-09-24,AVAILABLE,08:00,22:00
1765,59,2026-09-25,AVAILABLE,08:00,22:00
1766,59,2026-09-26,UNAVAILABLE,08:00,22:00
1767,59,2026-09-27,AVAILABLE,08:00,22:00
1768,59,2026-09-28,AVAILABLE,08:00,22:00
1769,59,2026-09-29,AVAILABLE,08:00,22:00
1770,59,2026-09-30,AVAILABLE,08:00,22:00
1771,60,2026-09-01,AVAILABLE,08:00,22:00
1772,60,2026-09-02,UNAVAILABLE,08:00,22:00
1773,60,2026-09-03,AVAILABLE,08:00,22:00
1774,60,2026-09-04,AVAILABLE,08:00,22:00
1775,60,2026-09-05,AVAILABLE,08:00,22:00
1776,60,2026-09-06,AVAILABLE,08:00,22:00
1777,60,2026-09-07,UNAVAILABLE,08:00,22:00
1778,60,2026-09-08,LEAVE,08:00,22:00
1779,60,2026-09-09,AVAILABLE,08:00,22:00
1780,60,2026-09-10,AVAILABLE,08:00,22:00
1781,60,2026-09-11,AVAILABLE,08:00,22:00
1782,60,2026-09-12,AVAILABLE,08:00,22:00
1783,60,2026-09-13,AVAILABLE,08:00,22:00
1784,60,2026-09-14,AVAILABLE,08:00,22:00
1785,60,2026-09-15,AVAILABLE,08:00,22:00
1786,60,2026-09-16,UNAVAILABLE,08:00,22:00
1787,60,2026-09-17,AVAILABLE,08:00,22:00
1788,60,2026-09-18,AVAILABLE,08:00,22:00
1789,60,2026-09-19,AVAILABLE,08:00,22:00
1790,60,2026-09-20,AVAILABLE,08:00,22:00
1791,60,2026-09-21,UNAVAILABLE,08:00,22:00
1792,60,2026-09-22,LEAVE,08:00,22:00
1793,60,2026-09-23,AVAILABLE,08:00,22:00
1794,60,2026-09-24,AVAILABLE,08:00,22:00
1795,60,2026-09-25,AVAILABLE,08:00,22:00
1796,60,2026-09-26,UNAVAILABLE,08:00,22:00
1797,60,2026-09-27,AVAILABLE,08:00,22:00
1798,60,2026-09-28,AVAILABLE,08:00,22:00
1799,60,2026-09-29,AVAILABLE,08:00,22:00
1800,60,2026-09-30,AVAILABLE,08:00,22:00
1801,61,2026-09-01,AVAILABLE,08:00,22:00
1802,61,2026-09-02,AVAILABLE,08:00,22:00
1803,61,2026-09-03,AVAILABLE,08:00,22:00
1804,61,2026-09-04,AVAILABLE,08:00,22:00
1805,61,2026-09-05,AVAILABLE,08:00,22:00
1806,61,2026-09-06,AVAILABLE,08:00,22:00
1807,61,2026-09-07,AVAILABLE,08:00,22:00
1808,61,2026-09-08,AVAILABLE,08:00,22:00
1809,61,2026-09-09,AVAILABLE,08:00,22:00
1810,61,2026-09-10,AVAILABLE,08:00,22:00
1811,61,2026-09-11,AVAILABLE,08:00,22:00
1812,61,2026-09-12,LEAVE,08:00,22:00
1813,61,2026-09-13,AVAILABLE,08:00,22:00
1814,61,2026-09-14,AVAILABLE,08:00,22:00
1815,61,2026-09-15,AVAILABLE,08:00,22:00
1816,61,2026-09-16,AVAILABLE,08:00,22:00
1817,61,2026-09-17,UNAVAILABLE,08:00,22:00
1818,61,2026-09-18,AVAILABLE,08:00,22:00
1819,61,2026-09-19,AVAILABLE,08:00,22:00
1820,61,2026-09-20,AVAILABLE,08:00,22:00
1821,61,2026-09-21,AVAILABLE,08:00,22:00
1822,61,2026-09-22,AVAILABLE,08:00,22:00
1823,61,2026-09-23,AVAILABLE,08:00,22:00
1824,61,2026-09-24,AVAILABLE,08:00,22:00
1825,61,2026-09-25,AVAILABLE,08:00,22:00
1826,61,2026-09-26,AVAILABLE,08:00,22:00
1827,61,2026-09-27,AVAILABLE,08:00,22:00
1828,61,2026-09-28,AVAILABLE,08:00,22:00
1829,61,2026-09-29,LEAVE,08:00,22:00
1830,61,2026-09-30,AVAILABLE,08:00,22:00
1831,62,2026-09-01,AVAILABLE,08:00,22:00
1832,62,2026-09-02,UNAVAILABLE,08:00,22:00
1833,62,2026-09-03,AVAILABLE,08:00,22:00
1834,62,2026-09-04,UNAVAILABLE,08:00,22:00
1835,62,2026-09-05,AVAILABLE,08:00,22:00
1836,62,2026-09-06,AVAILABLE,08:00,22:00
1837,62,2026-09-07,AVAILABLE,08:00,22:00
1838,62,2026-09-08,AVAILABLE,08:00,22:00
1839,62,2026-09-09,AVAILABLE,08:00,22:00
1840,62,2026-09-10,AVAILABLE,08:00,22:00
1841,62,2026-09-11,AVAILABLE,08:00,22:00
1842,62,2026-09-12,AVAILABLE,08:00,22:00
1843,62,2026-09-13,AVAILABLE,08:00,22:00
1844,62,2026-09-14,AVAILABLE,08:00,22:00
1845,62,2026-09-15,AVAILABLE,08:00,22:00
1846,62,2026-09-16,UNAVAILABLE,08:00,22:00
1847,62,2026-09-17,AVAILABLE,08:00,22:00
1848,62,2026-09-18,AVAILABLE,08:00,22:00
1849,62,2026-09-19,AVAILABLE,08:00,22:00
1850,62,2026-09-20,AVAILABLE,08:00,22:00
1851,62,2026-09-21,UNAVAILABLE,08:00,22:00
1852,62,2026-09-22,UNAVAILABLE,08:00,22:00
1853,62,2026-09-23,AVAILABLE,08:00,22:00
1854,62,2026-09-24,AVAILABLE,08:00,22:00
1855,62,2026-09-25,AVAILABLE,08:00,22:00
1856,62,2026-09-26,UNAVAILABLE,08:00,22:00
1857,62,2026-09-27,UNAVAILABLE,08:00,22:00
1858,62,2026-09-28,AVAILABLE,08:00,22:00
1859,62,2026-09-29,AVAILABLE,08:00,22:00
1860,62,2026-09-30,UNAVAILABLE,08:00,22:00
1861,63,2026-09-01,AVAILABLE,08:00,22:00
1862,63,2026-09-02,LEAVE,08:00,22:00
1863,63,2026-09-03,AVAILABLE,08:00,22:00
1864,63,2026-09-04,AVAILABLE,08:00,22:00
1865,63,2026-09-05,AVAILABLE,08:00,22:00
1866,63,2026-09-06,AVAILABLE,08:00,22:00
1867,63,2026-09-07,AVAILABLE,08:00,22:00
1868,63,2026-09-08,AVAILABLE,08:00,22:00
1869,63,2026-09-09,AVAILABLE,08:00,22:00
1870,63,2026-09-10,UNAVAILABLE,08:00,22:00
1871,63,2026-09-11,AVAILABLE,08:00,22:00
1872,63,2026-09-12,UNAVAILABLE,08:00,22:00
1873,63,2026-09-13,AVAILABLE,08:00,22:00
1874,63,2026-09-14,AVAILABLE,08:00,22:00
1875,63,2026-09-15,AVAILABLE,08:00,22:00
1876,63,2026-09-16,LEAVE,08:00,22:00
1877,63,2026-09-17,AVAILABLE,08:00,22:00
1878,63,2026-09-18,AVAILABLE,08:00,22:00
1879,63,2026-09-19,LEAVE,08:00,22:00
1880,63,2026-09-20,AVAILABLE,08:00,22:00
1881,63,2026-09-21,AVAILABLE,08:00,22:00
1882,63,2026-09-22,UNAVAILABLE,08:00,22:00
1883,63,2026-09-23,AVAILABLE,08:00,22:00
1884,63,2026-09-24,AVAILABLE,08:00,22:00
1885,63,2026-09-25,LEAVE,08:00,22:00
1886,63,2026-09-26,AVAILABLE,08:00,22:00
1887,63,2026-09-27,AVAILABLE,08:00,22:00
1888,63,2026-09-28,AVAILABLE,08:00,22:00
1889,63,2026-09-29,AVAILABLE,08:00,22:00
1890,63,2026-09-30,LEAVE,08:00,22:00
1891,64,2026-09-01,AVAILABLE,08:00,22:00
1892,64,2026-09-02,AVAILABLE,08:00,22:00
1893,64,2026-09-03,LEAVE,08:00,22:00
1894,64,2026-09-04,AVAILABLE,08:00,22:00
1895,64,2026-09-05,AVAILABLE,08:00,22:00
1896,64,2026-09-06,AVAILABLE,08:00,22:00
1897,64,2026-09-07,AVAILABLE,08:00,22:00
1898,64,2026-09-08,AVAILABLE,08:00,22:00
1899,64,2026-09-09,AVAILABLE,08:00,22:00
1900,64,2026-09-10,AVAILABLE,08:00,22:00
1901,64,2026-09-11,AVAILABLE,08:00,22:00
1902,64,2026-09-12,AVAILABLE,08:00,22:00
1903,64,2026-09-13,AVAILABLE,08:00,22:00
1904,64,2026-09-14,AVAILABLE,08:00,22:00
1905,64,2026-09-15,AVAILABLE,08:00,22:00
1906,64,2026-09-16,AVAILABLE,08:00,22:00
1907,64,2026-09-17,AVAILABLE,08:00,22:00
1908,64,2026-09-18,AVAILABLE,08:00,22:00
1909,64,2026-09-19,AVAILABLE,08:00,22:00
1910,64,2026-09-20,AVAILABLE,08:00,22:00
1911,64,2026-09-21,AVAILABLE,08:00,22:00
1912,64,2026-09-22,AVAILABLE,08:00,22:00
1913,64,2026-09-23,AVAILABLE,08:00,22:00
1914,64,2026-09-24,AVAILABLE,08:00,22:00
1915,64,2026-09-25,AVAILABLE,08:00,22:00
1916,64,2026-09-26,AVAILABLE,08:00,22:00
1917,64,2026-09-27,AVAILABLE,08:00,22:00
1918,64,2026-09-28,AVAILABLE,08:00,22:00
1919,64,2026-09-29,AVAILABLE,08:00,22:00
1920,64,2026-09-30,AVAILABLE,08:00,22:00
1921,65,2026-09-01,AVAILABLE,08:00,22:00
1922,65,2026-09-02,AVAILABLE,08:00,22:00
1923,65,2026-09-03,AVAILABLE,08:00,22:00
1924,65,2026-09-04,AVAILABLE,08:00,22:00
1925,65,2026-09-05,AVAILABLE,08:00,22:00
1926,65,2026-09-06,UNAVAILABLE,08:00,22:00
1927,65,2026-09-07,UNAVAILABLE,08:00,22:00
1928,65,2026-09-08,LEAVE,08:00,22:00
1929,65,2026-09-09,AVAILABLE,08:00,22:00
1930,65,2026-09-10,AVAILABLE,08:00,22:00
1931,65,2026-09-11,AVAILABLE,08:00,22:00
1932,65,2026-09-12,AVAILABLE,08:00,22:00
1933,65,2026-09-13,AVAILABLE,08:00,22:00
1934,65,2026-09-14,AVAILABLE,08:00,22:00
1935,65,2026-09-15,AVAILABLE,08:00,22:00
1936,65,2026-09-16,AVAILABLE,08:00,22:00
1937,65,2026-09-17,AVAILABLE,08:00,22:00
1938,65,2026-09-18,AVAILABLE,08:00,22:00
1939,65,2026-09-19,AVAILABLE,08:00,22:00
1940,65,2026-09-20,AVAILABLE,08:00,22:00
1941,65,2026-09-21,AVAILABLE,08:00,22:00
1942,65,2026-09-22,AVAILABLE,08:00,22:00
1943,65,2026-09-23,AVAILABLE,08:00,22:00
1944,65,2026-09-24,AVAILABLE,08:00,22:00
1945,65,2026-09-25,AVAILABLE,08:00,22:00
1946,65,2026-09-26,AVAILABLE,08:00,22:00
1947,65,2026-09-27,LEAVE,08:00,22:00
1948,65,2026-09-28,AVAILABLE,08:00,22:00
1949,65,2026-09-29,AVAILABLE,08:00,22:00
1950,65,2026-09-30,AVAILABLE,08:00,22:00
1951,66,2026-09-01,AVAILABLE,08:00,22:00
1952,66,2026-09-02,AVAILABLE,08:00,22:00
1953,66,2026-09-03,AVAILABLE,08:00,22:00
1954,66,2026-09-04,UNAVAILABLE,08:00,22:00
1955,66,2026-09-05,LEAVE,08:00,22:00
1956,66,2026-09-06,AVAILABLE,08:00,22:00
1957,66,2026-09-07,AVAILABLE,08:00,22:00
1958,66,2026-09-08,LEAVE,08:00,22:00
1959,66,2026-09-09,AVAILABLE,08:00,22:00
1960,66,2026-09-10,AVAILABLE,08:00,22:00
1961,66,2026-09-11,LEAVE,08:00,22:00
1962,66,2026-09-12,LEAVE,08:00,22:00
1963,66,2026-09-13,AVAILABLE,08:00,22:00
1964,66,2026-09-14,AVAILABLE,08:00,22:00
1965,66,2026-09-15,AVAILABLE,08:00,22:00
1966,66,2026-09-16,AVAILABLE,08:00,22:00
1967,66,2026-09-17,AVAILABLE,08:00,22:00
1968,66,2026-09-18,AVAILABLE,08:00,22:00
1969,66,2026-09-19,AVAILABLE,08:00,22:00
1970,66,2026-09-20,AVAILABLE,08:00,22:00
1971,66,2026-09-21,AVAILABLE,08:00,22:00
1972,66,2026-09-22,AVAILABLE,08:00,22:00
1973,66,2026-09-23,AVAILABLE,08:00,22:00
1974,66,2026-09-24,AVAILABLE,08:00,22:00
1975,66,2026-09-25,AVAILABLE,08:00,22:00
1976,66,2026-09-26,AVAILABLE,08:00,22:00
1977,66,2026-09-27,LEAVE,08:00,22:00
1978,66,2026-09-28,AVAILABLE,08:00,22:00
1979,66,2026-09-29,AVAILABLE,08:00,22:00
1980,66,2026-09-30,AVAILABLE,08:00,22:00
1981,67,2026-09-01,AVAILABLE,08:00,22:00
1982,67,2026-09-02,AVAILABLE,08:00,22:00
1983,67,2026-09-03,AVAILABLE,08:00,22:00
1984,67,2026-09-04,AVAILABLE,08:00,22:00
1985,67,2026-09-05,AVAILABLE,08:00,22:00
1986,67,2026-09-06,AVAILABLE,08:00,22:00
1987,67,2026-09-07,AVAILABLE,08:00,22:00
1988,67,2026-09-08,AVAILABLE,08:00,22:00
1989,67,2026-09-09,AVAILABLE,08:00,22:00
1990,67,2026-09-10,AVAILABLE,08:00,22:00
1991,67,2026-09-11,AVAILABLE,08:00,22:00
1992,67,2026-09-12,AVAILABLE,08:00,22:00
1993,67,2026-09-13,LEAVE,08:00,22:00
1994,67,2026-09-14,AVAILABLE,08:00,22:00
1995,67,2026-09-15,AVAILABLE,08:00,22:00
1996,67,2026-09-16,AVAILABLE,08:00,22:00
1997,67,2026-09-17,UNAVAILABLE,08:00,22:00
1998,67,2026-09-18,AVAILABLE,08:00,22:00
1999,67,2026-09-19,AVAILABLE,08:00,22:00
2000,67,2026-09-20,AVAILABLE,08:00,22:00
2001,67,2026-09-21,AVAILABLE,08:00,22:00
2002,67,2026-09-22,UNAVAILABLE,08:00,22:00
2003,67,2026-09-23,AVAILABLE,08:00,22:00
2004,67,2026-09-24,AVAILABLE,08:00,22:00
2005,67,2026-09-25,AVAILABLE,08:00,22:00
2006,67,2026-09-26,AVAILABLE,08:00,22:00
2007,67,2026-09-27,AVAILABLE,08:00,22:00
2008,67,2026-09-28,AVAILABLE,08:00,22:00
2009,67,2026-09-29,AVAILABLE,08:00,22:00
2010,67,2026-09-30,AVAILABLE,08:00,22:00
2011,68,2026-09-01,LEAVE,08:00,22:00
2012,68,2026-09-02,AVAILABLE,08:00,22:00
2013,68,2026-09-03,AVAILABLE,08:00,22:00
2014,68,2026-09-04,AVAILABLE,08:00,22:00
2015,68,2026-09-05,LEAVE,08:00,22:00
2016,68,2026-09-06,AVAILABLE,08:00,22:00
2017,68,2026-09-07,AVAILABLE,08:00,22:00
2018,68,2026-09-08,AVAILABLE,08:00,22:00
2019,68,2026-09-09,AVAILABLE,08:00,22:00
2020,68,2026-09-10,AVAILABLE,08:00,22:00
2021,68,2026-09-11,AVAILABLE,08:00,22:00
2022,68,2026-09-12,AVAILABLE,08:00,22:00
2023,68,2026-09-13,AVAILABLE,08:00,22:00
2024,68,2026-09-14,AVAILABLE,08:00,22:00
2025,68,2026-09-15,AVAILABLE,08:00,22:00
2026,68,2026-09-16,AVAILABLE,08:00,22:00
2027,68,2026-09-17,AVAILABLE,08:00,22:00
2028,68,2026-09-18,AVAILABLE,08:00,22:00
2029,68,2026-09-19,AVAILABLE,08:00,22:00
2030,68,2026-09-20,AVAILABLE,08:00,22:00
2031,68,2026-09-21,AVAILABLE,08:00,22:00
2032,68,2026-09-22,LEAVE,08:00,22:00
2033,68,2026-09-23,AVAILABLE,08:00,22:00
2034,68,2026-09-24,LEAVE,08:00,22:00
2035,68,2026-09-25,AVAILABLE,08:00,22:00
2036,68,2026-09-26,AVAILABLE,08:00,22:00
2037,68,2026-09-27,AVAILABLE,08:00,22:00
2038,68,2026-09-28,AVAILABLE,08:00,22:00
2039,68,2026-09-29,AVAILABLE,08:00,22:00
2040,68,2026-09-30,AVAILABLE,08:00,22:00
2041,69,2026-09-01,AVAILABLE,08:00,22:00
2042,69,2026-09-02,AVAILABLE,08:00,22:00
2043,69,2026-09-03,AVAILABLE,08:00,22:00
2044,69,2026-09-04,AVAILABLE,08:00,22:00
2045,69,2026-09-05,AVAILABLE,08:00,22:00
2046,69,2026-09-06,AVAILABLE,08:00,22:00
2047,69,2026-09-07,UNAVAILABLE,08:00,22:00
2048,69,2026-09-08,AVAILABLE,08:00,22:00
2049,69,2026-09-09,AVAILABLE,08:00,22:00
2050,69,2026-09-10,AVAILABLE,08:00,22:00
2051,69,2026-09-11,LEAVE,08:00,22:00
2052,69,2026-09-12,AVAILABLE,08:00,22:00
2053,69,2026-09-13,AVAILABLE,08:00,22:00
2054,69,2026-09-14,AVAILABLE,08:00,22:00
2055,69,2026-09-15,AVAILABLE,08:00,22:00
2056,69,2026-09-16,LEAVE,08:00,22:00
2057,69,2026-09-17,AVAILABLE,08:00,22:00
2058,69,2026-09-18,AVAILABLE,08:00,22:00
2059,69,2026-09-19,AVAILABLE,08:00,22:00
2060,69,2026-09-20,AVAILABLE,08:00,22:00
2061,69,2026-09-21,AVAILABLE,08:00,22:00
2062,69,2026-09-22,AVAILABLE,08:00,22:00
2063,69,2026-09-23,AVAILABLE,08:00,22:00
2064,69,2026-09-24,AVAILABLE,08:00,22:00
2065,69,2026-09-25,AVAILABLE,08:00,22:00
2066,69,2026-09-26,AVAILABLE,08:00,22:00
2067,69,2026-09-27,AVAILABLE,08:00,22:00
2068,69,2026-09-28,AVAILABLE,08:00,22:00
2069,69,2026-09-29,AVAILABLE,08:00,22:00
2070,69,2026-09-30,AVAILABLE,08:00,22:00
2071,70,2026-09-01,AVAILABLE,08:00,22:00
2072,70,2026-09-02,AVAILABLE,08:00,22:00
2073,70,2026-09-03,UNAVAILABLE,08:00,22:00
2074,70,2026-09-04,AVAILABLE,08:00,22:00
2075,70,2026-09-05,AVAILABLE,08:00,22:00
2076,70,2026-09-06,AVAILABLE,08:00,22:00
2077,70,2026-09-07,AVAILABLE,08:00,22:00
2078,70,2026-09-08,UNAVAILABLE,08:00,22:00
2079,70,2026-09-09,AVAILABLE,08:00,22:00
2080,70,2026-09-10,AVAILABLE,08:00,22:00
2081,70,2026-09-11,AVAILABLE,08:00,22:00
2082,70,2026-09-12,AVAILABLE,08:00,22:00
2083,70,2026-09-13,AVAILABLE,08:00,22:00
2084,70,2026-09-14,AVAILABLE,08:00,22:00
2085,70,2026-09-15,UNAVAILABLE,08:00,22:00
2086,70,2026-09-16,AVAILABLE,08:00,22:00
2087,70,2026-09-17,AVAILABLE,08:00,22:00
2088,70,2026-09-18,AVAILABLE,08:00,22:00
2089,70,2026-09-19,AVAILABLE,08:00,22:00
2090,70,2026-09-20,AVAILABLE,08:00,22:00
2091,70,2026-09-21,AVAILABLE,08:00,22:00
2092,70,2026-09-22,AVAILABLE,08:00,22:00
2093,70,2026-09-23,AVAILABLE,08:00,22:00
2094,70,2026-09-24,AVAILABLE,08:00,22:00
2095,70,2026-09-25,AVAILABLE,08:00,22:00
2096,70,2026-09-26,AVAILABLE,08:00,22:00
2097,70,2026-09-27,AVAILABLE,08:00,22:00
2098,70,2026-09-28,AVAILABLE,08:00,22:00
2099,70,2026-09-29,AVAILABLE,08:00,22:00
2100,70,2026-09-30,AVAILABLE,08:00,22:00
2101,71,2026-09-01,AVAILABLE,08:00,22:00
2102,71,2026-09-02,AVAILABLE,08:00,22:00
2103,71,2026-09-03,AVAILABLE,08:00,22:00
2104,71,2026-09-04,AVAILABLE,08:00,22:00
2105,71,2026-09-05,LEAVE,08:00,22:00
2106,71,2026-09-06,AVAILABLE,08:00,22:00
2107,71,2026-09-07,AVAILABLE,08:00,22:00
2108,71,2026-09-08,AVAILABLE,08:00,22:00
2109,71,2026-09-09,AVAILABLE,08:00,22:00
2110,71,2026-09-10,AVAILABLE,08:00,22:00
2111,71,2026-09-11,AVAILABLE,08:00,22:00
2112,71,2026-09-12,AVAILABLE,08:00,22:00
2113,71,2026-09-13,AVAILABLE,08:00,22:00
2114,71,2026-09-14,AVAILABLE,08:00,22:00
2115,71,2026-09-15,AVAILABLE,08:00,22:00
2116,71,2026-09-16,LEAVE,08:00,22:00
2117,71,2026-09-17,AVAILABLE,08:00,22:00
2118,71,2026-09-18,AVAILABLE,08:00,22:00
2119,71,2026-09-19,AVAILABLE,08:00,22:00
2120,71,2026-09-20,AVAILABLE,08:00,22:00
2121,71,2026-09-21,UNAVAILABLE,08:00,22:00
2122,71,2026-09-22,AVAILABLE,08:00,22:00
2123,71,2026-09-23,AVAILABLE,08:00,22:00
2124,71,2026-09-24,AVAILABLE,08:00,22:00
2125,71,2026-09-25,AVAILABLE,08:00,22:00
2126,71,2026-09-26,AVAILABLE,08:00,22:00
2127,71,2026-09-27,AVAILABLE,08:00,22:00
2128,71,2026-09-28,AVAILABLE,08:00,22:00
2129,71,2026-09-29,AVAILABLE,08:00,22:00
2130,71,2026-09-30,AVAILABLE,08:00,22:00
2131,72,2026-09-01,AVAILABLE,08:00,22:00
2132,72,2026-09-02,AVAILABLE,08:00,22:00
2133,72,2026-09-03,AVAILABLE,08:00,22:00
2134,72,2026-09-04,AVAILABLE,08:00,22:00
2135,72,2026-09-05,AVAILABLE,08:00,22:00
2136,72,2026-09-06,AVAILABLE,08:00,22:00
2137,72,2026-09-07,UNAVAILABLE,08:00,22:00
2138,72,2026-09-08,AVAILABLE,08:00,22:00
2139,72,2026-09-09,UNAVAILABLE,08:00,22:00
2140,72,2026-09-10,AVAILABLE,08:00,22:00
2141,72,2026-09-11,AVAILABLE,08:00,22:00
2142,72,2026-09-12,AVAILABLE,08:00,22:00
2143,72,2026-09-13,LEAVE,08:00,22:00
2144,72,2026-09-14,AVAILABLE,08:00,22:00
2145,72,2026-09-15,UNAVAILABLE,08:00,22:00
2146,72,2026-09-16,AVAILABLE,08:00,22:00
2147,72,2026-09-17,AVAILABLE,08:00,22:00
2148,72,2026-09-18,LEAVE,08:00,22:00
2149,72,2026-09-19,AVAILABLE,08:00,22:00
2150,72,2026-09-20,AVAILABLE,08:00,22:00
2151,72,2026-09-21,AVAILABLE,08:00,22:00
2152,72,2026-09-22,AVAILABLE,08:00,22:00
2153,72,2026-09-23,LEAVE,08:00,22:00
2154,72,2026-09-24,AVAILABLE,08:00,22:00
2155,72,2026-09-25,AVAILABLE,08:00,22:00
2156,72,2026-09-26,AVAILABLE,08:00,22:00
2157,72,2026-09-27,AVAILABLE,08:00,22:00
2158,72,2026-09-28,AVAILABLE,08:00,22:00
2159,72,2026-09-29,AVAILABLE,08:00,22:00
2160,72,2026-09-30,AVAILABLE,08:00,22:00
2161,73,2026-09-01,AVAILABLE,08:00,22:00
2162,73,2026-09-02,AVAILABLE,08:00,22:00
2163,73,2026-09-03,AVAILABLE,08:00,22:00
2164,73,2026-09-04,AVAILABLE,08:00,22:00
2165,73,2026-09-05,AVAILABLE,08:00,22:00
2166,73,2026-09-06,AVAILABLE,08:00,22:00
2167,73,2026-09-07,AVAILABLE,08:00,22:00
2168,73,2026-09-08,AVAILABLE,08:00,22:00
2169,73,2026-09-09,AVAILABLE,08:00,22:00
2170,73,2026-09-10,AVAILABLE,08:00,22:00
2171,73,2026-09-11,AVAILABLE,08:00,22:00
2172,73,2026-09-12,AVAILABLE,08:00,22:00
2173,73,2026-09-13,UNAVAILABLE,08:00,22:00
2174,73,2026-09-14,LEAVE,08:00,22:00
2175,73,2026-09-15,AVAILABLE,08:00,22:00
2176,73,2026-09-16,AVAILABLE,08:00,22:00
2177,73,2026-09-17,LEAVE,08:00,22:00
2178,73,2026-09-18,AVAILABLE,08:00,22:00
2179,73,2026-09-19,UNAVAILABLE,08:00,22:00
2180,73,2026-09-20,LEAVE,08:00,22:00
2181,73,2026-09-21,UNAVAILABLE,08:00,22:00
2182,73,2026-09-22,AVAILABLE,08:00,22:00
2183,73,2026-09-23,UNAVAILABLE,08:00,22:00
2184,73,2026-09-24,AVAILABLE,08:00,22:00
2185,73,2026-09-25,AVAILABLE,08:00,22:00
2186,73,2026-09-26,UNAVAILABLE,08:00,22:00
2187,73,2026-09-27,AVAILABLE,08:00,22:00
2188,73,2026-09-28,AVAILABLE,08:00,22:00
2189,73,2026-09-29,AVAILABLE,08:00,22:00
2190,73,2026-09-30,AVAILABLE,08:00,22:00
2191,74,2026-09-01,AVAILABLE,08:00,22:00
2192,74,2026-09-02,AVAILABLE,08:00,22:00
2193,74,2026-09-03,AVAILABLE,08:00,22:00
2194,74,2026-09-04,AVAILABLE,08:00,22:00
2195,74,2026-09-05,UNAVAILABLE,08:00,22:00
2196,74,2026-09-06,AVAILABLE,08:00,22:00
2197,74,2026-09-07,AVAILABLE,08:00,22:00
2198,74,2026-09-08,AVAILABLE,08:00,22:00
2199,74,2026-09-09,UNAVAILABLE,08:00,22:00
2200,74,2026-09-10,AVAILABLE,08:00,22:00
2201,74,2026-09-11,LEAVE,08:00,22:00
2202,74,2026-09-12,AVAILABLE,08:00,22:00
2203,74,2026-09-13,AVAILABLE,08:00,22:00
2204,74,2026-09-14,AVAILABLE,08:00,22:00
2205,74,2026-09-15,AVAILABLE,08:00,22:00
2206,74,2026-09-16,AVAILABLE,08:00,22:00
2207,74,2026-09-17,AVAILABLE,08:00,22:00
2208,74,2026-09-18,AVAILABLE,08:00,22:00
2209,74,2026-09-19,AVAILABLE,08:00,22:00
2210,74,2026-09-20,AVAILABLE,08:00,22:00
2211,74,2026-09-21,AVAILABLE,08:00,22:00
2212,74,2026-09-22,AVAILABLE,08:00,22:00
2213,74,2026-09-23,AVAILABLE,08:00,22:00
2214,74,2026-09-24,AVAILABLE,08:00,22:00
2215,74,2026-09-25,AVAILABLE,08:00,22:00
2216,74,2026-09-26,UNAVAILABLE,08:00,22:00
2217,74,2026-09-27,AVAILABLE,08:00,22:00
2218,74,2026-09-28,AVAILABLE,08:00,22:00
2219,74,2026-09-29,AVAILABLE,08:00,22:00
2220,74,2026-09-30,AVAILABLE,08:00,22:00
2221,75,2026-09-01,AVAILABLE,08:00,22:00
2222,75,2026-09-02,AVAILABLE,08:00,22:00
2223,75,2026-09-03,AVAILABLE,08:00,22:00
2224,75,2026-09-04,AVAILABLE,08:00,22:00
2225,75,2026-09-05,AVAILABLE,08:00,22:00
2226,75,2026-09-06,AVAILABLE,08:00,22:00
2227,75,2026-09-07,AVAILABLE,08:00,22:00
2228,75,2026-09-08,UNAVAILABLE,08:00,22:00
2229,75,2026-09-09,AVAILABLE,08:00,22:00
2230,75,2026-09-10,AVAILABLE,08:00,22:00
2231,75,2026-09-11,LEAVE,08:00,22:00
2232,75,2026-09-12,AVAILABLE,08:00,22:00
2233,75,2026-09-13,AVAILABLE,08:00,22:00
2234,75,2026-09-14,AVAILABLE,08:00,22:00
2235,75,2026-09-15,AVAILABLE,08:00,22:00
2236,75,2026-09-16,AVAILABLE,08:00,22:00
2237,75,2026-09-17,UNAVAILABLE,08:00,22:00
2238,75,2026-09-18,AVAILABLE,08:00,22:00
2239,75,2026-09-19,AVAILABLE,08:00,22:00
2240,75,2026-09-20,AVAILABLE,08:00,22:00
2241,75,2026-09-21,AVAILABLE,08:00,22:00
2242,75,2026-09-22,UNAVAILABLE,08:00,22:00
2243,75,2026-09-23,AVAILABLE,08:00,22:00
2244,75,2026-09-24,AVAILABLE,08:00,22:00
2245,75,2026-09-25,AVAILABLE,08:00,22:00
2246,75,2026-09-26,AVAILABLE,08:00,22:00
2247,75,2026-09-27,AVAILABLE,08:00,22:00
2248,75,2026-09-28,AVAILABLE,08:00,22:00
2249,75,2026-09-29,AVAILABLE,08:00,22:00
2250,75,2026-09-30,AVAILABLE,08:00,22:00
2251,76,2026-09-01,AVAILABLE,08:00,22:00
2252,76,2026-09-02,AVAILABLE,08:00,22:00
2253,76,2026-09-03,AVAILABLE,08:00,22:00
2254,76,2026-09-04,AVAILABLE,08:00,22:00
2255,76,2026-09-05,AVAILABLE,08:00,22:00
2256,76,2026-09-06,AVAILABLE,08:00,22:00
2257,76,2026-09-07,AVAILABLE,08:00,22:00
2258,76,2026-09-08,LEAVE,08:00,22:00
2259,76,2026-09-09,AVAILABLE,08:00,22:00
2260,76,2026-09-10,AVAILABLE,08:00,22:00
2261,76,2026-09-11,AVAILABLE,08:00,22:00
2262,76,2026-09-12,AVAILABLE,08:00,22:00
2263,76,2026-09-13,AVAILABLE,08:00,22:00
2264,76,2026-09-14,AVAILABLE,08:00,22:00
2265,76,2026-09-15,AVAILABLE,08:00,22:00
2266,76,2026-09-16,UNAVAILABLE,08:00,22:00
2267,76,2026-09-17,AVAILABLE,08:00,22:00
2268,76,2026-09-18,AVAILABLE,08:00,22:00
2269,76,2026-09-19,AVAILABLE,08:00,22:00
2270,76,2026-09-20,AVAILABLE,08:00,22:00
2271,76,2026-09-21,LEAVE,08:00,22:00
2272,76,2026-09-22,AVAILABLE,08:00,22:00
2273,76,2026-09-23,AVAILABLE,08:00,22:00
2274,76,2026-09-24,AVAILABLE,08:00,22:00
2275,76,2026-09-25,AVAILABLE,08:00,22:00
2276,76,2026-09-26,AVAILABLE,08:00,22:00
2277,76,2026-09-27,AVAILABLE,08:00,22:00
2278,76,2026-09-28,AVAILABLE,08:00,22:00
2279,76,2026-09-29,AVAILABLE,08:00,22:00
2280,76,2026-09-30,AVAILABLE,08:00,22:00
2281,77,2026-09-01,AVAILABLE,08:00,22:00
2282,77,2026-09-02,UNAVAILABLE,08:00,22:00
2283,77,2026-09-03,AVAILABLE,08:00,22:00
2284,77,2026-09-04,AVAILABLE,08:00,22:00
2285,77,2026-09-05,AVAILABLE,08:00,22:00
2286,77,2026-09-06,AVAILABLE,08:00,22:00
2287,77,2026-09-07,AVAILABLE,08:00,22:00
2288,77,2026-09-08,LEAVE,08:00,22:00
2289,77,2026-09-09,AVAILABLE,08:00,22:00
2290,77,2026-09-10,AVAILABLE,08:00,22:00
2291,77,2026-09-11,AVAILABLE,08:00,22:00
2292,77,2026-09-12,AVAILABLE,08:00,22:00
2293,77,2026-09-13,AVAILABLE,08:00,22:00
2294,77,2026-09-14,AVAILABLE,08:00,22:00
2295,77,2026-09-15,AVAILABLE,08:00,22:00
2296,77,2026-09-16,AVAILABLE,08:00,22:00
2297,77,2026-09-17,AVAILABLE,08:00,22:00
2298,77,2026-09-18,UNAVAILABLE,08:00,22:00
2299,77,2026-09-19,AVAILABLE,08:00,22:00
2300,77,2026-09-20,AVAILABLE,08:00,22:00
2301,77,2026-09-21,AVAILABLE,08:00,22:00
2302,77,2026-09-22,AVAILABLE,08:00,22:00
2303,77,2026-09-23,AVAILABLE,08:00,22:00
2304,77,2026-09-24,AVAILABLE,08:00,22:00
2305,77,2026-09-25,AVAILABLE,08:00,22:00
2306,77,2026-09-26,UNAVAILABLE,08:00,22:00
2307,77,2026-09-27,LEAVE,08:00,22:00
2308,77,2026-09-28,AVAILABLE,08:00,22:00
2309,77,2026-09-29,AVAILABLE,08:00,22:00
2310,77,2026-09-30,AVAILABLE,08:00,22:00
2311,78,2026-09-01,AVAILABLE,08:00,22:00
2312,78,2026-09-02,AVAILABLE,08:00,22:00
2313,78,2026-09-03,LEAVE,08:00,22:00
2314,78,2026-09-04,LEAVE,08:00,22:00
2315,78,2026-09-05,UNAVAILABLE,08:00,22:00
2316,78,2026-09-06,AVAILABLE,08:00,22:00
2317,78,2026-09-07,UNAVAILABLE,08:00,22:00
2318,78,2026-09-08,AVAILABLE,08:00,22:00
2319,78,2026-09-09,AVAILABLE,08:00,22:00
2320,78,2026-09-10,AVAILABLE,08:00,22:00
2321,78,2026-09-11,AVAILABLE,08:00,22:00
2322,78,2026-09-12,LEAVE,08:00,22:00
2323,78,2026-09-13,AVAILABLE,08:00,22:00
2324,78,2026-09-14,AVAILABLE,08:00,22:00
2325,78,2026-09-15,AVAILABLE,08:00,22:00
2326,78,2026-09-16,AVAILABLE,08:00,22:00
2327,78,2026-09-17,AVAILABLE,08:00,22:00
2328,78,2026-09-18,AVAILABLE,08:00,22:00
2329,78,2026-09-19,AVAILABLE,08:00,22:00
2330,78,2026-09-20,AVAILABLE,08:00,22:00
2331,78,2026-09-21,AVAILABLE,08:00,22:00
2332,78,2026-09-22,AVAILABLE,08:00,22:00
2333,78,2026-09-23,AVAILABLE,08:00,22:00
2334,78,2026-09-24,AVAILABLE,08:00,22:00
2335,78,2026-09-25,AVAILABLE,08:00,22:00
2336,78,2026-09-26,AVAILABLE,08:00,22:00
2337,78,2026-09-27,AVAILABLE,08:00,22:00
2338,78,2026-09-28,AVAILABLE,08:00,22:00
2339,78,2026-09-29,AVAILABLE,08:00,22:00
2340,78,2026-09-30,AVAILABLE,08:00,22:00
2341,79,2026-09-01,AVAILABLE,08:00,22:00
2342,79,2026-09-02,AVAILABLE,08:00,22:00
2343,79,2026-09-03,AVAILABLE,08:00,22:00
2344,79,2026-09-04,AVAILABLE,08:00,22:00
2345,79,2026-09-05,AVAILABLE,08:00,22:00
2346,79,2026-09-06,UNAVAILABLE,08:00,22:00
2347,79,2026-09-07,AVAILABLE,08:00,22:00
2348,79,2026-09-08,AVAILABLE,08:00,22:00
2349,79,2026-09-09,AVAILABLE,08:00,22:00
2350,79,2026-09-10,AVAILABLE,08:00,22:00
2351,79,2026-09-11,UNAVAILABLE,08:00,22:00
2352,79,2026-09-12,AVAILABLE,08:00,22:00
2353,79,2026-09-13,AVAILABLE,08:00,22:00
2354,79,2026-09-14,AVAILABLE,08:00,22:00
2355,79,2026-09-15,AVAILABLE,08:00,22:00
2356,79,2026-09-16,AVAILABLE,08:00,22:00
2357,79,2026-09-17,AVAILABLE,08:00,22:00
2358,79,2026-09-18,AVAILABLE,08:00,22:00
2359,79,2026-09-19,AVAILABLE,08:00,22:00
2360,79,2026-09-20,AVAILABLE,08:00,22:00
2361,79,2026-09-21,AVAILABLE,08:00,22:00
2362,79,2026-09-22,AVAILABLE,08:00,22:00
2363,79,2026-09-23,AVAILABLE,08:00,22:00
2364,79,2026-09-24,LEAVE,08:00,22:00
2365,79,2026-09-25,AVAILABLE,08:00,22:00
2366,79,2026-09-26,AVAILABLE,08:00,22:00
2367,79,2026-09-27,AVAILABLE,08:00,22:00
2368,79,2026-09-28,AVAILABLE,08:00,22:00
2369,79,2026-09-29,AVAILABLE,08:00,22:00
2370,79,2026-09-30,AVAILABLE,08:00,22:00
2371,80,2026-09-01,AVAILABLE,08:00,22:00
2372,80,2026-09-02,UNAVAILABLE,08:00,22:00
2373,80,2026-09-03,AVAILABLE,08:00,22:00
2374,80,2026-09-04,AVAILABLE,08:00,22:00
2375,80,2026-09-05,AVAILABLE,08:00,22:00
2376,80,2026-09-06,AVAILABLE,08:00,22:00
2377,80,2026-09-07,AVAILABLE,08:00,22:00
2378,80,2026-09-08,AVAILABLE,08:00,22:00
2379,80,2026-09-09,AVAILABLE,08:00,22:00
2380,80,2026-09-10,AVAILABLE,08:00,22:00
2381,80,2026-09-11,AVAILABLE,08:00,22:00
2382,80,2026-09-12,AVAILABLE,08:00,22:00
2383,80,2026-09-13,AVAILABLE,08:00,22:00
2384,80,2026-09-14,AVAILABLE,08:00,22:00
2385,80,2026-09-15,AVAILABLE,08:00,22:00
2386,80,2026-09-16,AVAILABLE,08:00,22:00
2387,80,2026-09-17,AVAILABLE,08:00,22:00
2388,80,2026-09-18,AVAILABLE,08:00,22:00
2389,80,2026-09-19,AVAILABLE,08:00,22:00
2390,80,2026-09-20,AVAILABLE,08:00,22:00
2391,80,2026-09-21,AVAILABLE,08:00,22:00
2392,80,2026-09-22,AVAILABLE,08:00,22:00
2393,80,2026-09-23,UNAVAILABLE,08:00,22:00
2394,80,2026-09-24,AVAILABLE,08:00,22:00
2395,80,2026-09-25,AVAILABLE,08:00,22:00
2396,80,2026-09-26,AVAILABLE,08:00,22:00
2397,80,2026-09-27,AVAILABLE,08:00,22:00
2398,80,2026-09-28,UNAVAILABLE,08:00,22:00
2399,80,2026-09-29,UNAVAILABLE,08:00,22:00
2400,80,2026-09-30,AVAILABLE,08:00,22:00
2401,81,2026-09-01,UNAVAILABLE,08:00,22:00
2402,81,2026-09-02,AVAILABLE,08:00,22:00
2403,81,2026-09-03,AVAILABLE,08:00,22:00
2404,81,2026-09-04,AVAILABLE,08:00,22:00
2405,81,2026-09-05,AVAILABLE,08:00,22:00
2406,81,2026-09-06,AVAILABLE,08:00,22:00
2407,81,2026-09-07,AVAILABLE,08:00,22:00
2408,81,2026-09-08,AVAILABLE,08:00,22:00
2409,81,2026-09-09,AVAILABLE,08:00,22:00
2410,81,2026-09-10,AVAILABLE,08:00,22:00
2411,81,2026-09-11,UNAVAILABLE,08:00,22:00
2412,81,2026-09-12,AVAILABLE,08:00,22:00
2413,81,2026-09-13,AVAILABLE,08:00,22:00
2414,81,2026-09-14,LEAVE,08:00,22:00
2415,81,2026-09-15,LEAVE,08:00,22:00
2416,81,2026-09-16,AVAILABLE,08:00,22:00
2417,81,2026-09-17,AVAILABLE,08:00,22:00
2418,81,2026-09-18,AVAILABLE,08:00,22:00
2419,81,2026-09-19,UNAVAILABLE,08:00,22:00
2420,81,2026-09-20,AVAILABLE,08:00,22:00
2421,81,2026-09-21,AVAILABLE,08:00,22:00
2422,81,2026-09-22,AVAILABLE,08:00,22:00
2423,81,2026-09-23,AVAILABLE,08:00,22:00
2424,81,2026-09-24,AVAILABLE,08:00,22:00
2425,81,2026-09-25,AVAILABLE,08:00,22:00
2426,81,2026-09-26,AVAILABLE,08:00,22:00
2427,81,2026-09-27,AVAILABLE,08:00,22:00
2428,81,2026-09-28,AVAILABLE,08:00,22:00
2429,81,2026-09-29,AVAILABLE,08:00,22:00
2430,81,2026-09-30,AVAILABLE,08:00,22:00
2431,82,2026-09-01,AVAILABLE,08:00,22:00
2432,82,2026-09-02,UNAVAILABLE,08:00,22:00
2433,82,2026-09-03,AVAILABLE,08:00,22:00
2434,82,2026-09-04,AVAILABLE,08:00,22:00
2435,82,2026-09-05,AVAILABLE,08:00,22:00
2436,82,2026-09-06,AVAILABLE,08:00,22:00
2437,82,2026-09-07,AVAILABLE,08:00,22:00
2438,82,2026-09-08,AVAILABLE,08:00,22:00
2439,82,2026-09-09,UNAVAILABLE,08:00,22:00
2440,82,2026-09-10,UNAVAILABLE,08:00,22:00
2441,82,2026-09-11,LEAVE,08:00,22:00
2442,82,2026-09-12,AVAILABLE,08:00,22:00
2443,82,2026-09-13,AVAILABLE,08:00,22:00
2444,82,2026-09-14,UNAVAILABLE,08:00,22:00
2445,82,2026-09-15,AVAILABLE,08:00,22:00
2446,82,2026-09-16,AVAILABLE,08:00,22:00
2447,82,2026-09-17,AVAILABLE,08:00,22:00
2448,82,2026-09-18,AVAILABLE,08:00,22:00
2449,82,2026-09-19,AVAILABLE,08:00,22:00
2450,82,2026-09-20,AVAILABLE,08:00,22:00
2451,82,2026-09-21,LEAVE,08:00,22:00
2452,82,2026-09-22,AVAILABLE,08:00,22:00
2453,82,2026-09-23,AVAILABLE,08:00,22:00
2454,82,2026-09-24,UNAVAILABLE,08:00,22:00
2455,82,2026-09-25,UNAVAILABLE,08:00,22:00
2456,82,2026-09-26,AVAILABLE,08:00,22:00
2457,82,2026-09-27,AVAILABLE,08:00,22:00
2458,82,2026-09-28,AVAILABLE,08:00,22:00
2459,82,2026-09-29,LEAVE,08:00,22:00
2460,82,2026-09-30,AVAILABLE,08:00,22:00
2461,83,2026-09-01,AVAILABLE,08:00,22:00
2462,83,2026-09-02,AVAILABLE,08:00,22:00
2463,83,2026-09-03,AVAILABLE,08:00,22:00
2464,83,2026-09-04,AVAILABLE,08:00,22:00
2465,83,2026-09-05,AVAILABLE,08:00,22:00
2466,83,2026-09-06,AVAILABLE,08:00,22:00
2467,83,2026-09-07,LEAVE,08:00,22:00
2468,83,2026-09-08,AVAILABLE,08:00,22:00
2469,83,2026-09-09,AVAILABLE,08:00,22:00
2470,83,2026-09-10,AVAILABLE,08:00,22:00
2471,83,2026-09-11,AVAILABLE,08:00,22:00
2472,83,2026-09-12,AVAILABLE,08:00,22:00
2473,83,2026-09-13,AVAILABLE,08:00,22:00
2474,83,2026-09-14,AVAILABLE,08:00,22:00
2475,83,2026-09-15,AVAILABLE,08:00,22:00
2476,83,2026-09-16,AVAILABLE,08:00,22:00
2477,83,2026-09-17,AVAILABLE,08:00,22:00
2478,83,2026-09-18,AVAILABLE,08:00,22:00
2479,83,2026-09-19,AVAILABLE,08:00,22:00
2480,83,2026-09-20,AVAILABLE,08:00,22:00
2481,83,2026-09-21,AVAILABLE,08:00,22:00
2482,83,2026-09-22,AVAILABLE,08:00,22:00
2483,83,2026-09-23,AVAILABLE,08:00,22:00
2484,83,2026-09-24,AVAILABLE,08:00,22:00
2485,83,2026-09-25,LEAVE,08:00,22:00
2486,83,2026-09-26,AVAILABLE,08:00,22:00
2487,83,2026-09-27,AVAILABLE,08:00,22:00
2488,83,2026-09-28,AVAILABLE,08:00,22:00
2489,83,2026-09-29,AVAILABLE,08:00,22:00
2490,83,2026-09-30,AVAILABLE,08:00,22:00
2491,84,2026-09-01,AVAILABLE,08:00,22:00
2492,84,2026-09-02,UNAVAILABLE,08:00,22:00
2493,84,2026-09-03,AVAILABLE,08:00,22:00
2494,84,2026-09-04,AVAILABLE,08:00,22:00
2495,84,2026-09-05,UNAVAILABLE,08:00,22:00
2496,84,2026-09-06,AVAILABLE,08:00,22:00
2497,84,2026-09-07,AVAILABLE,08:00,22:00
2498,84,2026-09-08,AVAILABLE,08:00,22:00
2499,84,2026-09-09,AVAILABLE,08:00,22:00
2500,84,2026-09-10,AVAILABLE,08:00,22:00
2501,84,2026-09-11,AVAILABLE,08:00,22:00
2502,84,2026-09-12,AVAILABLE,08:00,22:00
2503,84,2026-09-13,LEAVE,08:00,22:00
2504,84,2026-09-14,AVAILABLE,08:00,22:00
2505,84,2026-09-15,AVAILABLE,08:00,22:00
2506,84,2026-09-16,AVAILABLE,08:00,22:00
2507,84,2026-09-17,AVAILABLE,08:00,22:00
2508,84,2026-09-18,AVAILABLE,08:00,22:00
2509,84,2026-09-19,AVAILABLE,08:00,22:00
2510,84,2026-09-20,AVAILABLE,08:00,22:00
2511,84,2026-09-21,AVAILABLE,08:00,22:00
2512,84,2026-09-22,AVAILABLE,08:00,22:00
2513,84,2026-09-23,UNAVAILABLE,08:00,22:00
2514,84,2026-09-24,LEAVE,08:00,22:00
2515,84,2026-09-25,AVAILABLE,08:00,22:00
2516,84,2026-09-26,UNAVAILABLE,08:00,22:00
2517,84,2026-09-27,AVAILABLE,08:00,22:00
2518,84,2026-09-28,AVAILABLE,08:00,22:00
2519,84,2026-09-29,AVAILABLE,08:00,22:00
2520,84,2026-09-30,AVAILABLE,08:00,22:00
2521,85,2026-09-01,AVAILABLE,08:00,22:00
2522,85,2026-09-02,AVAILABLE,08:00,22:00
2523,85,2026-09-03,AVAILABLE,08:00,22:00
2524,85,2026-09-04,AVAILABLE,08:00,22:00
2525,85,2026-09-05,UNAVAILABLE,08:00,22:00
2526,85,2026-09-06,AVAILABLE,08:00,22:00
2527,85,2026-09-07,AVAILABLE,08:00,22:00
2528,85,2026-09-08,UNAVAILABLE,08:00,22:00
2529,85,2026-09-09,UNAVAILABLE,08:00,22:00
2530,85,2026-09-10,AVAILABLE,08:00,22:00
2531,85,2026-09-11,AVAILABLE,08:00,22:00
2532,85,2026-09-12,AVAILABLE,08:00,22:00
2533,85,2026-09-13,AVAILABLE,08:00,22:00
2534,85,2026-09-14,AVAILABLE,08:00,22:00
2535,85,2026-09-15,UNAVAILABLE,08:00,22:00
2536,85,2026-09-16,AVAILABLE,08:00,22:00
2537,85,2026-09-17,AVAILABLE,08:00,22:00
2538,85,2026-09-18,AVAILABLE,08:00,22:00
2539,85,2026-09-19,AVAILABLE,08:00,22:00
2540,85,2026-09-20,AVAILABLE,08:00,22:00
2541,85,2026-09-21,AVAILABLE,08:00,22:00
2542,85,2026-09-22,AVAILABLE,08:00,22:00
2543,85,2026-09-23,UNAVAILABLE,08:00,22:00
2544,85,2026-09-24,AVAILABLE,08:00,22:00
2545,85,2026-09-25,AVAILABLE,08:00,22:00
2546,85,2026-09-26,AVAILABLE,08:00,22:00
2547,85,2026-09-27,AVAILABLE,08:00,22:00
2548,85,2026-09-28,AVAILABLE,08:00,22:00
2549,85,2026-09-29,AVAILABLE,08:00,22:00
2550,85,2026-09-30,AVAILABLE,08:00,22:00
2551,86,2026-09-01,AVAILABLE,08:00,22:00
2552,86,2026-09-02,AVAILABLE,08:00,22:00
2553,86,2026-09-03,AVAILABLE,08:00,22:00
2554,86,2026-09-04,UNAVAILABLE,08:00,22:00
2555,86,2026-09-05,AVAILABLE,08:00,22:00
2556,86,2026-09-06,AVAILABLE,08:00,22:00
2557,86,2026-09-07,AVAILABLE,08:00,22:00
2558,86,2026-09-08,AVAILABLE,08:00,22:00
2559,86,2026-09-09,LEAVE,08:00,22:00
2560,86,2026-09-10,AVAILABLE,08:00,22:00
2561,86,2026-09-11,AVAILABLE,08:00,22:00
2562,86,2026-09-12,AVAILABLE,08:00,22:00
2563,86,2026-09-13,AVAILABLE,08:00,22:00
2564,86,2026-09-14,UNAVAILABLE,08:00,22:00
2565,86,2026-09-15,AVAILABLE,08:00,22:00
2566,86,2026-09-16,AVAILABLE,08:00,22:00
2567,86,2026-09-17,AVAILABLE,08:00,22:00
2568,86,2026-09-18,AVAILABLE,08:00,22:00
2569,86,2026-09-19,AVAILABLE,08:00,22:00
2570,86,2026-09-20,UNAVAILABLE,08:00,22:00
2571,86,2026-09-21,AVAILABLE,08:00,22:00
2572,86,2026-09-22,AVAILABLE,08:00,22:00
2573,86,2026-09-23,LEAVE,08:00,22:00
2574,86,2026-09-24,AVAILABLE,08:00,22:00
2575,86,2026-09-25,AVAILABLE,08:00,22:00
2576,86,2026-09-26,LEAVE,08:00,22:00
2577,86,2026-09-27,LEAVE,08:00,22:00
2578,86,2026-09-28,AVAILABLE,08:00,22:00
2579,86,2026-09-29,AVAILABLE,08:00,22:00
2580,86,2026-09-30,AVAILABLE,08:00,22:00
2581,87,2026-09-01,AVAILABLE,08:00,22:00
2582,87,2026-09-02,UNAVAILABLE,08:00,22:00
2583,87,2026-09-03,AVAILABLE,08:00,22:00
2584,87,2026-09-04,LEAVE,08:00,22:00
2585,87,2026-09-05,AVAILABLE,08:00,22:00
2586,87,2026-09-06,UNAVAILABLE,08:00,22:00
2587,87,2026-09-07,AVAILABLE,08:00,22:00
2588,87,2026-09-08,AVAILABLE,08:00,22:00
2589,87,2026-09-09,UNAVAILABLE,08:00,22:00
2590,87,2026-09-10,UNAVAILABLE,08:00,22:00
2591,87,2026-09-11,AVAILABLE,08:00,22:00
2592,87,2026-09-12,AVAILABLE,08:00,22:00
2593,87,2026-09-13,AVAILABLE,08:00,22:00
2594,87,2026-09-14,AVAILABLE,08:00,22:00
2595,87,2026-09-15,UNAVAILABLE,08:00,22:00
2596,87,2026-09-16,AVAILABLE,08:00,22:00
2597,87,2026-09-17,AVAILABLE,08:00,22:00
2598,87,2026-09-18,LEAVE,08:00,22:00
2599,87,2026-09-19,AVAILABLE,08:00,22:00
2600,87,2026-09-20,AVAILABLE,08:00,22:00
2601,87,2026-09-21,AVAILABLE,08:00,22:00
2602,87,2026-09-22,LEAVE,08:00,22:00
2603,87,2026-09-23,UNAVAILABLE,08:00,22:00
2604,87,2026-09-24,AVAILABLE,08:00,22:00
2605,87,2026-09-25,AVAILABLE,08:00,22:00
2606,87,2026-09-26,AVAILABLE,08:00,22:00
2607,87,2026-09-27,AVAILABLE,08:00,22:00
2608,87,2026-09-28,AVAILABLE,08:00,22:00
2609,87,2026-09-29,AVAILABLE,08:00,22:00
2610,87,2026-09-30,AVAILABLE,08:00,22:00
2611,88,2026-09-01,AVAILABLE,08:00,22:00
2612,88,2026-09-02,UNAVAILABLE,08:00,22:00
2613,88,2026-09-03,AVAILABLE,08:00,22:00
2614,88,2026-09-04,AVAILABLE,08:00,22:00
2615,88,2026-09-05,AVAILABLE,08:00,22:00
2616,88,2026-09-06,UNAVAILABLE,08:00,22:00
2617,88,2026-09-07,UNAVAILABLE,08:00,22:00
2618,88,2026-09-08,AVAILABLE,08:00,22:00
2619,88,2026-09-09,AVAILABLE,08:00,22:00
2620,88,2026-09-10,AVAILABLE,08:00,22:00
2621,88,2026-09-11,UNAVAILABLE,08:00,22:00
2622,88,2026-09-12,AVAILABLE,08:00,22:00
2623,88,2026-09-13,UNAVAILABLE,08:00,22:00
2624,88,2026-09-14,UNAVAILABLE,08:00,22:00
2625,88,2026-09-15,LEAVE,08:00,22:00
2626,88,2026-09-16,AVAILABLE,08:00,22:00
2627,88,2026-09-17,LEAVE,08:00,22:00
2628,88,2026-09-18,AVAILABLE,08:00,22:00
2629,88,2026-09-19,AVAILABLE,08:00,22:00
2630,88,2026-09-20,AVAILABLE,08:00,22:00
2631,88,2026-09-21,AVAILABLE,08:00,22:00
2632,88,2026-09-22,AVAILABLE,08:00,22:00
2633,88,2026-09-23,LEAVE,08:00,22:00
2634,88,2026-09-24,AVAILABLE,08:00,22:00
2635,88,2026-09-25,LEAVE,08:00,22:00
2636,88,2026-09-26,AVAILABLE,08:00,22:00
2637,88,2026-09-27,AVAILABLE,08:00,22:00
2638,88,2026-09-28,LEAVE,08:00,22:00
2639,88,2026-09-29,AVAILABLE,08:00,22:00
2640,88,2026-09-30,UNAVAILABLE,08:00,22:00
2641,89,2026-09-01,AVAILABLE,08:00,22:00
2642,89,2026-09-02,AVAILABLE,08:00,22:00
2643,89,2026-09-03,AVAILABLE,08:00,22:00
2644,89,2026-09-04,AVAILABLE,08:00,22:00
2645,89,2026-09-05,AVAILABLE,08:00,22:00
2646,89,2026-09-06,AVAILABLE,08:00,22:00
2647,89,2026-09-07,AVAILABLE,08:00,22:00
2648,89,2026-09-08,AVAILABLE,08:00,22:00
2649,89,2026-09-09,LEAVE,08:00,22:00
2650,89,2026-09-10,LEAVE,08:00,22:00
2651,89,2026-09-11,AVAILABLE,08:00,22:00
2652,89,2026-09-12,LEAVE,08:00,22:00
2653,89,2026-09-13,LEAVE,08:00,22:00
2654,89,2026-09-14,AVAILABLE,08:00,22:00
2655,89,2026-09-15,AVAILABLE,08:00,22:00
2656,89,2026-09-16,UNAVAILABLE,08:00,22:00
2657,89,2026-09-17,LEAVE,08:00,22:00
2658,89,2026-09-18,AVAILABLE,08:00,22:00
2659,89,2026-09-19,AVAILABLE,08:00,22:00
2660,89,2026-09-20,UNAVAILABLE,08:00,22:00
2661,89,2026-09-21,AVAILABLE,08:00,22:00
2662,89,2026-09-22,AVAILABLE,08:00,22:00
2663,89,2026-09-23,AVAILABLE,08:00,22:00
2664,89,2026-09-24,LEAVE,08:00,22:00
2665,89,2026-09-25,AVAILABLE,08:00,22:00
2666,89,2026-09-26,UNAVAILABLE,08:00,22:00
2667,89,2026-09-27,AVAILABLE,08:00,22:00
2668,89,2026-09-28,AVAILABLE,08:00,22:00
2669,89,2026-09-29,AVAILABLE,08:00,22:00
2670,89,2026-09-30,UNAVAILABLE,08:00,22:00
2671,90,2026-09-01,AVAILABLE,08:00,22:00
2672,90,2026-09-02,AVAILABLE,08:00,22:00
2673,90,2026-09-03,AVAILABLE,08:00,22:00
2674,90,2026-09-04,AVAILABLE,08:00,22:00
2675,90,2026-09-05,AVAILABLE,08:00,22:00
2676,90,2026-09-06,AVAILABLE,08:00,22:00
2677,90,2026-09-07,AVAILABLE,08:00,22:00
2678,90,2026-09-08,AVAILABLE,08:00,22:00
2679,90,2026-09-09,AVAILABLE,08:00,22:00
2680,90,2026-09-10,LEAVE,08:00,22:00
2681,90,2026-09-11,UNAVAILABLE,08:00,22:00
2682,90,2026-09-12,AVAILABLE,08:00,22:00
2683,90,2026-09-13,AVAILABLE,08:00,22:00
2684,90,2026-09-14,AVAILABLE,08:00,22:00
2685,90,2026-09-15,AVAILABLE,08:00,22:00
2686,90,2026-09-16,AVAILABLE,08:00,22:00
2687,90,2026-09-17,UNAVAILABLE,08:00,22:00
2688,90,2026-09-18,AVAILABLE,08:00,22:00
2689,90,2026-09-19,AVAILABLE,08:00,22:00
2690,90,2026-09-20,AVAILABLE,08:00,22:00
2691,90,2026-09-21,AVAILABLE,08:00,22:00
2692,90,2026-09-22,UNAVAILABLE,08:00,22:00
2693,90,2026-09-23,AVAILABLE,08:00,22:00
2694,90,2026-09-24,AVAILABLE,08:00,22:00
2695,90,2026-09-25,LEAVE,08:00,22:00
2696,90,2026-09-26,AVAILABLE,08:00,22:00
2697,90,2026-09-27,AVAILABLE,08:00,22:00
2698,90,2026-09-28,AVAILABLE,08:00,22:00
2699,90,2026-09-29,AVAILABLE,08:00,22:00
2700,90,2026-09-30,AVAILABLE,08:00,22:00
2701,91,2026-09-01,UNAVAILABLE,08:00,22:00
2702,91,2026-09-02,AVAILABLE,08:00,22:00
2703,91,2026-09-03,AVAILABLE,08:00,22:00
2704,91,2026-09-04,AVAILABLE,08:00,22:00
2705,91,2026-09-05,AVAILABLE,08:00,22:00
2706,91,2026-09-06,AVAILABLE,08:00,22:00
2707,91,2026-09-07,LEAVE,08:00,22:00
2708,91,2026-09-08,AVAILABLE,08:00,22:00
2709,91,2026-09-09,UNAVAILABLE,08:00,22:00
2710,91,2026-09-10,AVAILABLE,08:00,22:00
2711,91,2026-09-11,AVAILABLE,08:00,22:00
2712,91,2026-09-12,AVAILABLE,08:00,22:00
2713,91,2026-09-13,AVAILABLE,08:00,22:00
2714,91,2026-09-14,AVAILABLE,08:00,22:00
2715,91,2026-09-15,AVAILABLE,08:00,22:00
2716,91,2026-09-16,AVAILABLE,08:00,22:00
2717,91,2026-09-17,AVAILABLE,08:00,22:00
2718,91,2026-09-18,AVAILABLE,08:00,22:00
2719,91,2026-09-19,AVAILABLE,08:00,22:00
2720,91,2026-09-20,AVAILABLE,08:00,22:00
2721,91,2026-09-21,AVAILABLE,08:00,22:00
2722,91,2026-09-22,UNAVAILABLE,08:00,22:00
2723,91,2026-09-23,AVAILABLE,08:00,22:00
2724,91,2026-09-24,AVAILABLE,08:00,22:00
2725,91,2026-09-25,AVAILABLE,08:00,22:00
2726,91,2026-09-26,AVAILABLE,08:00,22:00
2727,91,2026-09-27,AVAILABLE,08:00,22:00
2728,91,2026-09-28,AVAILABLE,08:00,22:00
2729,91,2026-09-29,AVAILABLE,08:00,22:00
2730,91,2026-09-30,AVAILABLE,08:00,22:00
2731,92,2026-09-01,AVAILABLE,08:00,22:00
2732,92,2026-09-02,AVAILABLE,08:00,22:00
2733,92,2026-09-03,AVAILABLE,08:00,22:00
2734,92,2026-09-04,UNAVAILABLE,08:00,22:00
2735,92,2026-09-05,AVAILABLE,08:00,22:00
2736,92,2026-09-06,AVAILABLE,08:00,22:00
2737,92,2026-09-07,AVAILABLE,08:00,22:00
2738,92,2026-09-08,AVAILABLE,08:00,22:00
2739,92,2026-09-09,AVAILABLE,08:00,22:00
2740,92,2026-09-10,AVAILABLE,08:00,22:00
2741,92,2026-09-11,AVAILABLE,08:00,22:00
2742,92,2026-09-12,UNAVAILABLE,08:00,22:00
2743,92,2026-09-13,AVAILABLE,08:00,22:00
2744,92,2026-09-14,AVAILABLE,08:00,22:00
2745,92,2026-09-15,AVAILABLE,08:00,22:00
2746,92,2026-09-16,AVAILABLE,08:00,22:00
2747,92,2026-09-17,AVAILABLE,08:00,22:00
2748,92,2026-09-18,AVAILABLE,08:00,22:00
2749,92,2026-09-19,AVAILABLE,08:00,22:00
2750,92,2026-09-20,AVAILABLE,08:00,22:00
2751,92,2026-09-21,AVAILABLE,08:00,22:00
2752,92,2026-09-22,AVAILABLE,08:00,22:00
2753,92,2026-09-23,AVAILABLE,08:00,22:00
2754,92,2026-09-24,AVAILABLE,08:00,22:00
2755,92,2026-09-25,LEAVE,08:00,22:00
2756,92,2026-09-26,AVAILABLE,08:00,22:00
2757,92,2026-09-27,AVAILABLE,08:00,22:00
2758,92,2026-09-28,UNAVAILABLE,08:00,22:00
2759,92,2026-09-29,AVAILABLE,08:00,22:00
2760,92,2026-09-30,AVAILABLE,08:00,22:00
2761,93,2026-09-01,AVAILABLE,08:00,22:00
2762,93,2026-09-02,UNAVAILABLE,08:00,22:00
2763,93,2026-09-03,AVAILABLE,08:00,22:00
2764,93,2026-09-04,UNAVAILABLE,08:00,22:00
2765,93,2026-09-05,AVAILABLE,08:00,22:00
2766,93,2026-09-06,AVAILABLE,08:00,22:00
2767,93,2026-09-07,UNAVAILABLE,08:00,22:00
2768,93,2026-09-08,AVAILABLE,08:00,22:00
2769,93,2026-09-09,AVAILABLE,08:00,22:00
2770,93,2026-09-10,UNAVAILABLE,08:00,22:00
2771,93,2026-09-11,AVAILABLE,08:00,22:00
2772,93,2026-09-12,AVAILABLE,08:00,22:00
2773,93,2026-09-13,AVAILABLE,08:00,22:00
2774,93,2026-09-14,AVAILABLE,08:00,22:00
2775,93,2026-09-15,AVAILABLE,08:00,22:00
2776,93,2026-09-16,AVAILABLE,08:00,22:00
2777,93,2026-09-17,LEAVE,08:00,22:00
2778,93,2026-09-18,LEAVE,08:00,22:00
2779,93,2026-09-19,AVAILABLE,08:00,22:00
2780,93,2026-09-20,AVAILABLE,08:00,22:00
2781,93,2026-09-21,AVAILABLE,08:00,22:00
2782,93,2026-09-22,LEAVE,08:00,22:00
2783,93,2026-09-23,AVAILABLE,08:00,22:00
2784,93,2026-09-24,LEAVE,08:00,22:00
2785,93,2026-09-25,AVAILABLE,08:00,22:00
2786,93,2026-09-26,UNAVAILABLE,08:00,22:00
2787,93,2026-09-27,AVAILABLE,08:00,22:00
2788,93,2026-09-28,UNAVAILABLE,08:00,22:00
2789,93,2026-09-29,UNAVAILABLE,08:00,22:00
2790,93,2026-09-30,AVAILABLE,08:00,22:00
2791,94,2026-09-01,AVAILABLE,08:00,22:00
2792,94,2026-09-02,AVAILABLE,08:00,22:00
2793,94,2026-09-03,AVAILABLE,08:00,22:00
2794,94,2026-09-04,AVAILABLE,08:00,22:00
2795,94,2026-09-05,AVAILABLE,08:00,22:00
2796,94,2026-09-06,UNAVAILABLE,08:00,22:00
2797,94,2026-09-07,AVAILABLE,08:00,22:00
2798,94,2026-09-08,AVAILABLE,08:00,22:00
2799,94,2026-09-09,AVAILABLE,08:00,22:00
2800,94,2026-09-10,AVAILABLE,08:00,22:00
2801,94,2026-09-11,AVAILABLE,08:00,22:00
2802,94,2026-09-12,AVAILABLE,08:00,22:00
2803,94,2026-09-13,AVAILABLE,08:00,22:00
2804,94,2026-09-14,AVAILABLE,08:00,22:00
2805,94,2026-09-15,UNAVAILABLE,08:00,22:00
2806,94,2026-09-16,UNAVAILABLE,08:00,22:00
2807,94,2026-09-17,AVAILABLE,08:00,22:00
2808,94,2026-09-18,AVAILABLE,08:00,22:00
2809,94,2026-09-19,AVAILABLE,08:00,22:00
2810,94,2026-09-20,AVAILABLE,08:00,22:00
2811,94,2026-09-21,AVAILABLE,08:00,22:00
2812,94,2026-09-22,AVAILABLE,08:00,22:00
2813,94,2026-09-23,AVAILABLE,08:00,22:00
2814,94,2026-09-24,AVAILABLE,08:00,22:00
2815,94,2026-09-25,AVAILABLE,08:00,22:00
2816,94,2026-09-26,AVAILABLE,08:00,22:00
2817,94,2026-09-27,AVAILABLE,08:00,22:00
2818,94,2026-09-28,AVAILABLE,08:00,22:00
2819,94,2026-09-29,AVAILABLE,08:00,22:00
2820,94,2026-09-30,AVAILABLE,08:00,22:00
2821,95,2026-09-01,AVAILABLE,08:00,22:00
2822,95,2026-09-02,UNAVAILABLE,08:00,22:00
2823,95,2026-09-03,AVAILABLE,08:00,22:00
2824,95,2026-09-04,AVAILABLE,08:00,22:00
2825,95,2026-09-05,AVAILABLE,08:00,22:00
2826,95,2026-09-06,UNAVAILABLE,08:00,22:00
2827,95,2026-09-07,UNAVAILABLE,08:00,22:00
2828,95,2026-09-08,AVAILABLE,08:00,22:00
2829,95,2026-09-09,AVAILABLE,08:00,22:00
2830,95,2026-09-10,AVAILABLE,08:00,22:00
2831,95,2026-09-11,AVAILABLE,08:00,22:00
2832,95,2026-09-12,AVAILABLE,08:00,22:00
2833,95,2026-09-13,AVAILABLE,08:00,22:00
2834,95,2026-09-14,AVAILABLE,08:00,22:00
2835,95,2026-09-15,UNAVAILABLE,08:00,22:00
2836,95,2026-09-16,AVAILABLE,08:00,22:00
2837,95,2026-09-17,LEAVE,08:00,22:00
2838,95,2026-09-18,AVAILABLE,08:00,22:00
2839,95,2026-09-19,UNAVAILABLE,08:00,22:00
2840,95,2026-09-20,AVAILABLE,08:00,22:00
2841,95,2026-09-21,AVAILABLE,08:00,22:00
2842,95,2026-09-22,AVAILABLE,08:00,22:00
2843,95,2026-09-23,AVAILABLE,08:00,22:00
2844,95,2026-09-24,AVAILABLE,08:00,22:00
2845,95,2026-09-25,UNAVAILABLE,08:00,22:00
2846,95,2026-09-26,AVAILABLE,08:00,22:00
2847,95,2026-09-27,AVAILABLE,08:00,22:00
2848,95,2026-09-28,UNAVAILABLE,08:00,22:00
2849,95,2026-09-29,UNAVAILABLE,08:00,22:00
2850,95,2026-09-30,AVAILABLE,08:00,22:00
2851,96,2026-09-01,AVAILABLE,08:00,22:00
2852,96,2026-09-02,AVAILABLE,08:00,22:00
2853,96,2026-09-03,AVAILABLE,08:00,22:00
2854,96,2026-09-04,AVAILABLE,08:00,22:00
2855,96,2026-09-05,UNAVAILABLE,08:00,22:00
2856,96,2026-09-06,UNAVAILABLE,08:00,22:00
2857,96,2026-09-07,AVAILABLE,08:00,22:00
2858,96,2026-09-08,AVAILABLE,08:00,22:00
2859,96,2026-09-09,UNAVAILABLE,08:00,22:00
2860,96,2026-09-10,UNAVAILABLE,08:00,22:00
2861,96,2026-09-11,AVAILABLE,08:00,22:00
2862,96,2026-09-12,AVAILABLE,08:00,22:00
2863,96,2026-09-13,UNAVAILABLE,08:00,22:00
2864,96,2026-09-14,AVAILABLE,08:00,22:00
2865,96,2026-09-15,AVAILABLE,08:00,22:00
2866,96,2026-09-16,UNAVAILABLE,08:00,22:00
2867,96,2026-09-17,AVAILABLE,08:00,22:00
2868,96,2026-09-18,AVAILABLE,08:00,22:00
2869,96,2026-09-19,AVAILABLE,08:00,22:00
2870,96,2026-09-20,AVAILABLE,08:00,22:00
2871,96,2026-09-21,AVAILABLE,08:00,22:00
2872,96,2026-09-22,AVAILABLE,08:00,22:00
2873,96,2026-09-23,AVAILABLE,08:00,22:00
2874,96,2026-09-24,UNAVAILABLE,08:00,22:00
2875,96,2026-09-25,AVAILABLE,08:00,22:00
2876,96,2026-09-26,AVAILABLE,08:00,22:00
2877,96,2026-09-27,AVAILABLE,08:00,22:00
2878,96,2026-09-28,UNAVAILABLE,08:00,22:00
2879,96,2026-09-29,AVAILABLE,08:00,22:00
2880,96,2026-09-30,AVAILABLE,08:00,22:00
2881,97,2026-09-01,AVAILABLE,08:00,22:00
2882,97,2026-09-02,AVAILABLE,08:00,22:00
2883,97,2026-09-03,AVAILABLE,08:00,22:00
2884,97,2026-09-04,AVAILABLE,08:00,22:00
2885,97,2026-09-05,LEAVE,08:00,22:00
2886,97,2026-09-06,UNAVAILABLE,08:00,22:00
2887,97,2026-09-07,AVAILABLE,08:00,22:00
2888,97,2026-09-08,AVAILABLE,08:00,22:00
2889,97,2026-09-09,AVAILABLE,08:00,22:00
2890,97,2026-09-10,AVAILABLE,08:00,22:00
2891,97,2026-09-11,AVAILABLE,08:00,22:00
2892,97,2026-09-12,AVAILABLE,08:00,22:00
2893,97,2026-09-13,AVAILABLE,08:00,22:00
2894,97,2026-09-14,AVAILABLE,08:00,22:00
2895,97,2026-09-15,UNAVAILABLE,08:00,22:00
2896,97,2026-09-16,AVAILABLE,08:00,22:00
2897,97,2026-09-17,AVAILABLE,08:00,22:00
2898,97,2026-09-18,AVAILABLE,08:00,22:00
2899,97,2026-09-19,AVAILABLE,08:00,22:00
2900,97,2026-09-20,AVAILABLE,08:00,22:00
2901,97,2026-09-21,AVAILABLE,08:00,22:00
2902,97,2026-09-22,LEAVE,08:00,22:00
2903,97,2026-09-23,AVAILABLE,08:00,22:00
2904,97,2026-09-24,AVAILABLE,08:00,22:00
2905,97,2026-09-25,AVAILABLE,08:00,22:00
2906,97,2026-09-26,AVAILABLE,08:00,22:00
2907,97,2026-09-27,AVAILABLE,08:00,22:00
2908,97,2026-09-28,AVAILABLE,08:00,22:00
2909,97,2026-09-29,AVAILABLE,08:00,22:00
2910,97,2026-09-30,UNAVAILABLE,08:00,22:00
2911,98,2026-09-01,AVAILABLE,08:00,22:00
2912,98,2026-09-02,AVAILABLE,08:00,22:00
2913,98,2026-09-03,AVAILABLE,08:00,22:00
2914,98,2026-09-04,AVAILABLE,08:00,22:00
2915,98,2026-09-05,UNAVAILABLE,08:00,22:00
2916,98,2026-09-06,AVAILABLE,08:00,22:00
2917,98,2026-09-07,AVAILABLE,08:00,22:00
2918,98,2026-09-08,AVAILABLE,08:00,22:00
2919,98,2026-09-09,AVAILABLE,08:00,22:00
2920,98,2026-09-10,AVAILABLE,08:00,22:00
2921,98,2026-09-11,AVAILABLE,08:00,22:00
2922,98,2026-09-12,LEAVE,08:00,22:00
2923,98,2026-09-13,AVAILABLE,08:00,22:00
2924,98,2026-09-14,UNAVAILABLE,08:00,22:00
2925,98,2026-09-15,AVAILABLE,08:00,22:00
2926,98,2026-09-16,AVAILABLE,08:00,22:00
2927,98,2026-09-17,UNAVAILABLE,08:00,22:00
2928,98,2026-09-18,AVAILABLE,08:00,22:00
2929,98,2026-09-19,AVAILABLE,08:00,22:00
2930,98,2026-09-20,AVAILABLE,08:00,22:00
2931,98,2026-09-21,UNAVAILABLE,08:00,22:00
2932,98,2026-09-22,AVAILABLE,08:00,22:00
2933,98,2026-09-23,AVAILABLE,08:00,22:00
2934,98,2026-09-24,AVAILABLE,08:00,22:00
2935,98,2026-09-25,AVAILABLE,08:00,22:00
2936,98,2026-09-26,AVAILABLE,08:00,22:00
2937,98,2026-09-27,AVAILABLE,08:00,22:00
2938,98,2026-09-28,AVAILABLE,08:00,22:00
2939,98,2026-09-29,LEAVE,08:00,22:00
2940,98,2026-09-30,AVAILABLE,08:00,22:00
2941,99,2026-09-01,AVAILABLE,08:00,22:00
2942,99,2026-09-02,AVAILABLE,08:00,22:00
2943,99,2026-09-03,AVAILABLE,08:00,22:00
2944,99,2026-09-04,AVAILABLE,08:00,22:00
2945,99,2026-09-05,AVAILABLE,08:00,22:00
2946,99,2026-09-06,AVAILABLE,08:00,22:00
2947,99,2026-09-07,AVAILABLE,08:00,22:00
2948,99,2026-09-08,AVAILABLE,08:00,22:00
2949,99,2026-09-09,AVAILABLE,08:00,22:00
2950,99,2026-09-10,AVAILABLE,08:00,22:00
2951,99,2026-09-11,UNAVAILABLE,08:00,22:00
2952,99,2026-09-12,AVAILABLE,08:00,22:00
2953,99,2026-09-13,AVAILABLE,08:00,22:00
2954,99,2026-09-14,UNAVAILABLE,08:00,22:00
2955,99,2026-09-15,UNAVAILABLE,08:00,22:00
2956,99,2026-09-16,UNAVAILABLE,08:00,22:00
2957,99,2026-09-17,AVAILABLE,08:00,22:00
2958,99,2026-09-18,AVAILABLE,08:00,22:00
2959,99,2026-09-19,AVAILABLE,08:00,22:00
2960,99,2026-09-20,AVAILABLE,08:00,22:00
2961,99,2026-09-21,AVAILABLE,08:00,22:00
2962,99,2026-09-22,AVAILABLE,08:00,22:00
2963,99,2026-09-23,AVAILABLE,08:00,22:00
2964,99,2026-09-24,AVAILABLE,08:00,22:00
2965,99,2026-09-25,AVAILABLE,08:00,22:00
2966,99,2026-09-26,AVAILABLE,08:00,22:00
2967,99,2026-09-27,AVAILABLE,08:00,22:00
2968,99,2026-09-28,AVAILABLE,08:00,22:00
2969,99,2026-09-29,AVAILABLE,08:00,22:00
2970,99,2026-09-30,AVAILABLE,08:00,22:00
2971,100,2026-09-01,AVAILABLE,08:00,22:00
2972,100,2026-09-02,AVAILABLE,08:00,22:00
2973,100,2026-09-03,AVAILABLE,08:00,22:00
2974,100,2026-09-04,UNAVAILABLE,08:00,22:00
2975,100,2026-09-05,AVAILABLE,08:00,22:00
2976,100,2026-09-06,UNAVAILABLE,08:00,22:00
2977,100,2026-09-07,AVAILABLE,08:00,22:00
2978,100,2026-09-08,LEAVE,08:00,22:00
2979,100,2026-09-09,AVAILABLE,08:00,22:00
2980,100,2026-09-10,UNAVAILABLE,08:00,22:00
2981,100,2026-09-11,AVAILABLE,08:00,22:00
2982,100,2026-09-12,UNAVAILABLE,08:00,22:00
2983,100,2026-09-13,AVAILABLE,08:00,22:00
2984,100,2026-09-14,AVAILABLE,08:00,22:00
2985,100,2026-09-15,AVAILABLE,08:00,22:00
2986,100,2026-09-16,UNAVAILABLE,08:00,22:00
2987,100,2026-09-17,AVAILABLE,08:00,22:00
2988,100,2026-09-18,AVAILABLE,08:00,22:00
2989,100,2026-09-19,AVAILABLE,08:00,22:00
2990,100,2026-09-20,AVAILABLE,08:00,22:00
2991,100,2026-09-21,UNAVAILABLE,08:00,22:00
2992,100,2026-09-22,AVAILABLE,08:00,22:00
2993,100,2026-09-23,AVAILABLE,08:00,22:00
2994,100,2026-09-24,AVAILABLE,08:00,22:00
2995,100,2026-09-25,AVAILABLE,08:00,22:00
2996,100,2026-09-26,AVAILABLE,08:00,22:00
2997,100,2026-09-27,AVAILABLE,08:00,22:00
2998,100,2026-09-28,AVAILABLE,08:00,22:00
2999,100,2026-09-29,AVAILABLE,08:00,22:00
3000,100,2026-09-30,AVAILABLE,08:00,22:00
